{"type":"FeatureCollection","features":[{"type":"Feature","id":"09007","geometry":{"type":"MultiPolygon","coordinates":[[[[119.964328,25.946379],[119.963471,25.946989],[119.962047,25.945464],[119.96299,25.945162],[119.960923,25.942375],[119.96142,25.941003],[119.964155,25.942648],[119.964328,25.946379]]],[[[119.984845,25.970586],[119.981991,25.969018],[119.983047,25.967249],[119.981841,25.966465],[119.97851,25.967191],[119.978329,25.968507],[119.971521,25.967057],[119.969545,25.960454],[119.966248,25.958403],[119.962195,25.958108],[119.96501,25.958235],[119.965605,25.956301],[119.962164,25.950125],[119.960584,25.950033],[119.963018,25.948694],[119.964943,25.949206],[119.965296,25.950983],[119.967427,25.951263],[119.971481,25.956623],[119.973938,25.953328],[119.974684,25.955272],[119.978956,25.956195],[119.978567,25.959653],[119.984938,25.962503],[119.983682,25.964211],[119.988599,25.968127],[119.987358,25.968858],[119.987982,25.970363],[119.984845,25.970586]]],[[[119.966674,25.974674],[119.964945,25.974127],[119.964384,25.971151],[119.967209,25.971686],[119.966674,25.974674]]],[[[119.975786,25.975921],[119.974444,25.974793],[119.973985,25.970256],[119.977283,25.9741],[119.975786,25.975921]]],[[[119.944595,25.982095],[119.940015,25.981996],[119.938864,25.980683],[119.937291,25.981753],[119.933405,25.97997],[119.931229,25.98168],[119.92477,25.980466],[119.924011,25.979237],[119.92872,25.971089],[119.931843,25.971562],[119.933615,25.969452],[119.931557,25.967472],[119.93503,25.967744],[119.938317,25.970675],[119.937203,25.971778],[119.93849,25.973384],[119.94194,25.972923],[119.947719,25.978163],[119.948012,25.981715],[119.945076,25.980681],[119.944595,25.982095]]],[[[120.403236,26.159042],[120.402135,26.157894],[120.402895,26.156486],[120.406478,26.155471],[120.40476,26.158044],[120.403125,26.157868],[120.403236,26.159042]]],[[[119.966879,26.167487],[119.967884,26.168734],[119.965034,26.167002],[119.966879,26.167487]]],[[[119.972837,26.168422],[119.970728,26.167222],[119.97049,26.161744],[119.973915,26.166205],[119.972331,26.165822],[119.972837,26.168422]]],[[[119.917034,26.175174],[119.915639,26.172619],[119.916909,26.171453],[119.915163,26.169442],[119.919165,26.167194],[119.917592,26.162689],[119.915015,26.162865],[119.912509,26.15959],[119.915387,26.16011],[119.91767,26.157894],[119.913983,26.154674],[119.915156,26.153261],[119.910747,26.149735],[119.908905,26.145345],[119.91014,26.144143],[119.913036,26.145258],[119.912621,26.142565],[119.916838,26.141089],[119.92348,26.141997],[119.924364,26.14095],[119.923329,26.13821],[119.92443,26.13778],[119.927713,26.139872],[119.930411,26.139786],[119.928819,26.141591],[119.932002,26.144549],[119.933588,26.143945],[119.934441,26.145688],[119.937247,26.145792],[119.938032,26.142888],[119.941994,26.143253],[119.946517,26.14673],[119.946267,26.148393],[119.948767,26.148553],[119.948443,26.152067],[119.949969,26.153542],[119.953276,26.152334],[119.951582,26.151461],[119.954022,26.152114],[119.955308,26.150733],[119.957304,26.152251],[119.959427,26.157555],[119.962187,26.158418],[119.963687,26.162075],[119.962896,26.163748],[119.965193,26.166484],[119.96067,26.168301],[119.956632,26.167962],[119.953612,26.164207],[119.953081,26.167433],[119.951163,26.168211],[119.944403,26.164972],[119.939629,26.165839],[119.941867,26.158903],[119.935832,26.154227],[119.934978,26.159531],[119.931151,26.158145],[119.929874,26.159406],[119.930277,26.160604],[119.931463,26.159987],[119.930483,26.162067],[119.927951,26.160184],[119.923932,26.162053],[119.925825,26.170086],[119.928403,26.169791],[119.928287,26.171989],[119.922187,26.171777],[119.920298,26.172848],[119.919955,26.175048],[119.917034,26.175174]]],[[[119.948353,26.194324],[119.949059,26.195575],[119.947233,26.194993],[119.948353,26.194324]]],[[[120.01292,26.209679],[120.014705,26.211155],[120.012596,26.211659],[120.010907,26.210428],[120.01292,26.209679]]],[[[120.012425,26.214105],[120.012082,26.212582],[120.014995,26.213247],[120.012425,26.214105]]],[[[119.99642,26.238083],[119.993172,26.236467],[119.99325,26.233971],[119.988414,26.230789],[119.983253,26.22498],[119.978735,26.22601],[119.971563,26.220913],[119.96744,26.221246],[119.967394,26.219093],[119.969092,26.218209],[119.968596,26.215399],[119.971064,26.212432],[119.965605,26.204891],[119.96671,26.203445],[119.965537,26.20255],[119.96653,26.193975],[119.971278,26.19524],[119.973203,26.194511],[119.973542,26.192308],[119.975993,26.193248],[119.975546,26.194818],[119.972886,26.194813],[119.973578,26.197598],[119.97138,26.199382],[119.972898,26.201452],[119.971471,26.207511],[119.972877,26.209256],[119.972551,26.211863],[119.975851,26.215195],[119.977677,26.214825],[119.983859,26.218662],[119.987069,26.21868],[119.989372,26.217715],[119.989035,26.215053],[119.990233,26.214441],[119.993065,26.218628],[119.99691,26.21815],[119.99835,26.222623],[120.000643,26.22196],[119.99904,26.219534],[120.000224,26.218721],[120.003347,26.222923],[120.007011,26.222266],[120.009639,26.214761],[120.011635,26.21438],[120.012681,26.217848],[120.010395,26.218244],[120.009805,26.219668],[120.014484,26.223486],[120.013247,26.224525],[120.015386,26.227787],[120.010496,26.228459],[120.006564,26.226503],[120.005748,26.223312],[120.003646,26.223649],[120.006477,26.227855],[120.005299,26.230248],[120.006376,26.234054],[120.004005,26.234792],[120.001909,26.233606],[120.000062,26.237986],[119.99642,26.238083]]],[[[120.017092,26.239267],[120.014215,26.238618],[120.016157,26.237806],[120.017092,26.239267]]],[[[120.012772,26.240531],[120.010875,26.238117],[120.011318,26.235627],[120.012046,26.238021],[120.014108,26.23899],[120.012772,26.240531]]],[[[120.004499,26.250657],[120.003513,26.251195],[120.000875,26.248488],[119.998442,26.249714],[119.995558,26.244632],[119.995834,26.242044],[119.998149,26.24211],[120.001202,26.245217],[120.003292,26.245211],[120.003593,26.247355],[120.005041,26.247077],[120.006374,26.24997],[120.006325,26.250913],[120.004499,26.250657]]],[[[120.009902,26.255146],[120.007545,26.251925],[120.013651,26.252467],[120.015039,26.254052],[120.011084,26.253959],[120.009902,26.255146]]],[[[119.97705,26.272342],[119.976771,26.273414],[119.975598,26.272243],[119.97705,26.272342]]],[[[119.990894,26.282337],[119.990921,26.283488],[119.989895,26.282108],[119.990894,26.282337]]],[[[119.989615,26.28187],[119.988825,26.283705],[119.986832,26.283009],[119.986777,26.280089],[119.983201,26.280469],[119.983892,26.279374],[119.981587,26.278321],[119.984133,26.276997],[119.984059,26.274823],[119.978397,26.272056],[119.979954,26.271455],[119.978818,26.269627],[119.981262,26.266539],[119.987921,26.267145],[119.990359,26.269693],[119.988659,26.272934],[119.992312,26.275688],[119.991354,26.277006],[119.989278,26.276937],[119.991445,26.278708],[119.988793,26.278159],[119.990579,26.2819],[119.989615,26.28187]]],[[[120.228934,26.345014],[120.229837,26.345467],[120.228932,26.347368],[120.22421,26.344324],[120.222085,26.341251],[120.220342,26.341827],[120.218072,26.335709],[120.220432,26.336325],[120.221514,26.338931],[120.223113,26.338531],[120.227446,26.344828],[120.228934,26.345014]]],[[[120.479599,26.382996],[120.480019,26.383939],[120.47758,26.3818],[120.476798,26.383474],[120.474047,26.383375],[120.474686,26.379649],[120.46926,26.37712],[120.470565,26.374452],[120.46935,26.371228],[120.471674,26.37227],[120.473979,26.376979],[120.476928,26.379091],[120.477716,26.367561],[120.48103,26.370792],[120.485356,26.368925],[120.485406,26.365472],[120.482059,26.36499],[120.483803,26.36325],[120.481565,26.358423],[120.484225,26.355799],[120.485589,26.356575],[120.486156,26.359786],[120.488383,26.359362],[120.488572,26.357356],[120.492986,26.359315],[120.493493,26.356885],[120.49616,26.361158],[120.498612,26.361897],[120.500553,26.364437],[120.501341,26.36869],[120.502951,26.368803],[120.5042,26.365566],[120.506473,26.367049],[120.508925,26.364788],[120.511311,26.365222],[120.511104,26.368311],[120.508267,26.369435],[120.506638,26.37296],[120.503556,26.370793],[120.501285,26.37317],[120.498672,26.372652],[120.500488,26.376642],[120.499701,26.378442],[120.494206,26.377791],[120.492285,26.375031],[120.491996,26.370643],[120.488943,26.370627],[120.487814,26.371832],[120.485522,26.369744],[120.48437,26.371052],[120.481521,26.371225],[120.483456,26.377185],[120.482285,26.380723],[120.480445,26.380839],[120.479599,26.382996]]],[[[120.086155,26.385156],[120.08291,26.384326],[120.0853,26.384089],[120.086155,26.385156]]]]},"properties":{"code":"09007","name":"連江縣","countyCode":"09007","countyName":"連江縣","level":"county","unassigned":false,"note":"","label":[119.99229425165849,26.22541564281741],"bounds":[119.908905,25.941003,120.511311,26.385156],"focusBounds":[119.908905,25.941003,120.511311,26.385156],"color":"#58b99d","childCount":4}},{"type":"Feature","id":"09020","geometry":{"type":"MultiPolygon","coordinates":[[[[118.233816,24.162771],[118.232888,24.163184],[118.232433,24.160768],[118.234555,24.160255],[118.235063,24.162575],[118.233816,24.162771]]],[[[118.145567,24.378926],[118.143682,24.378496],[118.144712,24.375477],[118.145567,24.378926]]],[[[118.160377,24.378554],[118.163263,24.381317],[118.154335,24.383736],[118.151366,24.382328],[118.156852,24.377202],[118.160377,24.378554]]],[[[118.162617,24.394904],[118.16101,24.395603],[118.159219,24.393236],[118.161764,24.389988],[118.161826,24.387329],[118.165771,24.386839],[118.16899,24.384209],[118.172794,24.386331],[118.170992,24.389617],[118.165216,24.390109],[118.164215,24.395244],[118.162617,24.394904]]],[[[118.194303,24.39716],[118.193692,24.398134],[118.191489,24.397002],[118.194322,24.395317],[118.194303,24.39716]]],[[[118.229932,24.404617],[118.228373,24.404258],[118.229045,24.402889],[118.231598,24.403075],[118.229932,24.404617]]],[[[118.457595,24.414338],[118.456116,24.414235],[118.45617,24.412807],[118.459238,24.412689],[118.457595,24.414338]]],[[[118.460135,24.415787],[118.460621,24.416699],[118.45937,24.416925],[118.458883,24.415608],[118.460135,24.415787]]],[[[118.505554,24.428167],[118.50375,24.428244],[118.503879,24.42629],[118.505658,24.426672],[118.505554,24.428167]]],[[[118.198712,24.436452],[118.199236,24.437515],[118.197917,24.437136],[118.198712,24.436452]]],[[[118.210328,24.453578],[118.20986,24.454395],[118.208943,24.452768],[118.210328,24.453578]]],[[[118.24886,24.45636],[118.243425,24.455011],[118.241373,24.456054],[118.233372,24.453678],[118.227304,24.44787],[118.22385,24.436615],[118.216806,24.428066],[118.217372,24.420764],[118.214566,24.414836],[118.216374,24.413069],[118.213866,24.411848],[118.211568,24.41248],[118.21352,24.409771],[118.222089,24.40879],[118.225966,24.405046],[118.233176,24.413314],[118.240549,24.414652],[118.241833,24.413852],[118.241491,24.411258],[118.245351,24.413635],[118.250046,24.418256],[118.248713,24.419409],[118.249917,24.421591],[118.254643,24.424882],[118.258452,24.425078],[118.258889,24.422956],[118.25856,24.424664],[118.259744,24.424481],[118.260535,24.423092],[118.259296,24.422119],[118.26308,24.422532],[118.263081,24.424495],[118.265079,24.425365],[118.266319,24.428126],[118.267293,24.433909],[118.266377,24.43467],[118.269834,24.438245],[118.268187,24.439693],[118.269169,24.445983],[118.263688,24.448208],[118.258055,24.454034],[118.24886,24.45636]]],[[[118.277686,24.45381],[118.272053,24.458041],[118.268828,24.452484],[118.272398,24.453352],[118.27636,24.452282],[118.277686,24.45381]]],[[[118.439065,24.524741],[118.434713,24.522339],[118.439076,24.523445],[118.439065,24.524741]]],[[[118.41131,24.532144],[118.407311,24.534228],[118.405704,24.531765],[118.40737,24.531452],[118.407666,24.530072],[118.405605,24.52747],[118.397707,24.528106],[118.396526,24.525733],[118.399653,24.525448],[118.400766,24.522223],[118.396846,24.51955],[118.392037,24.511607],[118.384043,24.508098],[118.383739,24.502695],[118.385707,24.493592],[118.384808,24.492228],[118.380731,24.491247],[118.37906,24.485043],[118.363123,24.471673],[118.350439,24.471656],[118.345524,24.474405],[118.33629,24.47603],[118.326989,24.48304],[118.320392,24.491485],[118.312872,24.495524],[118.302826,24.494728],[118.29274,24.48992],[118.286556,24.4789],[118.286222,24.474825],[118.289104,24.470894],[118.288464,24.46992],[118.29535,24.462359],[118.295554,24.456],[118.30219,24.446198],[118.302961,24.438483],[118.290918,24.418846],[118.280964,24.417028],[118.280859,24.415196],[118.278468,24.414833],[118.277992,24.413048],[118.290841,24.404146],[118.290642,24.401987],[118.295609,24.399158],[118.295935,24.395708],[118.304863,24.395807],[118.309224,24.390227],[118.315138,24.39004],[118.316599,24.388112],[118.319165,24.387641],[118.31996,24.38576],[118.323312,24.3857],[118.325008,24.388037],[118.327584,24.386971],[118.334238,24.391087],[118.338709,24.404529],[118.347719,24.414959],[118.348284,24.418374],[118.350361,24.420551],[118.37033,24.430956],[118.386676,24.43526],[118.402612,24.434981],[118.403242,24.433576],[118.408215,24.432179],[118.409016,24.42869],[118.409859,24.431802],[118.410981,24.431422],[118.409218,24.42757],[118.412639,24.428528],[118.413693,24.427155],[118.418184,24.427024],[118.427465,24.423891],[118.433017,24.416473],[118.430829,24.412663],[118.425596,24.410956],[118.430206,24.41224],[118.429092,24.410368],[118.432306,24.409788],[118.427516,24.408362],[118.426246,24.409331],[118.427201,24.408182],[118.426201,24.40678],[118.434997,24.407708],[118.43754,24.41015],[118.446794,24.412397],[118.445873,24.413859],[118.448364,24.415501],[118.453025,24.415378],[118.45436,24.417204],[118.455019,24.416341],[118.457323,24.426015],[118.460535,24.423675],[118.462444,24.427233],[118.465286,24.428707],[118.463855,24.429677],[118.466509,24.430907],[118.463819,24.433457],[118.463462,24.435853],[118.460497,24.43628],[118.461038,24.438146],[118.462853,24.438038],[118.462649,24.440172],[118.466192,24.44199],[118.468341,24.441524],[118.468205,24.440123],[118.470615,24.439752],[118.469744,24.440096],[118.471095,24.44159],[118.472672,24.441513],[118.474202,24.449564],[118.478167,24.450258],[118.476202,24.453279],[118.470344,24.45522],[118.466172,24.461146],[118.464028,24.467694],[118.463434,24.47659],[118.468993,24.480445],[118.468942,24.48368],[118.461947,24.48426],[118.458624,24.48701],[118.455113,24.492804],[118.454955,24.497561],[118.450742,24.501023],[118.449556,24.504659],[118.450115,24.510999],[118.43566,24.51448],[118.431542,24.521945],[118.433412,24.522715],[118.433583,24.525006],[118.429529,24.525278],[118.429325,24.527381],[118.42413,24.527668],[118.419189,24.530439],[118.414456,24.528309],[118.410858,24.530557],[118.41131,24.532144]]],[[[119.474055,24.985979],[119.472717,24.987222],[119.467816,24.98439],[119.46564,24.982409],[119.465989,24.97995],[119.472781,24.9776],[119.476206,24.979378],[119.478882,24.985881],[119.474055,24.985979]]],[[[119.458337,24.989464],[119.458009,24.992354],[119.455801,24.994962],[119.444788,24.999614],[119.443447,24.998717],[119.447675,24.987497],[119.451201,24.987555],[119.456879,24.985243],[119.458337,24.989464]]]]},"properties":{"code":"09020","name":"金門縣","countyCode":"09020","countyName":"金門縣","level":"county","unassigned":false,"note":"","label":[118.41350378135141,24.469336699100616],"bounds":[118.143682,24.160255,119.478882,24.999614],"focusBounds":[118.143682,24.160255,119.478882,24.999614],"color":"#efb44f","childCount":6}},{"type":"Feature","id":"10002","geometry":{"type":"MultiPolygon","coordinates":[[[[121.959718,24.844932],[121.959841,24.846958],[121.957189,24.850259],[121.949484,24.85177],[121.947538,24.851246],[121.943337,24.844609],[121.935189,24.84716],[121.934258,24.845565],[121.938314,24.842348],[121.941008,24.837805],[121.948016,24.835335],[121.957068,24.836817],[121.96148,24.83528],[121.962939,24.835925],[121.964948,24.840486],[121.960666,24.842641],[121.959718,24.844932]]],[[[121.966036,24.983081],[121.962906,24.987704],[121.961075,24.988293],[121.958088,24.987289],[121.950385,24.988324],[121.947897,24.986663],[121.944641,24.988178],[121.94042,24.984445],[121.934455,24.983144],[121.9335,24.980897],[121.922744,24.978601],[121.920818,24.979718],[121.918987,24.978644],[121.914869,24.979349],[121.910964,24.976931],[121.910327,24.974774],[121.908265,24.975863],[121.905424,24.973417],[121.902828,24.974379],[121.897204,24.967067],[121.889575,24.964761],[121.888566,24.963175],[121.882529,24.96417],[121.871552,24.960719],[121.860911,24.963655],[121.854382,24.961593],[121.852566,24.959605],[121.850363,24.961178],[121.846863,24.960267],[121.841412,24.954264],[121.841755,24.951125],[121.839048,24.944636],[121.842443,24.93936],[121.846736,24.937715],[121.849145,24.930328],[121.853868,24.927879],[121.853938,24.925642],[121.845598,24.919369],[121.843952,24.915966],[121.835958,24.907957],[121.83182,24.904908],[121.825515,24.905262],[121.818381,24.90271],[121.811635,24.906519],[121.810476,24.903631],[121.804623,24.901189],[121.797164,24.90162],[121.795184,24.899753],[121.791995,24.899869],[121.792938,24.896157],[121.79001,24.893454],[121.785793,24.892494],[121.785583,24.890583],[121.781685,24.889466],[121.782241,24.879184],[121.784278,24.877582],[121.785213,24.87419],[121.777331,24.870763],[121.775484,24.865124],[121.768488,24.865783],[121.764379,24.859889],[121.762789,24.861255],[121.761564,24.860152],[121.760985,24.856701],[121.754287,24.856409],[121.753464,24.854982],[121.75063,24.854474],[121.74797,24.85495],[121.745783,24.852853],[121.74199,24.852459],[121.736596,24.855696],[121.730423,24.855245],[121.725211,24.850789],[121.721921,24.84985],[121.719736,24.845589],[121.715591,24.84435],[121.714267,24.841783],[121.708914,24.840544],[121.701866,24.8344],[121.699164,24.835577],[121.69816,24.834202],[121.696404,24.83462],[121.696166,24.829894],[121.687644,24.824905],[121.690118,24.821492],[121.688309,24.816125],[121.686198,24.817525],[121.681241,24.817616],[121.677156,24.814092],[121.674283,24.814127],[121.66905,24.818009],[121.66069,24.810829],[121.653115,24.811266],[121.647374,24.813952],[121.645037,24.809289],[121.638803,24.810725],[121.637226,24.809438],[121.628664,24.80796],[121.625827,24.80878],[121.625471,24.79506],[121.620961,24.792503],[121.616811,24.793888],[121.609637,24.793766],[121.605644,24.789126],[121.592084,24.787734],[121.597586,24.772169],[121.595588,24.769301],[121.596279,24.766939],[121.590779,24.761345],[121.588974,24.755152],[121.590328,24.751245],[121.594591,24.750192],[121.596133,24.748302],[121.591669,24.744916],[121.595307,24.739632],[121.593771,24.729537],[121.597839,24.72928],[121.597549,24.727674],[121.587379,24.72019],[121.578307,24.72236],[121.577283,24.714874],[121.574814,24.71011],[121.572161,24.710583],[121.570376,24.713971],[121.56778,24.711563],[121.562543,24.712839],[121.556377,24.711222],[121.550622,24.705742],[121.543207,24.705644],[121.537865,24.699844],[121.538893,24.694776],[121.537559,24.694015],[121.536563,24.688328],[121.529498,24.687573],[121.527881,24.688969],[121.526954,24.685255],[121.523796,24.683295],[121.514813,24.683238],[121.511742,24.684354],[121.507304,24.682338],[121.505,24.679485],[121.499029,24.677947],[121.493009,24.673243],[121.487916,24.675192],[121.484735,24.673827],[121.479996,24.673849],[121.469207,24.671831],[121.459771,24.673264],[121.457616,24.671224],[121.453906,24.664404],[121.449593,24.662222],[121.44797,24.658854],[121.447932,24.655106],[121.451339,24.650918],[121.448763,24.646014],[121.445077,24.643177],[121.445021,24.637295],[121.440548,24.635096],[121.436086,24.627402],[121.434838,24.624455],[121.435661,24.621326],[121.43259,24.615636],[121.430617,24.614509],[121.427689,24.605849],[121.424405,24.603006],[121.418287,24.601034],[121.412782,24.60365],[121.41229,24.600937],[121.408471,24.598981],[121.403046,24.591707],[121.41233,24.573499],[121.403585,24.568707],[121.401256,24.562006],[121.398365,24.560455],[121.39476,24.555911],[121.398763,24.548203],[121.396747,24.539822],[121.39886,24.53255],[121.4015,24.528986],[121.397714,24.524813],[121.392863,24.52446],[121.390621,24.523031],[121.388534,24.5178],[121.385117,24.51682],[121.385396,24.513802],[121.383568,24.510217],[121.373354,24.509896],[121.371254,24.498363],[121.363851,24.494957],[121.361894,24.490787],[121.35775,24.486609],[121.350739,24.484343],[121.346317,24.484656],[121.342839,24.48226],[121.340074,24.474851],[121.335641,24.472035],[121.336001,24.467366],[121.330878,24.465206],[121.324338,24.457623],[121.317665,24.441489],[121.321675,24.440368],[121.328349,24.433038],[121.327441,24.413021],[121.324996,24.406912],[121.326846,24.399399],[121.332335,24.397943],[121.333601,24.395003],[121.339135,24.389604],[121.342968,24.392842],[121.352394,24.39224],[121.354692,24.393272],[121.35939,24.390446],[121.364888,24.389074],[121.369803,24.38259],[121.367107,24.378974],[121.369293,24.372457],[121.373738,24.368053],[121.381839,24.367007],[121.387622,24.369685],[121.389965,24.375147],[121.393045,24.375206],[121.395468,24.377848],[121.398119,24.377763],[121.400886,24.379674],[121.404407,24.377717],[121.407907,24.377548],[121.412771,24.379742],[121.419099,24.379052],[121.423346,24.381404],[121.43397,24.383233],[121.438302,24.382616],[121.442556,24.373127],[121.447978,24.374826],[121.452012,24.36468],[121.465401,24.355306],[121.475263,24.351265],[121.478875,24.351876],[121.481378,24.348926],[121.485368,24.348456],[121.492238,24.34209],[121.498121,24.339234],[121.504383,24.342934],[121.507929,24.3432],[121.50968,24.341201],[121.513567,24.340814],[121.515435,24.341815],[121.517994,24.341005],[121.522159,24.343022],[121.525145,24.342473],[121.527755,24.339152],[121.533272,24.337055],[121.540535,24.335912],[121.544989,24.337768],[121.556079,24.331154],[121.559489,24.323154],[121.56333,24.322235],[121.566373,24.319184],[121.5699,24.317942],[121.575855,24.31967],[121.587515,24.316062],[121.589489,24.313802],[121.593761,24.316413],[121.597192,24.316294],[121.601918,24.314148],[121.605747,24.309423],[121.607023,24.312637],[121.605227,24.317282],[121.601098,24.320581],[121.601327,24.323285],[121.596571,24.328139],[121.595752,24.331623],[121.596978,24.333467],[121.59923,24.333525],[121.60072,24.330863],[121.604473,24.329009],[121.60646,24.330057],[121.607917,24.335416],[121.612207,24.335888],[121.61523,24.333303],[121.617537,24.333646],[121.618662,24.335743],[121.616139,24.338134],[121.619214,24.345482],[121.620625,24.344872],[121.622785,24.339473],[121.62748,24.341119],[121.628084,24.338708],[121.62669,24.335626],[121.628638,24.333694],[121.632804,24.334747],[121.632976,24.339898],[121.631373,24.343982],[121.635297,24.344815],[121.635522,24.347618],[121.633237,24.34917],[121.630464,24.348217],[121.626852,24.349531],[121.626771,24.35433],[121.621202,24.358114],[121.623569,24.362341],[121.620378,24.363209],[121.621881,24.366759],[121.630952,24.370549],[121.631866,24.369769],[121.630619,24.366421],[121.634999,24.366339],[121.635028,24.363716],[121.638337,24.362319],[121.640475,24.357168],[121.648756,24.349508],[121.650303,24.349502],[121.650724,24.35093],[121.650032,24.354872],[121.647853,24.357725],[121.650479,24.359886],[121.653654,24.356109],[121.653514,24.352189],[121.656646,24.353255],[121.660012,24.351152],[121.661374,24.353014],[121.663129,24.352886],[121.663904,24.349173],[121.666741,24.347246],[121.669109,24.3431],[121.673983,24.343396],[121.673488,24.33998],[121.675118,24.337665],[121.685581,24.340731],[121.688466,24.333619],[121.694983,24.334853],[121.713535,24.326887],[121.727791,24.325985],[121.73518,24.323074],[121.744736,24.322853],[121.759398,24.314107],[121.770849,24.313148],[121.774065,24.315271],[121.770891,24.332587],[121.771639,24.337563],[121.778718,24.356201],[121.787028,24.372496],[121.788782,24.396157],[121.791148,24.40823],[121.801864,24.434337],[121.812182,24.442687],[121.815601,24.447893],[121.816554,24.446739],[121.817169,24.450211],[121.821807,24.455647],[121.819939,24.45948],[121.821202,24.462356],[121.832657,24.467423],[121.841226,24.475583],[121.846118,24.476934],[121.848586,24.479001],[121.85545,24.480585],[121.85969,24.478557],[121.862133,24.480394],[121.860225,24.483641],[121.850933,24.484568],[121.849655,24.492202],[121.850736,24.495343],[121.848046,24.495809],[121.84767,24.497413],[121.846437,24.496581],[121.83971,24.498635],[121.838338,24.503483],[121.838777,24.511618],[121.84254,24.520806],[121.856264,24.523937],[121.860926,24.527174],[121.868575,24.527653],[121.872574,24.531097],[121.873753,24.534381],[121.872311,24.541484],[121.874107,24.545494],[121.871216,24.552374],[121.869493,24.574488],[121.872077,24.578179],[121.875531,24.577159],[121.875705,24.579007],[121.876983,24.57808],[121.879792,24.579663],[121.875266,24.581386],[121.875695,24.582823],[121.874005,24.584565],[121.872253,24.584049],[121.876214,24.58649],[121.879242,24.591035],[121.873458,24.596611],[121.879229,24.599122],[121.886039,24.599813],[121.883659,24.60138],[121.88514,24.603715],[121.882175,24.603513],[121.880216,24.605743],[121.875321,24.605639],[121.873403,24.608731],[121.866131,24.609921],[121.858766,24.616697],[121.85125,24.629901],[121.840576,24.659869],[121.838193,24.672232],[121.836368,24.704666],[121.836598,24.710698],[121.839512,24.71585],[121.838289,24.718065],[121.832785,24.719894],[121.825879,24.733001],[121.820986,24.747694],[121.81842,24.764918],[121.819019,24.797481],[121.827143,24.842359],[121.84269,24.876157],[121.850836,24.886459],[121.851362,24.890114],[121.860474,24.894461],[121.867375,24.902987],[121.871877,24.904967],[121.871788,24.903645],[121.87251,24.906184],[121.885043,24.917931],[121.889112,24.936951],[121.895283,24.940727],[121.904671,24.939816],[121.904125,24.943649],[121.905359,24.946598],[121.911356,24.950726],[121.916922,24.952173],[121.920197,24.955193],[121.920152,24.959062],[121.922186,24.962271],[121.923047,24.961831],[121.922387,24.963213],[121.925592,24.96856],[121.936229,24.973852],[121.941833,24.973386],[121.944274,24.976831],[121.954508,24.980005],[121.958307,24.982623],[121.962242,24.981752],[121.966036,24.983081]]],[[[123.550201,25.72581],[123.545321,25.724592],[123.544971,25.722353],[123.553083,25.72026],[123.555672,25.720863],[123.554411,25.723867],[123.550201,25.72581]]],[[[123.541346,25.734382],[123.53762,25.731802],[123.540931,25.728775],[123.542419,25.725255],[123.544632,25.726145],[123.54563,25.728731],[123.543657,25.729519],[123.541346,25.734382]]],[[[123.476698,25.751814],[123.466908,25.749159],[123.460305,25.744715],[123.457792,25.74032],[123.459406,25.735643],[123.464456,25.73491],[123.472282,25.738935],[123.473997,25.738127],[123.474509,25.739873],[123.475323,25.739208],[123.477218,25.741267],[123.488632,25.740188],[123.493928,25.742235],[123.493211,25.744871],[123.487373,25.749484],[123.480619,25.7501],[123.476698,25.751814]]],[[[123.543663,25.781965],[123.543384,25.780083],[123.544738,25.780909],[123.543663,25.781965]]],[[[124.559132,25.923366],[124.556573,25.921532],[124.561154,25.922297],[124.559132,25.923366]]],[[[123.682448,25.928878],[123.679773,25.928612],[123.676081,25.923642],[123.678558,25.920448],[123.681552,25.919089],[123.686015,25.919704],[123.688691,25.922221],[123.688709,25.923555],[123.682448,25.928878]]]]},"properties":{"code":"10002","name":"宜蘭縣","countyCode":"10002","countyName":"宜蘭縣","level":"county","unassigned":false,"note":"","label":[121.66240009944738,24.5518689291304],"bounds":[121.317665,24.309423,124.561154,25.928878],"focusBounds":[121.317665,24.309423,121.966036,24.988324],"color":"#78a7e3","childCount":12}},{"type":"Feature","id":"10004","geometry":{"type":"Polygon","coordinates":[[[121.403046,24.591707],[121.393716,24.587104],[121.387208,24.586562],[121.372783,24.593747],[121.371824,24.597004],[121.366798,24.599185],[121.363331,24.603128],[121.364018,24.60725],[121.361301,24.609877],[121.358806,24.616679],[121.361693,24.620581],[121.363062,24.620671],[121.366418,24.631791],[121.357815,24.633712],[121.355928,24.641054],[121.352396,24.643541],[121.353519,24.667798],[121.351682,24.666099],[121.348992,24.667912],[121.345481,24.666436],[121.343668,24.669395],[121.339204,24.66656],[121.338577,24.679958],[121.329766,24.690966],[121.324169,24.694972],[121.320274,24.695793],[121.317185,24.698137],[121.312848,24.697524],[121.303904,24.692917],[121.299841,24.694959],[121.307617,24.719904],[121.305396,24.725993],[121.29867,24.73071],[121.298231,24.732236],[121.30113,24.741993],[121.305286,24.746281],[121.305107,24.750201],[121.307716,24.754982],[121.304142,24.757445],[121.301544,24.763008],[121.29419,24.763866],[121.292458,24.767725],[121.285559,24.77008],[121.277167,24.771004],[121.273552,24.774592],[121.2713,24.774818],[121.2706,24.778351],[121.266026,24.779793],[121.264859,24.781377],[121.260013,24.781959],[121.258483,24.785873],[121.261174,24.789956],[121.260314,24.793218],[121.253176,24.793654],[121.247727,24.796719],[121.246623,24.800072],[121.247442,24.803492],[121.243442,24.80869],[121.238244,24.804653],[121.228489,24.802912],[121.221606,24.799378],[121.218724,24.808646],[121.219588,24.811789],[121.214896,24.811971],[121.20954,24.809482],[121.208051,24.807156],[121.204669,24.807248],[121.202905,24.810306],[121.205864,24.81265],[121.203149,24.81457],[121.202246,24.81643],[121.203314,24.817314],[121.200802,24.817814],[121.198776,24.81496],[121.196518,24.817812],[121.18591,24.823822],[121.173663,24.827708],[121.176186,24.832133],[121.169922,24.834806],[121.168797,24.833984],[121.166445,24.836208],[121.16011,24.837363],[121.154743,24.8423],[121.154416,24.844059],[121.15004,24.844288],[121.152836,24.846164],[121.157059,24.852434],[121.156508,24.855908],[121.160232,24.857798],[121.15925,24.859022],[121.161384,24.859469],[121.159447,24.868731],[121.156211,24.874435],[121.158064,24.874604],[121.157885,24.877271],[121.15567,24.880709],[121.148547,24.881248],[121.144662,24.880204],[121.139093,24.882437],[121.136761,24.880926],[121.135589,24.877988],[121.12815,24.880952],[121.123902,24.879933],[121.116334,24.881678],[121.107774,24.886067],[121.111024,24.89122],[121.109079,24.897736],[121.09128,24.89336],[121.083449,24.898852],[121.071107,24.899478],[121.069095,24.902776],[121.062453,24.904597],[121.060705,24.90366],[121.058293,24.905213],[121.057588,24.905968],[121.059179,24.908051],[121.058239,24.913902],[121.060961,24.923557],[121.057571,24.930451],[121.058337,24.936841],[121.055448,24.93624],[121.048623,24.939427],[121.046292,24.943548],[121.040552,24.943271],[121.037941,24.94638],[121.030765,24.943898],[121.028846,24.945151],[121.025798,24.940482],[121.021539,24.941404],[121.019369,24.940416],[121.0071,24.946219],[121.002929,24.940013],[120.999065,24.94092],[120.9942,24.939137],[120.99218,24.935007],[120.987385,24.939046],[120.982033,24.939974],[120.969034,24.927365],[120.958888,24.902863],[120.952613,24.895376],[120.951736,24.890661],[120.947356,24.883826],[120.946548,24.878653],[120.942601,24.871528],[120.93352,24.86166],[120.927817,24.859538],[120.926948,24.855404],[120.925229,24.854811],[120.940449,24.849962],[120.943158,24.846505],[120.944817,24.841066],[120.955292,24.834361],[120.967872,24.832539],[120.974646,24.829955],[120.983091,24.830929],[120.987911,24.825416],[121.000391,24.822059],[121.008278,24.816214],[121.015135,24.808562],[121.018208,24.807297],[121.021315,24.801608],[121.025745,24.799074],[121.020607,24.798806],[121.023152,24.796048],[121.02062,24.7941],[121.021809,24.790446],[121.02335,24.79064],[121.024588,24.789071],[121.025089,24.786242],[121.023055,24.7851],[121.027523,24.782709],[121.024955,24.779988],[121.027946,24.77881],[121.027659,24.777049],[121.029702,24.77701],[121.028156,24.773163],[121.030377,24.772036],[121.029272,24.770902],[121.029893,24.766469],[121.033543,24.763886],[121.027775,24.758056],[121.020591,24.756609],[121.018251,24.763946],[121.013595,24.770898],[121.009707,24.773791],[120.993159,24.780597],[120.990284,24.776891],[120.98584,24.776907],[120.984759,24.775897],[120.98838,24.768066],[120.981968,24.767429],[120.979416,24.763292],[120.969841,24.765163],[120.967549,24.760595],[120.967412,24.756463],[120.963506,24.755514],[120.961461,24.751221],[120.957475,24.749634],[120.957619,24.745346],[120.953984,24.743406],[120.948109,24.74523],[120.943983,24.744043],[120.943164,24.738918],[120.939861,24.732744],[120.94233,24.730442],[120.941822,24.728557],[120.938012,24.729421],[120.939274,24.725418],[120.938627,24.716611],[120.935428,24.712594],[120.938538,24.709081],[120.942213,24.707308],[120.949797,24.711197],[120.950917,24.707742],[120.953347,24.705977],[120.953303,24.704046],[120.956791,24.706571],[120.95935,24.706656],[120.963375,24.711475],[120.966127,24.709641],[120.971651,24.712453],[120.975032,24.711008],[120.975827,24.709495],[120.974562,24.708565],[120.976653,24.70626],[120.972186,24.703358],[120.974001,24.696943],[120.971879,24.696773],[120.966381,24.691167],[120.965171,24.688107],[120.966747,24.686108],[120.964405,24.683616],[120.970582,24.684211],[120.972699,24.685854],[120.975569,24.684564],[120.977519,24.678294],[120.976997,24.673682],[120.979313,24.673716],[120.981755,24.671783],[120.98319,24.667194],[120.985323,24.666743],[120.986773,24.663766],[120.989084,24.663032],[120.990646,24.664789],[120.990638,24.660392],[120.995091,24.659297],[120.997242,24.654613],[121.004015,24.656382],[121.005997,24.655259],[121.01028,24.656207],[121.01068,24.652332],[121.008102,24.65044],[121.008209,24.644323],[121.014388,24.64085],[121.025436,24.64121],[121.025903,24.635912],[121.030188,24.632462],[121.039059,24.629625],[121.040541,24.626966],[121.043386,24.627144],[121.048257,24.619833],[121.051688,24.617356],[121.05154,24.615158],[121.062338,24.621828],[121.068087,24.614865],[121.075142,24.611986],[121.075435,24.604239],[121.081278,24.60057],[121.083034,24.589759],[121.079504,24.588099],[121.078743,24.583754],[121.07526,24.580667],[121.070591,24.563357],[121.062734,24.557456],[121.061404,24.560002],[121.058426,24.560634],[121.058205,24.55791],[121.073466,24.54942],[121.076232,24.543796],[121.080541,24.540961],[121.077803,24.534237],[121.078303,24.528902],[121.06693,24.522549],[121.069317,24.509332],[121.068104,24.507002],[121.072113,24.503371],[121.071888,24.498381],[121.085556,24.501308],[121.090421,24.497858],[121.098078,24.496425],[121.105328,24.500607],[121.108934,24.500971],[121.113335,24.506465],[121.116961,24.508389],[121.120962,24.50842],[121.123329,24.510233],[121.129657,24.506695],[121.136995,24.506655],[121.145025,24.51192],[121.150586,24.506092],[121.155021,24.506799],[121.161418,24.503581],[121.169138,24.502588],[121.17058,24.504117],[121.175099,24.505068],[121.177918,24.507652],[121.183189,24.507933],[121.18671,24.505361],[121.191622,24.507469],[121.195288,24.507045],[121.200523,24.511458],[121.206497,24.512957],[121.209731,24.51153],[121.216254,24.515383],[121.217619,24.513902],[121.217472,24.509651],[121.223642,24.506307],[121.218673,24.498262],[121.223506,24.494392],[121.228785,24.492412],[121.229928,24.488914],[121.234435,24.488018],[121.234719,24.483661],[121.243299,24.477294],[121.244428,24.469938],[121.249311,24.46587],[121.25797,24.463353],[121.258041,24.457463],[121.262639,24.455246],[121.260612,24.45141],[121.262196,24.448032],[121.260881,24.445646],[121.26166,24.444217],[121.258697,24.439937],[121.260218,24.429009],[121.269901,24.427375],[121.271527,24.429747],[121.292755,24.430921],[121.296754,24.433027],[121.305504,24.432581],[121.310033,24.436218],[121.313449,24.437065],[121.317665,24.441489],[121.324338,24.457623],[121.330878,24.465206],[121.336001,24.467366],[121.335641,24.472035],[121.340074,24.474851],[121.342839,24.48226],[121.346317,24.484656],[121.350739,24.484343],[121.35775,24.486609],[121.361894,24.490787],[121.363851,24.494957],[121.371254,24.498363],[121.373354,24.509896],[121.383568,24.510217],[121.385396,24.513802],[121.385117,24.51682],[121.388534,24.5178],[121.390621,24.523031],[121.392863,24.52446],[121.397714,24.524813],[121.4015,24.528986],[121.39886,24.53255],[121.396747,24.539822],[121.398763,24.548203],[121.39476,24.555911],[121.398365,24.560455],[121.401256,24.562006],[121.403585,24.568707],[121.41233,24.573499],[121.403046,24.591707]]]},"properties":{"code":"10004","name":"新竹縣","countyCode":"10004","countyName":"新竹縣","level":"county","unassigned":false,"note":"","label":[121.16705207688247,24.69207330180954],"bounds":[120.925229,24.427375,121.41233,24.94638],"focusBounds":[120.925229,24.427375,121.41233,24.94638],"color":"#dd8590","childCount":13}},{"type":"Feature","id":"10005","geometry":{"type":"Polygon","coordinates":[[[120.935428,24.712594],[120.931583,24.714265],[120.930242,24.716633],[120.928839,24.715285],[120.923643,24.714551],[120.920586,24.716733],[120.913667,24.717333],[120.91628,24.721532],[120.913797,24.724203],[120.914182,24.727061],[120.91207,24.732311],[120.908513,24.736505],[120.907807,24.741071],[120.897433,24.733464],[120.89362,24.732316],[120.892354,24.733155],[120.891041,24.731773],[120.887464,24.73387],[120.8848,24.732788],[120.883568,24.734528],[120.881036,24.733288],[120.874537,24.73832],[120.861333,24.721648],[120.856172,24.702504],[120.847572,24.695931],[120.8404,24.687857],[120.832591,24.682406],[120.824094,24.673373],[120.791593,24.667814],[120.778713,24.662565],[120.769433,24.653944],[120.768519,24.654691],[120.769338,24.653864],[120.767781,24.650446],[120.763586,24.64907],[120.760854,24.643122],[120.757695,24.64152],[120.756374,24.632544],[120.754015,24.6312],[120.752374,24.627404],[120.748929,24.625953],[120.745835,24.621733],[120.738199,24.62086],[120.731172,24.611864],[120.723775,24.608222],[120.715813,24.600971],[120.712656,24.59348],[120.709765,24.591018],[120.708085,24.582452],[120.702033,24.568998],[120.701187,24.561534],[120.69824,24.558478],[120.695847,24.551173],[120.693368,24.548867],[120.684682,24.521387],[120.677635,24.514525],[120.67128,24.502107],[120.668439,24.499815],[120.667764,24.493399],[120.6653,24.489765],[120.665577,24.487545],[120.666402,24.48802],[120.665041,24.48723],[120.665401,24.483607],[120.66183,24.48378],[120.658494,24.477302],[120.65266,24.470737],[120.639612,24.460009],[120.639623,24.456666],[120.637767,24.454183],[120.621861,24.440287],[120.6286,24.438036],[120.6321,24.432422],[120.639665,24.427766],[120.640289,24.424119],[120.643197,24.421707],[120.643344,24.415342],[120.645257,24.414569],[120.64597,24.412293],[120.648839,24.409492],[120.658004,24.406718],[120.663894,24.40206],[120.670108,24.391956],[120.678649,24.38707],[120.677278,24.384156],[120.685749,24.378902],[120.689945,24.374337],[120.693042,24.366949],[120.703414,24.361798],[120.707427,24.361726],[120.707297,24.357865],[120.723153,24.354672],[120.730406,24.351808],[120.746791,24.33759],[120.763003,24.326013],[120.767053,24.325573],[120.773121,24.321735],[120.783827,24.318352],[120.806532,24.31568],[120.817571,24.30742],[120.825272,24.296822],[120.833565,24.290472],[120.849903,24.288514],[120.857229,24.289109],[120.866843,24.293073],[120.876117,24.295004],[120.902989,24.292178],[120.911906,24.294064],[120.922499,24.303944],[120.920171,24.310626],[120.920503,24.320107],[120.916606,24.335128],[120.935644,24.342915],[120.942459,24.339136],[120.956786,24.339298],[120.960161,24.335054],[120.966488,24.33346],[120.979621,24.334419],[120.981985,24.335904],[120.985586,24.33166],[120.991778,24.32962],[120.997563,24.330142],[121.000481,24.332662],[121.004152,24.3323],[121.014495,24.320114],[121.018019,24.311296],[121.029366,24.304708],[121.034134,24.297817],[121.045192,24.295326],[121.049305,24.296048],[121.052244,24.299327],[121.052563,24.304241],[121.055354,24.3104],[121.064802,24.315437],[121.070213,24.315759],[121.073855,24.319195],[121.073076,24.322823],[121.078462,24.322807],[121.081473,24.324136],[121.086443,24.317679],[121.091926,24.31863],[121.094352,24.319811],[121.095713,24.322568],[121.102256,24.324584],[121.108477,24.330954],[121.114873,24.328637],[121.12158,24.330679],[121.121503,24.334293],[121.124126,24.340554],[121.125299,24.34199],[121.12844,24.342171],[121.131227,24.349357],[121.136443,24.353132],[121.14096,24.359643],[121.148408,24.35788],[121.159415,24.360797],[121.168369,24.360912],[121.169005,24.364313],[121.174177,24.36892],[121.173424,24.373344],[121.183297,24.381011],[121.190236,24.381622],[121.196715,24.391519],[121.197187,24.396588],[121.207197,24.397905],[121.210292,24.396121],[121.211249,24.388392],[121.213503,24.381852],[121.215876,24.379455],[121.218458,24.381262],[121.231861,24.383858],[121.231655,24.387707],[121.234977,24.391923],[121.234661,24.397337],[121.243569,24.405717],[121.241988,24.414094],[121.243897,24.420076],[121.249998,24.424907],[121.257613,24.425046],[121.260218,24.429009],[121.258697,24.439937],[121.26166,24.444217],[121.260881,24.445646],[121.262196,24.448032],[121.260612,24.45141],[121.262639,24.455246],[121.258041,24.457463],[121.25797,24.463353],[121.249311,24.46587],[121.244428,24.469938],[121.243299,24.477294],[121.234719,24.483661],[121.234435,24.488018],[121.229928,24.488914],[121.228785,24.492412],[121.223506,24.494392],[121.218673,24.498262],[121.223642,24.506307],[121.217472,24.509651],[121.217619,24.513902],[121.216254,24.515383],[121.209731,24.51153],[121.206497,24.512957],[121.200523,24.511458],[121.195288,24.507045],[121.191622,24.507469],[121.18671,24.505361],[121.183189,24.507933],[121.177918,24.507652],[121.175099,24.505068],[121.17058,24.504117],[121.169138,24.502588],[121.161418,24.503581],[121.155021,24.506799],[121.150586,24.506092],[121.145025,24.51192],[121.136995,24.506655],[121.129657,24.506695],[121.123329,24.510233],[121.120962,24.50842],[121.116961,24.508389],[121.113335,24.506465],[121.108934,24.500971],[121.105328,24.500607],[121.098078,24.496425],[121.090421,24.497858],[121.085556,24.501308],[121.071888,24.498381],[121.072113,24.503371],[121.068104,24.507002],[121.069317,24.509332],[121.06693,24.522549],[121.078303,24.528902],[121.077803,24.534237],[121.080541,24.540961],[121.076232,24.543796],[121.073466,24.54942],[121.058205,24.55791],[121.058426,24.560634],[121.061404,24.560002],[121.062734,24.557456],[121.070591,24.563357],[121.07526,24.580667],[121.078743,24.583754],[121.079504,24.588099],[121.083034,24.589759],[121.081278,24.60057],[121.075435,24.604239],[121.075142,24.611986],[121.068087,24.614865],[121.062338,24.621828],[121.05154,24.615158],[121.051688,24.617356],[121.048257,24.619833],[121.043386,24.627144],[121.040541,24.626966],[121.039059,24.629625],[121.030188,24.632462],[121.025903,24.635912],[121.025436,24.64121],[121.014388,24.64085],[121.008209,24.644323],[121.008102,24.65044],[121.01068,24.652332],[121.01028,24.656207],[121.005997,24.655259],[121.004015,24.656382],[120.997242,24.654613],[120.995091,24.659297],[120.990638,24.660392],[120.990646,24.664789],[120.989084,24.663032],[120.986773,24.663766],[120.985323,24.666743],[120.98319,24.667194],[120.981755,24.671783],[120.979313,24.673716],[120.976997,24.673682],[120.977519,24.678294],[120.975569,24.684564],[120.972699,24.685854],[120.970582,24.684211],[120.964405,24.683616],[120.966747,24.686108],[120.965171,24.688107],[120.966381,24.691167],[120.971879,24.696773],[120.974001,24.696943],[120.972186,24.703358],[120.976653,24.70626],[120.974562,24.708565],[120.975827,24.709495],[120.975032,24.711008],[120.971651,24.712453],[120.966127,24.709641],[120.963375,24.711475],[120.95935,24.706656],[120.956791,24.706571],[120.953303,24.704046],[120.953347,24.705977],[120.950917,24.707742],[120.949797,24.711197],[120.942213,24.707308],[120.938538,24.709081],[120.935428,24.712594]]]},"properties":{"code":"10005","name":"苗栗縣","countyCode":"10005","countyName":"苗栗縣","level":"county","unassigned":false,"note":"","label":[120.89046093960337,24.51330457851956],"bounds":[120.621861,24.288514,121.262639,24.741071],"focusBounds":[120.621861,24.288514,121.262639,24.741071],"color":"#a49ad4","childCount":18}},{"type":"Feature","id":"10007","geometry":{"type":"Polygon","coordinates":[[[120.45656,24.207183],[120.443957,24.18894],[120.439164,24.18573],[120.432706,24.186651],[120.429735,24.184513],[120.424715,24.1833],[120.425762,24.178657],[120.418326,24.173671],[120.416082,24.16953],[120.415,24.157557],[120.409142,24.156294],[120.408053,24.154951],[120.412792,24.152233],[120.409014,24.142658],[120.407119,24.139557],[120.40186,24.138288],[120.399991,24.135289],[120.401144,24.128969],[120.396833,24.117493],[120.37955,24.09429],[120.380202,24.092692],[120.381818,24.096854],[120.386346,24.097043],[120.384171,24.087672],[120.375453,24.083015],[120.36337,24.080848],[120.359194,24.074277],[120.347775,24.069617],[120.342086,24.060128],[120.339734,24.059724],[120.342412,24.05472],[120.341416,24.039617],[120.337803,24.031287],[120.335293,24.015743],[120.316458,23.999232],[120.31187,23.989772],[120.308743,23.987104],[120.308384,23.975257],[120.306921,23.972223],[120.294627,23.963215],[120.290263,23.958224],[120.286148,23.957106],[120.282833,23.954506],[120.280333,23.948401],[120.281623,23.943448],[120.278811,23.933595],[120.269142,23.930587],[120.263753,23.921823],[120.261052,23.919728],[120.260891,23.915038],[120.256239,23.907894],[120.255615,23.903375],[120.257743,23.899329],[120.25523,23.894187],[120.247151,23.888443],[120.239545,23.887689],[120.23533,23.88526],[120.226151,23.87688],[120.225502,23.87251],[120.220362,23.866219],[120.237851,23.846355],[120.255019,23.834252],[120.308126,23.820302],[120.358137,23.822813],[120.370325,23.828559],[120.410336,23.826376],[120.418436,23.827009],[120.425257,23.830248],[120.43311,23.830148],[120.43953,23.826865],[120.443359,23.822661],[120.452089,23.817216],[120.458124,23.816124],[120.483167,23.806569],[120.50874,23.800447],[120.527818,23.799059],[120.535471,23.801294],[120.551225,23.801128],[120.560288,23.798145],[120.578028,23.795276],[120.586962,23.791912],[120.628327,23.790011],[120.633132,23.788891],[120.63502,23.78677],[120.640374,23.786048],[120.642542,23.785744],[120.66417,23.792287],[120.674924,23.799724],[120.680132,23.801664],[120.683896,23.801352],[120.683908,23.803357],[120.682499,23.80607],[120.678984,23.805943],[120.678819,23.816295],[120.676216,23.819362],[120.671889,23.819407],[120.667587,23.8166],[120.664733,23.81631],[120.66505,23.815036],[120.650917,23.812505],[120.647976,23.816638],[120.639931,23.820327],[120.639602,23.822083],[120.637761,23.821779],[120.639192,23.824563],[120.633864,23.825841],[120.640009,23.825106],[120.637727,23.826382],[120.639455,23.827417],[120.636045,23.827916],[120.638185,23.828917],[120.637196,23.830555],[120.634353,23.831113],[120.63845,23.831412],[120.637054,23.83279],[120.633393,23.832963],[120.63042,23.831195],[120.630513,23.832428],[120.623595,23.829485],[120.624244,23.831749],[120.633647,23.834089],[120.629105,23.834402],[120.631059,23.835644],[120.628273,23.835822],[120.629978,23.837345],[120.624924,23.836594],[120.629057,23.838676],[120.626506,23.839883],[120.626125,23.841918],[120.622245,23.838661],[120.623011,23.839971],[120.620938,23.839364],[120.622138,23.840852],[120.62085,23.841657],[120.618453,23.840379],[120.617177,23.837625],[120.616769,23.840144],[120.615522,23.840378],[120.619783,23.842423],[120.61829,23.842585],[120.619649,23.843513],[120.618371,23.844622],[120.621087,23.844404],[120.621601,23.846581],[120.623599,23.847067],[120.619434,23.849618],[120.622709,23.848704],[120.622958,23.849861],[120.623444,23.848898],[120.624495,23.852262],[120.625956,23.852076],[120.625248,23.855182],[120.626267,23.85475],[120.627821,23.857398],[120.62224,23.860121],[120.623548,23.861968],[120.620609,23.863715],[120.619908,23.868368],[120.62155,23.869833],[120.62396,23.868924],[120.623783,23.871474],[120.625807,23.873464],[120.624825,23.877112],[120.62746,23.883508],[120.629587,23.884625],[120.629422,23.8891],[120.627308,23.889503],[120.632653,23.889687],[120.634109,23.891876],[120.632226,23.892362],[120.634405,23.893548],[120.632804,23.896443],[120.634362,23.896748],[120.635065,23.898599],[120.633713,23.900373],[120.634926,23.901454],[120.631369,23.903431],[120.633032,23.904212],[120.632126,23.906751],[120.633284,23.906175],[120.634222,23.907669],[120.630665,23.908213],[120.63301,23.9096],[120.629403,23.910813],[120.632601,23.910879],[120.633059,23.914201],[120.634714,23.913117],[120.633271,23.915996],[120.635092,23.9179],[120.633538,23.919581],[120.636456,23.919369],[120.635322,23.921655],[120.637188,23.921805],[120.637411,23.924084],[120.627823,23.931082],[120.632139,23.932874],[120.632777,23.935645],[120.635486,23.937445],[120.637642,23.93559],[120.630161,23.942957],[120.630829,23.9448],[120.633366,23.942881],[120.634656,23.943708],[120.627593,23.95177],[120.631564,23.953484],[120.634073,23.95226],[120.633845,23.953365],[120.626983,23.956442],[120.631127,23.956297],[120.635408,23.952245],[120.636745,23.952695],[120.642659,23.958272],[120.644224,23.962081],[120.646889,23.963492],[120.646315,23.973241],[120.650093,23.984921],[120.644654,23.990105],[120.636828,23.994512],[120.636117,23.998411],[120.638201,24.003756],[120.638095,24.007404],[120.640348,24.005729],[120.642474,24.008957],[120.646201,24.009149],[120.64942,24.008081],[120.66359,24.008096],[120.672581,24.005847],[120.673698,24.008083],[120.67009,24.009959],[120.675994,24.010712],[120.678646,24.014031],[120.660914,24.025891],[120.65579,24.030663],[120.651753,24.028534],[120.646405,24.034024],[120.644613,24.033436],[120.64626,24.026901],[120.644643,24.025878],[120.637537,24.028529],[120.636146,24.03105],[120.628658,24.02962],[120.624469,24.030989],[120.624229,24.033371],[120.628113,24.03835],[120.626018,24.04162],[120.625798,24.046812],[120.623431,24.052119],[120.625691,24.057026],[120.625383,24.068737],[120.623717,24.071696],[120.619666,24.073044],[120.617004,24.079422],[120.614944,24.085041],[120.612493,24.102566],[120.602896,24.102891],[120.599961,24.105185],[120.588363,24.10623],[120.583524,24.109547],[120.576921,24.109624],[120.572614,24.108315],[120.54969,24.11388],[120.545385,24.116471],[120.540922,24.123659],[120.532684,24.126428],[120.523552,24.139675],[120.525672,24.146039],[120.525479,24.149901],[120.508111,24.187164],[120.504388,24.191143],[120.45656,24.207183]]]},"properties":{"code":"10007","name":"彰化縣","countyCode":"10007","countyName":"彰化縣","level":"county","unassigned":false,"note":"","label":[120.46888666151762,23.965392879158674],"bounds":[120.220362,23.785744,120.683908,24.207183],"focusBounds":[120.220362,23.785744,120.683908,24.207183],"color":"#a8bf62","childCount":26}},{"type":"Feature","id":"10008","geometry":{"type":"Polygon","coordinates":[[[121.34302,24.223554],[121.335686,24.228589],[121.326498,24.232528],[121.319653,24.231869],[121.313521,24.235028],[121.303894,24.233682],[121.301172,24.236693],[121.298749,24.235614],[121.298777,24.233202],[121.295458,24.232498],[121.293135,24.229164],[121.288885,24.230161],[121.285889,24.229093],[121.282835,24.231038],[121.280035,24.229766],[121.277637,24.231967],[121.276778,24.235531],[121.268919,24.237916],[121.2685,24.239949],[121.26592,24.241104],[121.264658,24.245874],[121.258796,24.245117],[121.254653,24.242838],[121.244165,24.222495],[121.237956,24.219708],[121.230413,24.223527],[121.230771,24.226052],[121.228344,24.225933],[121.228342,24.224706],[121.219427,24.229204],[121.21581,24.225347],[121.208237,24.221704],[121.196343,24.223],[121.192317,24.219041],[121.191559,24.216586],[121.181457,24.212049],[121.167644,24.225392],[121.160985,24.215184],[121.14789,24.212912],[121.143206,24.205853],[121.141365,24.199649],[121.136358,24.196338],[121.122951,24.196028],[121.108419,24.198011],[121.101692,24.195635],[121.094412,24.190148],[121.091066,24.184816],[121.091348,24.18273],[121.084879,24.175923],[121.080959,24.175424],[121.075254,24.170195],[121.07242,24.16987],[121.066337,24.165515],[121.0646,24.163021],[121.059402,24.162781],[121.05795,24.159234],[121.05266,24.154796],[121.050554,24.158347],[121.047586,24.160024],[121.038046,24.158176],[121.035696,24.150914],[121.033335,24.148582],[121.031,24.149336],[121.03122,24.153526],[121.02776,24.159556],[121.024901,24.157967],[121.019543,24.158714],[121.012248,24.153325],[121.008169,24.14704],[121.006807,24.140944],[121.00325,24.13353],[121.000361,24.132284],[120.999554,24.127762],[120.992025,24.125254],[120.99202,24.121055],[120.989085,24.118767],[120.985427,24.120222],[120.975689,24.116867],[120.974146,24.11922],[120.971163,24.120242],[120.96121,24.120152],[120.956343,24.124679],[120.950109,24.127862],[120.948381,24.124939],[120.932554,24.112581],[120.927146,24.111724],[120.919882,24.107441],[120.909563,24.10923],[120.907205,24.110595],[120.904887,24.114486],[120.896163,24.116452],[120.891529,24.115908],[120.890244,24.113547],[120.894175,24.110744],[120.894253,24.106847],[120.891092,24.102029],[120.891325,24.097799],[120.885874,24.095409],[120.882007,24.088325],[120.880311,24.088574],[120.878017,24.085028],[120.876861,24.091192],[120.879092,24.098251],[120.881499,24.100578],[120.879143,24.109303],[120.874132,24.113534],[120.872451,24.116836],[120.868867,24.117601],[120.864432,24.115368],[120.858605,24.116208],[120.853871,24.124509],[120.84485,24.124526],[120.842124,24.120682],[120.836276,24.11695],[120.834477,24.113005],[120.834506,24.107613],[120.830318,24.102588],[120.832488,24.098747],[120.828375,24.093945],[120.8293,24.071509],[120.8207,24.0698],[120.819246,24.068465],[120.816351,24.068463],[120.814457,24.069895],[120.811866,24.066069],[120.807825,24.065208],[120.803292,24.056262],[120.803419,24.052359],[120.800884,24.051376],[120.800653,24.048647],[120.796701,24.043061],[120.797362,24.041098],[120.791694,24.035262],[120.792899,24.032433],[120.79154,24.030674],[120.78947,24.031228],[120.786062,24.029248],[120.784646,24.024079],[120.783125,24.024777],[120.779702,24.020189],[120.775202,24.018552],[120.771255,24.014201],[120.770562,24.009074],[120.767777,24.009151],[120.762675,24.006257],[120.757974,24.006095],[120.755896,24.003531],[120.751035,24.002826],[120.74599,23.998556],[120.74365,24.002169],[120.731731,24.009003],[120.719242,24.009659],[120.706383,24.005191],[120.694883,24.007118],[120.678646,24.014031],[120.675994,24.010712],[120.67009,24.009959],[120.673698,24.008083],[120.672581,24.005847],[120.66359,24.008096],[120.64942,24.008081],[120.646201,24.009149],[120.642474,24.008957],[120.640348,24.005729],[120.638095,24.007404],[120.638201,24.003756],[120.636117,23.998411],[120.636828,23.994512],[120.644654,23.990105],[120.650093,23.984921],[120.646315,23.973241],[120.646889,23.963492],[120.644224,23.962081],[120.642659,23.958272],[120.636745,23.952695],[120.635408,23.952245],[120.631127,23.956297],[120.626983,23.956442],[120.633845,23.953365],[120.634073,23.95226],[120.631564,23.953484],[120.627593,23.95177],[120.634656,23.943708],[120.633366,23.942881],[120.630829,23.9448],[120.630161,23.942957],[120.637642,23.93559],[120.635486,23.937445],[120.632777,23.935645],[120.632139,23.932874],[120.627823,23.931082],[120.637411,23.924084],[120.637188,23.921805],[120.635322,23.921655],[120.636456,23.919369],[120.633538,23.919581],[120.635092,23.9179],[120.633271,23.915996],[120.634714,23.913117],[120.633059,23.914201],[120.632601,23.910879],[120.629403,23.910813],[120.63301,23.9096],[120.630665,23.908213],[120.634222,23.907669],[120.633284,23.906175],[120.632126,23.906751],[120.633032,23.904212],[120.631369,23.903431],[120.634926,23.901454],[120.633713,23.900373],[120.635065,23.898599],[120.634362,23.896748],[120.632804,23.896443],[120.634405,23.893548],[120.632226,23.892362],[120.634109,23.891876],[120.632653,23.889687],[120.627308,23.889503],[120.629422,23.8891],[120.629587,23.884625],[120.62746,23.883508],[120.624825,23.877112],[120.625807,23.873464],[120.623783,23.871474],[120.62396,23.868924],[120.62155,23.869833],[120.619908,23.868368],[120.620609,23.863715],[120.623548,23.861968],[120.62224,23.860121],[120.627821,23.857398],[120.626267,23.85475],[120.625248,23.855182],[120.625956,23.852076],[120.624495,23.852262],[120.623444,23.848898],[120.622958,23.849861],[120.622709,23.848704],[120.619434,23.849618],[120.623599,23.847067],[120.621601,23.846581],[120.621087,23.844404],[120.618371,23.844622],[120.619649,23.843513],[120.61829,23.842585],[120.619783,23.842423],[120.615522,23.840378],[120.616769,23.840144],[120.617177,23.837625],[120.618453,23.840379],[120.62085,23.841657],[120.622138,23.840852],[120.620938,23.839364],[120.623011,23.839971],[120.622245,23.838661],[120.626125,23.841918],[120.626506,23.839883],[120.629057,23.838676],[120.624924,23.836594],[120.629978,23.837345],[120.628273,23.835822],[120.631059,23.835644],[120.629105,23.834402],[120.633647,23.834089],[120.624244,23.831749],[120.623595,23.829485],[120.630513,23.832428],[120.63042,23.831195],[120.633393,23.832963],[120.637054,23.83279],[120.63845,23.831412],[120.634353,23.831113],[120.637196,23.830555],[120.638185,23.828917],[120.636045,23.827916],[120.639455,23.827417],[120.637727,23.826382],[120.640009,23.825106],[120.633864,23.825841],[120.639192,23.824563],[120.637761,23.821779],[120.639602,23.822083],[120.639931,23.820327],[120.647976,23.816638],[120.650917,23.812505],[120.66505,23.815036],[120.664733,23.81631],[120.667587,23.8166],[120.671889,23.819407],[120.676216,23.819362],[120.678819,23.816295],[120.678984,23.805943],[120.682499,23.80607],[120.683908,23.803357],[120.683896,23.801352],[120.680132,23.801664],[120.674924,23.799724],[120.66417,23.792287],[120.642542,23.785744],[120.640374,23.786048],[120.648477,23.773275],[120.655698,23.755022],[120.65436,23.741992],[120.655843,23.735119],[120.654603,23.734461],[120.650898,23.736169],[120.646302,23.735571],[120.644541,23.736642],[120.642069,23.730643],[120.640213,23.73072],[120.63971,23.726214],[120.641683,23.722281],[120.639738,23.714502],[120.640585,23.713277],[120.638985,23.710576],[120.641376,23.705627],[120.645673,23.703205],[120.64341,23.699702],[120.646596,23.692806],[120.645517,23.690076],[120.645713,23.687212],[120.646989,23.686574],[120.646245,23.684776],[120.648271,23.68279],[120.646046,23.677129],[120.646931,23.672707],[120.644935,23.671629],[120.644393,23.667606],[120.640571,23.664381],[120.640136,23.661141],[120.636854,23.656977],[120.634971,23.651573],[120.636352,23.648244],[120.634808,23.647008],[120.635207,23.642862],[120.631789,23.640195],[120.629077,23.635165],[120.630162,23.632637],[120.628713,23.63001],[120.630787,23.622088],[120.633702,23.619126],[120.635365,23.619847],[120.638735,23.624742],[120.643871,23.628247],[120.645135,23.630984],[120.653003,23.629506],[120.651449,23.616106],[120.658353,23.613833],[120.661203,23.61047],[120.664512,23.611118],[120.669136,23.60934],[120.683729,23.610938],[120.685472,23.61284],[120.686058,23.618209],[120.691319,23.620353],[120.696796,23.620011],[120.702274,23.617392],[120.710287,23.619163],[120.714071,23.621017],[120.713104,23.627911],[120.718371,23.629956],[120.723087,23.622532],[120.730676,23.618274],[120.730865,23.610807],[120.737398,23.609632],[120.741365,23.61227],[120.744388,23.612665],[120.74748,23.611164],[120.750918,23.614451],[120.753562,23.614816],[120.758081,23.612488],[120.764282,23.612237],[120.769413,23.608371],[120.77005,23.606055],[120.774576,23.605205],[120.778311,23.602033],[120.783129,23.600737],[120.790871,23.600944],[120.794917,23.597248],[120.803329,23.596646],[120.805124,23.598617],[120.809791,23.598688],[120.813707,23.60095],[120.818315,23.599059],[120.817048,23.595191],[120.820692,23.589537],[120.825527,23.586367],[120.824692,23.584202],[120.821618,23.582142],[120.819906,23.577679],[120.819626,23.574531],[120.821897,23.57091],[120.819924,23.564517],[120.820627,23.5624],[120.814148,23.556242],[120.815864,23.553109],[120.811494,23.551054],[120.808833,23.54586],[120.808637,23.535971],[120.811609,23.533709],[120.820349,23.521482],[120.819114,23.519534],[120.819556,23.515581],[120.823178,23.510941],[120.82408,23.504485],[120.822851,23.498671],[120.825314,23.495309],[120.827076,23.483381],[120.829896,23.480728],[120.832643,23.474731],[120.835999,23.472557],[120.839331,23.471221],[120.842092,23.473258],[120.849145,23.472092],[120.8632,23.47355],[120.873095,23.468527],[120.880797,23.467642],[120.884269,23.474308],[120.886706,23.475564],[120.910212,23.47623],[120.915089,23.474632],[120.917483,23.475693],[120.920922,23.474928],[120.930963,23.470664],[120.93465,23.473113],[120.937568,23.473054],[120.947519,23.467123],[120.957515,23.469503],[120.967109,23.471713],[120.970631,23.469042],[120.980537,23.469214],[120.984602,23.46657],[120.999693,23.462167],[121.007447,23.462785],[121.014949,23.454278],[121.015855,23.451609],[121.010421,23.44507],[121.010581,23.441244],[121.015268,23.43541],[121.019358,23.43631],[121.022117,23.439026],[121.026519,23.439153],[121.02866,23.441608],[121.033142,23.443323],[121.034954,23.44606],[121.046465,23.450872],[121.051817,23.450802],[121.054528,23.457379],[121.058351,23.460275],[121.058928,23.461942],[121.051307,23.46431],[121.049652,23.467833],[121.038896,23.474083],[121.04497,23.48054],[121.048553,23.482415],[121.050117,23.48653],[121.053612,23.487829],[121.052799,23.493677],[121.054097,23.495603],[121.057245,23.496188],[121.062167,23.499536],[121.062981,23.503837],[121.066138,23.50631],[121.06876,23.514767],[121.068458,23.518447],[121.088105,23.514046],[121.091851,23.514517],[121.093268,23.517779],[121.097363,23.521646],[121.101023,23.521245],[121.103674,23.51893],[121.110799,23.519061],[121.117698,23.521643],[121.126351,23.517047],[121.128789,23.518498],[121.131128,23.517485],[121.132255,23.515106],[121.135262,23.514961],[121.138335,23.520592],[121.144399,23.525595],[121.147171,23.527246],[121.151099,23.527046],[121.146876,23.534106],[121.15106,23.545175],[121.146117,23.55437],[121.151877,23.560474],[121.157143,23.559556],[121.160341,23.567828],[121.160352,23.569764],[121.155113,23.570863],[121.15215,23.573159],[121.152018,23.581657],[121.153392,23.586778],[121.15819,23.585731],[121.160509,23.587035],[121.166746,23.587142],[121.16987,23.586318],[121.171396,23.584142],[121.178044,23.582637],[121.17973,23.590032],[121.183474,23.593164],[121.189409,23.594812],[121.194173,23.6006],[121.200125,23.596402],[121.20658,23.595866],[121.208125,23.598242],[121.21341,23.60037],[121.217323,23.614697],[121.223621,23.623136],[121.22499,23.628771],[121.224119,23.638855],[121.230249,23.647987],[121.231927,23.657879],[121.235839,23.662521],[121.235955,23.670772],[121.232404,23.677041],[121.239432,23.686973],[121.23937,23.694686],[121.241212,23.698464],[121.239354,23.699781],[121.241208,23.708733],[121.239266,23.710964],[121.239519,23.716279],[121.237785,23.72007],[121.239463,23.724154],[121.235767,23.724638],[121.233106,23.730129],[121.229639,23.730191],[121.228815,23.744284],[121.230076,23.747184],[121.233322,23.7482],[121.232516,23.750601],[121.229306,23.752269],[121.221398,23.752756],[121.218645,23.756384],[121.213402,23.75747],[121.210967,23.761112],[121.206483,23.762637],[121.20867,23.765846],[121.206747,23.76724],[121.204651,23.772399],[121.208676,23.77593],[121.212191,23.775686],[121.219545,23.781796],[121.226293,23.783674],[121.230401,23.787967],[121.230332,23.790278],[121.227273,23.791094],[121.226621,23.792444],[121.226055,23.802278],[121.22791,23.805335],[121.227541,23.808538],[121.23446,23.812],[121.234773,23.817943],[121.239134,23.821863],[121.236677,23.825213],[121.239423,23.840423],[121.243481,23.844985],[121.244518,23.848913],[121.248924,23.852132],[121.249967,23.85982],[121.252921,23.862955],[121.253176,23.868085],[121.256939,23.869456],[121.258151,23.87251],[121.265252,23.872905],[121.262927,23.8795],[121.265318,23.883031],[121.268451,23.883753],[121.267413,23.889],[121.265508,23.891242],[121.265178,23.896719],[121.266536,23.898411],[121.26244,23.89908],[121.261062,23.902602],[121.266271,23.907266],[121.274453,23.907318],[121.276078,23.909864],[121.276295,23.916221],[121.275068,23.918584],[121.276515,23.923163],[121.273408,23.92849],[121.27485,23.931542],[121.272057,23.938345],[121.274334,23.94564],[121.271752,23.948505],[121.274705,23.951446],[121.275173,23.960101],[121.277954,23.96558],[121.275617,23.968359],[121.273567,23.975252],[121.26423,23.97598],[121.261427,23.981798],[121.260043,23.992078],[121.270051,24.006711],[121.270314,24.010015],[121.276316,24.020152],[121.27661,24.024615],[121.285661,24.039533],[121.284977,24.04857],[121.282612,24.051278],[121.283208,24.054267],[121.286473,24.057959],[121.295544,24.06378],[121.298636,24.06169],[121.299888,24.062174],[121.308192,24.073307],[121.317932,24.079699],[121.323132,24.084941],[121.318948,24.09501],[121.325658,24.102463],[121.328495,24.114409],[121.324997,24.116083],[121.315662,24.116494],[121.311626,24.12019],[121.303542,24.124579],[121.295864,24.132443],[121.281369,24.135873],[121.28468,24.152289],[121.28103,24.154493],[121.280335,24.157866],[121.288352,24.157739],[121.286612,24.177634],[121.29299,24.177202],[121.298788,24.180092],[121.30708,24.180332],[121.315787,24.185172],[121.319916,24.191236],[121.322711,24.19171],[121.32562,24.196125],[121.335811,24.19911],[121.34086,24.19846],[121.345086,24.199953],[121.349438,24.199775],[121.348333,24.20719],[121.349378,24.210438],[121.34302,24.223554]]]},"properties":{"code":"10008","name":"南投縣","countyCode":"10008","countyName":"南投縣","level":"county","unassigned":false,"note":"","label":[120.95220860087164,23.817448544345943],"bounds":[120.615522,23.43541,121.349438,24.245874],"focusBounds":[120.615522,23.43541,121.349438,24.245874],"color":"#68bec9","childCount":13}},{"type":"Feature","id":"10009","geometry":{"type":"MultiPolygon","coordinates":[[[[120.081084,23.52412],[120.081419,23.526379],[120.078663,23.524313],[120.078884,23.522798],[120.073275,23.520697],[120.066622,23.515158],[120.063398,23.514841],[120.062319,23.512378],[120.052292,23.507099],[120.052234,23.505663],[120.049818,23.505205],[120.037743,23.496282],[120.027692,23.491588],[120.014326,23.481933],[120.0129,23.482141],[120.012496,23.480477],[120.010172,23.479505],[120.010821,23.478642],[120.00032,23.472943],[119.996958,23.465391],[120.004098,23.460943],[120.008105,23.451962],[120.012962,23.446656],[120.012806,23.444795],[120.015468,23.443819],[120.014197,23.441815],[120.015867,23.439866],[120.0172,23.44141],[120.019178,23.436284],[120.020323,23.435705],[120.022246,23.438516],[120.020329,23.442034],[120.018471,23.442528],[120.020083,23.444073],[120.016029,23.448093],[120.014454,23.452787],[120.007574,23.461062],[120.008889,23.463858],[120.012701,23.466916],[120.0123,23.467834],[120.018032,23.469523],[120.019642,23.468576],[120.016419,23.467833],[120.015236,23.461072],[120.013903,23.45998],[120.01765,23.458686],[120.022112,23.46023],[120.023878,23.459537],[120.025401,23.464838],[120.023481,23.465729],[120.025777,23.468597],[120.022588,23.470464],[120.025906,23.47304],[120.024855,23.475245],[120.027303,23.475992],[120.027088,23.477851],[120.029787,23.479601],[120.033041,23.479621],[120.035798,23.477526],[120.036637,23.479734],[120.034935,23.48301],[120.037012,23.482517],[120.038311,23.480394],[120.037751,23.478242],[120.040944,23.478523],[120.040017,23.48045],[120.042376,23.482686],[120.041974,23.483803],[120.043959,23.484312],[120.045734,23.490309],[120.045025,23.493573],[120.04726,23.495185],[120.04791,23.493573],[120.051442,23.492511],[120.048651,23.49197],[120.045732,23.488214],[120.045602,23.484231],[120.04203,23.47993],[120.042678,23.476837],[120.047237,23.478688],[120.048971,23.476794],[120.047984,23.48021],[120.049501,23.479524],[120.052016,23.481327],[120.052299,23.483938],[120.05357,23.483359],[120.052676,23.48795],[120.05432,23.488059],[120.056921,23.485709],[120.055803,23.484158],[120.058312,23.482693],[120.053534,23.480695],[120.053686,23.478944],[120.058834,23.478912],[120.062527,23.480479],[120.060264,23.481431],[120.063771,23.482771],[120.063218,23.486099],[120.065143,23.487185],[120.062914,23.489402],[120.056153,23.490237],[120.053861,23.492282],[120.06239,23.491728],[120.06202,23.493162],[120.063694,23.492928],[120.065404,23.494645],[120.065275,23.491926],[120.068219,23.490138],[120.069186,23.493295],[120.072103,23.493954],[120.069375,23.49522],[120.06975,23.496648],[120.065313,23.496369],[120.066402,23.498552],[120.069998,23.4987],[120.070961,23.497279],[120.074109,23.498787],[120.06688,23.500297],[120.069137,23.502622],[120.071093,23.50202],[120.069908,23.503764],[120.071055,23.504259],[120.072364,23.501964],[120.077667,23.502059],[120.074872,23.50337],[120.077036,23.505838],[120.076599,23.507326],[120.079293,23.508958],[120.08249,23.50848],[120.082573,23.512571],[120.095986,23.51088],[120.095229,23.515453],[120.091586,23.519838],[120.081084,23.52412]]],[[[120.099419,23.541654],[120.097775,23.540615],[120.096376,23.541275],[120.096847,23.539273],[120.091154,23.531204],[120.091131,23.527772],[120.092995,23.527684],[120.096549,23.52142],[120.098967,23.523222],[120.098184,23.526089],[120.099884,23.529449],[120.109954,23.527222],[120.109327,23.529196],[120.111626,23.529606],[120.108357,23.532035],[120.103078,23.531652],[120.105495,23.534041],[120.107144,23.532922],[120.108011,23.533983],[120.101875,23.540738],[120.099419,23.541654]]],[[[120.132418,23.546726],[120.13198,23.548186],[120.130456,23.548187],[120.129214,23.547033],[120.130211,23.546434],[120.1295,23.544109],[120.12611,23.544162],[120.126423,23.543072],[120.128694,23.542931],[120.126769,23.541412],[120.126649,23.539578],[120.128983,23.538436],[120.127211,23.537884],[120.127806,23.535991],[120.126099,23.534871],[120.12722,23.533929],[120.125641,23.531176],[120.127103,23.530172],[120.132577,23.53032],[120.127502,23.532838],[120.132009,23.534164],[120.136939,23.542923],[120.134737,23.543669],[120.133796,23.547609],[120.132418,23.546726]]],[[[120.132321,23.563159],[120.132755,23.564362],[120.131419,23.5631],[120.128961,23.563871],[120.124484,23.562916],[120.121913,23.558288],[120.122879,23.556975],[120.121451,23.556109],[120.11576,23.556619],[120.111442,23.555348],[120.105058,23.547971],[120.10367,23.543836],[120.105537,23.542637],[120.105729,23.540489],[120.108122,23.539636],[120.110634,23.541817],[120.109387,23.543418],[120.110097,23.545688],[120.11538,23.546034],[120.116522,23.549508],[120.119258,23.549],[120.120589,23.552068],[120.123013,23.552678],[120.122481,23.554309],[120.123878,23.55503],[120.122569,23.556287],[120.125518,23.558841],[120.127668,23.557273],[120.127832,23.55331],[120.129858,23.551163],[120.129819,23.555036],[120.13168,23.557223],[120.130711,23.559538],[120.132422,23.559521],[120.130582,23.56175],[120.132321,23.563159]]],[[[120.13038,23.569008],[120.132517,23.573715],[120.13235,23.57896],[120.127291,23.573415],[120.13038,23.569008]]],[[[120.640374,23.786048],[120.63502,23.78677],[120.633132,23.788891],[120.628327,23.790011],[120.586962,23.791912],[120.578028,23.795276],[120.560288,23.798145],[120.551225,23.801128],[120.535471,23.801294],[120.527818,23.799059],[120.50874,23.800447],[120.483167,23.806569],[120.458124,23.816124],[120.452089,23.817216],[120.443359,23.822661],[120.43953,23.826865],[120.43311,23.830148],[120.425257,23.830248],[120.418436,23.827009],[120.410336,23.826376],[120.370325,23.828559],[120.358137,23.822813],[120.308126,23.820302],[120.255019,23.834252],[120.237851,23.846355],[120.220362,23.866219],[120.219251,23.858473],[120.214325,23.850717],[120.204631,23.847661],[120.204519,23.8449],[120.208398,23.841924],[120.208348,23.840221],[120.206048,23.834283],[120.201509,23.828413],[120.191692,23.818247],[120.182549,23.816192],[120.181087,23.809794],[120.178023,23.809067],[120.174988,23.805823],[120.170433,23.806659],[120.170242,23.805486],[120.175662,23.804434],[120.175461,23.803146],[120.165072,23.794434],[120.160156,23.786702],[120.156758,23.78455],[120.162886,23.779714],[120.162924,23.772471],[120.169188,23.758933],[120.16681,23.755586],[120.165812,23.7419],[120.155825,23.719442],[120.156186,23.715461],[120.146923,23.706746],[120.147213,23.701869],[120.145591,23.699877],[120.146031,23.692712],[120.139222,23.684233],[120.135228,23.667138],[120.125472,23.645724],[120.123966,23.6432],[120.116332,23.637677],[120.114438,23.63441],[120.118318,23.626628],[120.12523,23.621372],[120.128541,23.621936],[120.131208,23.624363],[120.135382,23.635901],[120.137087,23.636165],[120.137911,23.634634],[120.137167,23.620388],[120.133466,23.619499],[120.133018,23.615692],[120.139959,23.614073],[120.139641,23.59849],[120.140069,23.597217],[120.141481,23.601516],[120.141874,23.598182],[120.144811,23.597289],[120.144359,23.594136],[120.141515,23.591907],[120.140758,23.58388],[120.140568,23.573576],[120.141374,23.571985],[120.143453,23.571993],[120.143114,23.567647],[120.141497,23.563015],[120.137671,23.561976],[120.140055,23.558809],[120.139417,23.549514],[120.141138,23.545388],[120.145469,23.538999],[120.148632,23.53689],[120.150276,23.531935],[120.145383,23.526463],[120.145846,23.520823],[120.158136,23.515923],[120.164562,23.51583],[120.166587,23.517232],[120.180978,23.50985],[120.189928,23.510043],[120.198535,23.513041],[120.201277,23.512437],[120.200986,23.5114],[120.20681,23.511584],[120.206669,23.510598],[120.223047,23.504318],[120.239104,23.50769],[120.24478,23.511633],[120.247081,23.515269],[120.241912,23.53949],[120.243356,23.543611],[120.248905,23.545758],[120.256098,23.546092],[120.263451,23.533527],[120.268428,23.530277],[120.271913,23.530748],[120.276361,23.543469],[120.290766,23.550542],[120.289055,23.55899],[120.290372,23.562569],[120.295358,23.564583],[120.306551,23.562869],[120.310547,23.564446],[120.310236,23.567207],[120.306475,23.572063],[120.307441,23.574654],[120.311561,23.575027],[120.31962,23.572381],[120.327002,23.574169],[120.333121,23.579202],[120.334438,23.592673],[120.34332,23.591917],[120.359055,23.595051],[120.365711,23.602475],[120.36651,23.607806],[120.368119,23.607478],[120.37114,23.609485],[120.379987,23.610015],[120.380685,23.611718],[120.383382,23.612908],[120.382807,23.614629],[120.386054,23.620699],[120.402645,23.626937],[120.400887,23.632154],[120.404619,23.634192],[120.406414,23.632545],[120.406626,23.625183],[120.412976,23.623952],[120.415795,23.621379],[120.420703,23.625164],[120.422027,23.619266],[120.425379,23.61801],[120.427327,23.619314],[120.430342,23.618468],[120.433624,23.622865],[120.437039,23.621913],[120.435292,23.625523],[120.44113,23.625974],[120.444503,23.630534],[120.449965,23.62942],[120.453034,23.630691],[120.45403,23.629458],[120.451047,23.627124],[120.454272,23.626312],[120.460395,23.62934],[120.466139,23.630266],[120.473994,23.631067],[120.477023,23.629535],[120.479255,23.632947],[120.487871,23.630708],[120.487168,23.634157],[120.488726,23.635896],[120.493213,23.633127],[120.503829,23.635232],[120.507495,23.631178],[120.506455,23.625861],[120.51025,23.619349],[120.519414,23.60924],[120.527729,23.603207],[120.529517,23.599859],[120.536939,23.594727],[120.556332,23.592923],[120.558142,23.589058],[120.564966,23.589511],[120.567093,23.587741],[120.570711,23.588041],[120.576743,23.583514],[120.581403,23.582128],[120.585919,23.582598],[120.589746,23.585718],[120.594824,23.585404],[120.600315,23.58313],[120.606515,23.584211],[120.610197,23.582619],[120.615464,23.585319],[120.618999,23.584168],[120.62474,23.590538],[120.630831,23.589951],[120.647457,23.593215],[120.649121,23.592469],[120.64708,23.58748],[120.647327,23.585806],[120.649264,23.585698],[120.649169,23.583309],[120.64726,23.580387],[120.643482,23.578211],[120.64346,23.575713],[120.647256,23.576685],[120.649864,23.572791],[120.653467,23.57222],[120.658055,23.572878],[120.660685,23.576293],[120.669959,23.578784],[120.676241,23.570711],[120.693697,23.576505],[120.70466,23.574975],[120.7089,23.575707],[120.710051,23.571188],[120.716099,23.571064],[120.717945,23.569042],[120.724497,23.571895],[120.727905,23.570326],[120.736159,23.570457],[120.735172,23.575026],[120.732161,23.577128],[120.733993,23.584211],[120.732587,23.589688],[120.729903,23.593638],[120.73271,23.597172],[120.728751,23.598988],[120.727814,23.601376],[120.724552,23.60377],[120.730865,23.610807],[120.730676,23.618274],[120.723087,23.622532],[120.718371,23.629956],[120.713104,23.627911],[120.714071,23.621017],[120.710287,23.619163],[120.702274,23.617392],[120.696796,23.620011],[120.691319,23.620353],[120.686058,23.618209],[120.685472,23.61284],[120.683729,23.610938],[120.669136,23.60934],[120.664512,23.611118],[120.661203,23.61047],[120.658353,23.613833],[120.651449,23.616106],[120.653003,23.629506],[120.645135,23.630984],[120.643871,23.628247],[120.638735,23.624742],[120.635365,23.619847],[120.633702,23.619126],[120.630787,23.622088],[120.628713,23.63001],[120.630162,23.632637],[120.629077,23.635165],[120.631789,23.640195],[120.635207,23.642862],[120.634808,23.647008],[120.636352,23.648244],[120.634971,23.651573],[120.636854,23.656977],[120.640136,23.661141],[120.640571,23.664381],[120.644393,23.667606],[120.644935,23.671629],[120.646931,23.672707],[120.646046,23.677129],[120.648271,23.68279],[120.646245,23.684776],[120.646989,23.686574],[120.645713,23.687212],[120.645517,23.690076],[120.646596,23.692806],[120.64341,23.699702],[120.645673,23.703205],[120.641376,23.705627],[120.638985,23.710576],[120.640585,23.713277],[120.639738,23.714502],[120.641683,23.722281],[120.63971,23.726214],[120.640213,23.73072],[120.642069,23.730643],[120.644541,23.736642],[120.646302,23.735571],[120.650898,23.736169],[120.654603,23.734461],[120.655843,23.735119],[120.65436,23.741992],[120.655698,23.755022],[120.648477,23.773275],[120.640374,23.786048]]]]},"properties":{"code":"10009","name":"雲林縣","countyCode":"10009","countyName":"雲林縣","level":"county","unassigned":false,"note":"","label":[120.30631912472418,23.705970542837225],"bounds":[119.996958,23.435705,120.736159,23.866219],"focusBounds":[119.996958,23.435705,120.736159,23.866219],"color":"#df9f6a","childCount":20}},{"type":"Feature","id":"10010","geometry":{"type":"MultiPolygon","coordinates":[[[[120.151922,23.392736],[120.149807,23.398532],[120.144749,23.403774],[120.141175,23.412506],[120.143897,23.40288],[120.147712,23.398535],[120.150197,23.389175],[120.152394,23.390447],[120.151093,23.391645],[120.151532,23.392612],[120.152511,23.391644],[120.151922,23.392736]]],[[[120.1369,23.421361],[120.135623,23.425482],[120.135298,23.422742],[120.1369,23.421361]]],[[[120.730865,23.610807],[120.724552,23.60377],[120.727814,23.601376],[120.728751,23.598988],[120.73271,23.597172],[120.729903,23.593638],[120.732587,23.589688],[120.733993,23.584211],[120.732161,23.577128],[120.735172,23.575026],[120.736159,23.570457],[120.727905,23.570326],[120.724497,23.571895],[120.717945,23.569042],[120.716099,23.571064],[120.710051,23.571188],[120.7089,23.575707],[120.70466,23.574975],[120.693697,23.576505],[120.676241,23.570711],[120.669959,23.578784],[120.660685,23.576293],[120.658055,23.572878],[120.653467,23.57222],[120.649864,23.572791],[120.647256,23.576685],[120.64346,23.575713],[120.643482,23.578211],[120.64726,23.580387],[120.649169,23.583309],[120.649264,23.585698],[120.647327,23.585806],[120.64708,23.58748],[120.649121,23.592469],[120.647457,23.593215],[120.630831,23.589951],[120.62474,23.590538],[120.618999,23.584168],[120.615464,23.585319],[120.610197,23.582619],[120.606515,23.584211],[120.600315,23.58313],[120.594824,23.585404],[120.589746,23.585718],[120.585919,23.582598],[120.581403,23.582128],[120.576743,23.583514],[120.570711,23.588041],[120.567093,23.587741],[120.564966,23.589511],[120.558142,23.589058],[120.556332,23.592923],[120.536939,23.594727],[120.529517,23.599859],[120.527729,23.603207],[120.519414,23.60924],[120.51025,23.619349],[120.506455,23.625861],[120.507495,23.631178],[120.503829,23.635232],[120.493213,23.633127],[120.488726,23.635896],[120.487168,23.634157],[120.487871,23.630708],[120.479255,23.632947],[120.477023,23.629535],[120.473994,23.631067],[120.466139,23.630266],[120.460395,23.62934],[120.454272,23.626312],[120.451047,23.627124],[120.45403,23.629458],[120.453034,23.630691],[120.449965,23.62942],[120.444503,23.630534],[120.44113,23.625974],[120.435292,23.625523],[120.437039,23.621913],[120.433624,23.622865],[120.430342,23.618468],[120.427327,23.619314],[120.425379,23.61801],[120.422027,23.619266],[120.420703,23.625164],[120.415795,23.621379],[120.412976,23.623952],[120.406626,23.625183],[120.406414,23.632545],[120.404619,23.634192],[120.400887,23.632154],[120.402645,23.626937],[120.386054,23.620699],[120.382807,23.614629],[120.383382,23.612908],[120.380685,23.611718],[120.379987,23.610015],[120.37114,23.609485],[120.368119,23.607478],[120.36651,23.607806],[120.365711,23.602475],[120.359055,23.595051],[120.34332,23.591917],[120.334438,23.592673],[120.333121,23.579202],[120.327002,23.574169],[120.31962,23.572381],[120.311561,23.575027],[120.307441,23.574654],[120.306475,23.572063],[120.310236,23.567207],[120.310547,23.564446],[120.306551,23.562869],[120.295358,23.564583],[120.290372,23.562569],[120.289055,23.55899],[120.290766,23.550542],[120.276361,23.543469],[120.271913,23.530748],[120.268428,23.530277],[120.263451,23.533527],[120.256098,23.546092],[120.248905,23.545758],[120.243356,23.543611],[120.241912,23.53949],[120.247081,23.515269],[120.24478,23.511633],[120.239104,23.50769],[120.223047,23.504318],[120.206669,23.510598],[120.20681,23.511584],[120.200986,23.5114],[120.201277,23.512437],[120.198535,23.513041],[120.189928,23.510043],[120.180978,23.50985],[120.166587,23.517232],[120.164562,23.51583],[120.158136,23.515923],[120.145846,23.520823],[120.145848,23.518482],[120.142638,23.518498],[120.142455,23.517434],[120.125399,23.52047],[120.120384,23.518516],[120.118924,23.515056],[120.119429,23.495486],[120.123427,23.489644],[120.127371,23.487941],[120.133565,23.488154],[120.157857,23.495039],[120.160737,23.492926],[120.169683,23.492189],[120.16865,23.491747],[120.169669,23.490511],[120.168407,23.490572],[120.169361,23.489888],[120.160098,23.49185],[120.15523,23.491079],[120.156647,23.487536],[120.155792,23.484071],[120.149047,23.47814],[120.149616,23.476032],[120.148095,23.475667],[120.149016,23.474758],[120.146892,23.474999],[120.146032,23.474223],[120.147841,23.473718],[120.146296,23.47377],[120.145902,23.472281],[120.144978,23.473337],[120.145847,23.474091],[120.144867,23.473404],[120.14432,23.468046],[120.146084,23.466112],[120.14557,23.464238],[120.146123,23.465769],[120.14695,23.46518],[120.144817,23.459825],[120.13905,23.458048],[120.133253,23.451583],[120.135395,23.447703],[120.138188,23.449037],[120.136426,23.448487],[120.135394,23.451125],[120.138768,23.452663],[120.139918,23.450675],[120.138689,23.44894],[120.151146,23.455679],[120.152246,23.454852],[120.152783,23.452153],[120.150966,23.448978],[120.155603,23.448263],[120.146892,23.438366],[120.145512,23.428596],[120.148179,23.427217],[120.148218,23.427804],[120.150469,23.427713],[120.148856,23.427433],[120.149004,23.425529],[120.153616,23.4284],[120.155737,23.428565],[120.156002,23.427302],[120.149532,23.42303],[120.149545,23.419805],[120.151266,23.418286],[120.148204,23.414858],[120.149411,23.406147],[120.151639,23.398527],[120.152438,23.399777],[120.153005,23.398611],[120.153835,23.399152],[120.154143,23.404263],[120.159977,23.406125],[120.161674,23.39466],[120.163705,23.393041],[120.160729,23.388792],[120.155504,23.39094],[120.153648,23.388959],[120.155689,23.390074],[120.156154,23.388643],[120.159265,23.387689],[120.157784,23.38579],[120.157301,23.387234],[120.156716,23.386506],[120.154004,23.388115],[120.156897,23.384268],[120.158191,23.384783],[120.157069,23.383876],[120.15798,23.379806],[120.156456,23.379781],[120.155915,23.384704],[120.151841,23.387505],[120.152055,23.3886],[120.148077,23.385529],[120.13166,23.384779],[120.130898,23.370443],[120.11934,23.34693],[120.118078,23.340162],[120.132289,23.329756],[120.147082,23.321067],[120.148582,23.319573],[120.14837,23.315273],[120.149663,23.313249],[120.154131,23.31309],[120.156221,23.310041],[120.160582,23.310645],[120.168336,23.307012],[120.173923,23.299902],[120.17592,23.294016],[120.17868,23.291727],[120.189047,23.290216],[120.189355,23.292349],[120.185791,23.296603],[120.18841,23.301233],[120.19169,23.30027],[120.204275,23.2919],[120.208605,23.291295],[120.211826,23.292707],[120.21239,23.291701],[120.220874,23.296],[120.222638,23.298319],[120.237592,23.326647],[120.239697,23.327556],[120.245867,23.326852],[120.256395,23.331072],[120.267051,23.340632],[120.267499,23.344757],[120.260711,23.344471],[120.266037,23.35258],[120.270494,23.353689],[120.273316,23.35273],[120.277737,23.347716],[120.28621,23.350273],[120.283675,23.359998],[120.285891,23.367216],[120.29274,23.375318],[120.310946,23.375437],[120.311005,23.385568],[120.314774,23.38846],[120.317844,23.388434],[120.321694,23.383591],[120.3235,23.383617],[120.328444,23.386064],[120.328935,23.384879],[120.333862,23.3861],[120.34272,23.396222],[120.343101,23.398284],[120.34902,23.401218],[120.38425,23.404085],[120.404173,23.410046],[120.408109,23.413426],[120.410492,23.410168],[120.414491,23.41124],[120.416303,23.410417],[120.420062,23.403464],[120.421952,23.407044],[120.430314,23.406484],[120.432246,23.410815],[120.439998,23.413731],[120.450085,23.409231],[120.453267,23.406476],[120.454325,23.406341],[120.453982,23.40722],[120.460938,23.404707],[120.461842,23.402439],[120.464954,23.40077],[120.467688,23.401122],[120.4734,23.398073],[120.476145,23.39383],[120.475385,23.391001],[120.477471,23.390711],[120.479419,23.387589],[120.484004,23.391517],[120.485674,23.391438],[120.48554,23.393062],[120.489164,23.392446],[120.488654,23.393608],[120.490325,23.395624],[120.49494,23.394357],[120.499029,23.387398],[120.496819,23.384245],[120.490278,23.383071],[120.484402,23.379481],[120.482941,23.372327],[120.483935,23.369567],[120.488725,23.373068],[120.490097,23.371121],[120.491502,23.372487],[120.494271,23.369488],[120.496055,23.369951],[120.499473,23.368035],[120.501788,23.367825],[120.502596,23.369536],[120.504836,23.368902],[120.504927,23.367432],[120.510539,23.36436],[120.512464,23.356299],[120.50809,23.35276],[120.50616,23.355297],[120.504719,23.35468],[120.503562,23.350288],[120.505091,23.344815],[120.50786,23.342995],[120.510429,23.344091],[120.515584,23.343739],[120.52068,23.341947],[120.521417,23.340461],[120.523112,23.340678],[120.524745,23.338202],[120.526931,23.339385],[120.533723,23.336471],[120.539996,23.32787],[120.537056,23.326538],[120.535108,23.323246],[120.53195,23.321148],[120.530853,23.317107],[120.522551,23.311754],[120.526279,23.295334],[120.526009,23.292226],[120.521861,23.288091],[120.522943,23.28206],[120.520968,23.279686],[120.522323,23.27429],[120.520426,23.271776],[120.526092,23.266489],[120.52932,23.257874],[120.532295,23.255052],[120.530319,23.248526],[120.527909,23.24536],[120.519037,23.239256],[120.525744,23.231532],[120.52682,23.230933],[120.529679,23.232548],[120.531958,23.229665],[120.541508,23.227829],[120.548534,23.223988],[120.549785,23.221338],[120.554981,23.217473],[120.561372,23.217414],[120.565288,23.22098],[120.574874,23.217698],[120.57826,23.214783],[120.579681,23.218991],[120.586613,23.224164],[120.592489,23.239854],[120.595793,23.236727],[120.59724,23.229042],[120.602722,23.22608],[120.606518,23.225777],[120.609825,23.222636],[120.613078,23.223995],[120.616762,23.223545],[120.618389,23.225645],[120.624764,23.227175],[120.62838,23.229447],[120.634109,23.229225],[120.644174,23.225317],[120.646908,23.227133],[120.651383,23.224086],[120.653445,23.224538],[120.649484,23.228639],[120.651311,23.235819],[120.647893,23.244628],[120.649234,23.246909],[120.64845,23.249252],[120.642083,23.256809],[120.640691,23.266516],[120.638285,23.269176],[120.64109,23.271024],[120.640632,23.274165],[120.643153,23.27598],[120.641913,23.278542],[120.644051,23.282228],[120.641857,23.287476],[120.643723,23.289437],[120.64203,23.292902],[120.643744,23.296097],[120.647024,23.297439],[120.649453,23.292903],[120.652004,23.291171],[120.655319,23.291934],[120.658426,23.295972],[120.65967,23.294761],[120.661831,23.295007],[120.662674,23.293541],[120.667314,23.294026],[120.67089,23.290199],[120.674549,23.290888],[120.677354,23.287844],[120.678822,23.288846],[120.689897,23.285308],[120.699544,23.284424],[120.703415,23.28909],[120.702834,23.297564],[120.70677,23.304728],[120.712166,23.308697],[120.716284,23.307609],[120.72131,23.308267],[120.730629,23.305612],[120.730168,23.310756],[120.732307,23.313859],[120.739431,23.316842],[120.741049,23.321082],[120.747856,23.321909],[120.752873,23.327043],[120.752381,23.331031],[120.756444,23.33279],[120.758828,23.336444],[120.757078,23.338559],[120.758484,23.340868],[120.758069,23.344265],[120.764427,23.34167],[120.768456,23.343878],[120.773334,23.341823],[120.777135,23.343538],[120.783215,23.342204],[120.785215,23.345342],[120.787581,23.346141],[120.788452,23.352821],[120.791806,23.353467],[120.791986,23.357243],[120.796242,23.356858],[120.797903,23.360314],[120.800645,23.360643],[120.801082,23.36373],[120.804695,23.367211],[120.803273,23.36946],[120.804292,23.370663],[120.805788,23.370909],[120.808519,23.368391],[120.809835,23.369548],[120.813396,23.369423],[120.816276,23.371479],[120.821195,23.370523],[120.823094,23.371941],[120.825422,23.371707],[120.825741,23.373492],[120.829112,23.375797],[120.829378,23.383431],[120.830972,23.386601],[120.834628,23.386681],[120.834118,23.389653],[120.835582,23.389861],[120.836873,23.393387],[120.841007,23.394923],[120.838413,23.398247],[120.843939,23.403924],[120.844755,23.408229],[120.849308,23.41201],[120.849779,23.420355],[120.853968,23.423187],[120.857077,23.421968],[120.859102,23.425119],[120.860042,23.423785],[120.864523,23.423941],[120.86625,23.426078],[120.86962,23.42643],[120.871738,23.429598],[120.875415,23.431345],[120.875362,23.432768],[120.881617,23.433014],[120.883824,23.436256],[120.886765,23.434854],[120.891767,23.446609],[120.892871,23.445214],[120.895146,23.445922],[120.896245,23.450417],[120.900411,23.452094],[120.900523,23.454089],[120.90567,23.453176],[120.909402,23.457544],[120.916165,23.458888],[120.921438,23.4591],[120.928483,23.455493],[120.928385,23.456909],[120.93475,23.45844],[120.934498,23.461451],[120.936639,23.463781],[120.941157,23.463009],[120.948435,23.464167],[120.955999,23.467336],[120.957515,23.469503],[120.947519,23.467123],[120.937568,23.473054],[120.93465,23.473113],[120.930963,23.470664],[120.920922,23.474928],[120.917483,23.475693],[120.915089,23.474632],[120.910212,23.47623],[120.886706,23.475564],[120.884269,23.474308],[120.880797,23.467642],[120.873095,23.468527],[120.8632,23.47355],[120.849145,23.472092],[120.842092,23.473258],[120.839331,23.471221],[120.835999,23.472557],[120.832643,23.474731],[120.829896,23.480728],[120.827076,23.483381],[120.825314,23.495309],[120.822851,23.498671],[120.82408,23.504485],[120.823178,23.510941],[120.819556,23.515581],[120.819114,23.519534],[120.820349,23.521482],[120.811609,23.533709],[120.808637,23.535971],[120.808833,23.54586],[120.811494,23.551054],[120.815864,23.553109],[120.814148,23.556242],[120.820627,23.5624],[120.819924,23.564517],[120.821897,23.57091],[120.819626,23.574531],[120.819906,23.577679],[120.821618,23.582142],[120.824692,23.584202],[120.825527,23.586367],[120.820692,23.589537],[120.817048,23.595191],[120.818315,23.599059],[120.813707,23.60095],[120.809791,23.598688],[120.805124,23.598617],[120.803329,23.596646],[120.794917,23.597248],[120.790871,23.600944],[120.783129,23.600737],[120.778311,23.602033],[120.774576,23.605205],[120.77005,23.606055],[120.769413,23.608371],[120.764282,23.612237],[120.758081,23.612488],[120.753562,23.614816],[120.750918,23.614451],[120.74748,23.611164],[120.744388,23.612665],[120.741365,23.61227],[120.737398,23.609632],[120.730865,23.610807]],[[120.447587,23.518186],[120.457111,23.515681],[120.456308,23.511769],[120.464426,23.499072],[120.469721,23.499771],[120.470829,23.503819],[120.473502,23.506847],[120.480003,23.504337],[120.483155,23.505362],[120.484705,23.501738],[120.484337,23.495128],[120.489424,23.491365],[120.501256,23.489906],[120.501908,23.486327],[120.503731,23.485001],[120.501821,23.480928],[120.504078,23.480977],[120.503692,23.478882],[120.509012,23.475159],[120.509369,23.472835],[120.50486,23.469509],[120.503752,23.467175],[120.499715,23.465387],[120.500662,23.460972],[120.49518,23.452863],[120.489616,23.452246],[120.476805,23.461983],[120.468735,23.46162],[120.464551,23.458295],[120.464524,23.455612],[120.461016,23.455319],[120.454713,23.450318],[120.452463,23.4445],[120.447128,23.443402],[120.439575,23.439555],[120.43586,23.443584],[120.438236,23.444806],[120.438039,23.446531],[120.436952,23.446486],[120.434464,23.450688],[120.43285,23.450107],[120.430201,23.452176],[120.429298,23.461041],[120.415161,23.460274],[120.411279,23.464784],[120.394173,23.462519],[120.39428,23.466463],[120.399278,23.471068],[120.399069,23.478418],[120.393438,23.482377],[120.394722,23.490747],[120.389785,23.49135],[120.389338,23.498592],[120.394472,23.50081],[120.400205,23.498755],[120.40101,23.501871],[120.405932,23.503864],[120.408806,23.506572],[120.408318,23.498704],[120.411617,23.498889],[120.416754,23.505357],[120.424767,23.506301],[120.427482,23.509177],[120.433357,23.509029],[120.432526,23.513699],[120.433616,23.517168],[120.435841,23.516767],[120.437183,23.513966],[120.440612,23.511933],[120.442148,23.513321],[120.440621,23.518294],[120.444391,23.517278],[120.447587,23.518186]]]]},"properties":{"code":"10010","name":"嘉義縣","countyCode":"10010","countyName":"嘉義縣","level":"county","unassigned":false,"note":"","label":[120.65129029006019,23.43270285528962],"bounds":[120.118078,23.214783,120.957515,23.635896],"focusBounds":[120.118078,23.214783,120.957515,23.635896],"color":"#c38cb8","childCount":18}},{"type":"Feature","id":"10013","geometry":{"type":"MultiPolygon","coordinates":[[[[120.379642,22.355982],[120.367423,22.352114],[120.361114,22.346517],[120.362922,22.34408],[120.36324,22.340023],[120.360344,22.334706],[120.353617,22.329414],[120.353186,22.324996],[120.354653,22.323256],[120.358938,22.322202],[120.363124,22.323579],[120.376752,22.335728],[120.388012,22.342733],[120.388486,22.350676],[120.379642,22.355982]]],[[[120.864565,22.843081],[120.862315,22.847127],[120.859427,22.849237],[120.859927,22.851462],[120.857289,22.852681],[120.853185,22.857622],[120.847173,22.851967],[120.842978,22.854211],[120.840943,22.860382],[120.837499,22.864073],[120.833038,22.866274],[120.824975,22.86646],[120.819088,22.862346],[120.815164,22.861658],[120.813657,22.85747],[120.801078,22.851029],[120.793347,22.852032],[120.7917,22.848373],[120.792691,22.841119],[120.785839,22.839903],[120.778711,22.835204],[120.774409,22.837652],[120.769914,22.844554],[120.766089,22.848596],[120.764158,22.848993],[120.762155,22.856814],[120.755037,22.864679],[120.74926,22.865683],[120.742419,22.873736],[120.731772,22.875887],[120.725019,22.880834],[120.720507,22.881999],[120.704539,22.880668],[120.691976,22.868453],[120.690539,22.864873],[120.678969,22.862868],[120.676722,22.857254],[120.672112,22.856352],[120.66857,22.858714],[120.66048,22.86],[120.658645,22.86607],[120.659664,22.87012],[120.65805,22.879708],[120.65532,22.881615],[120.65102,22.877213],[120.648612,22.877049],[120.645028,22.885176],[120.621174,22.875692],[120.615087,22.876742],[120.60541,22.87297],[120.594815,22.863298],[120.574243,22.847717],[120.563569,22.835272],[120.553259,22.828403],[120.544063,22.829794],[120.536433,22.829266],[120.531005,22.830827],[120.529773,22.8317],[120.530572,22.832983],[120.515382,22.831518],[120.509988,22.828511],[120.505062,22.831517],[120.497692,22.831712],[120.492738,22.83729],[120.491461,22.83696],[120.492768,22.835693],[120.490769,22.835266],[120.483648,22.835621],[120.481454,22.837592],[120.47881,22.836765],[120.476836,22.838149],[120.474039,22.836785],[120.468755,22.830673],[120.46919,22.825017],[120.46753,22.822351],[120.467355,22.815479],[120.465499,22.81275],[120.464034,22.800288],[120.45743,22.785385],[120.453807,22.769578],[120.456063,22.722516],[120.45279,22.704169],[120.447647,22.688532],[120.442627,22.684557],[120.439656,22.678538],[120.44,22.673039],[120.436057,22.661337],[120.435908,22.631364],[120.433581,22.62396],[120.433683,22.617595],[120.437547,22.607274],[120.445463,22.599587],[120.447061,22.586969],[120.442058,22.560232],[120.436574,22.547557],[120.430875,22.544007],[120.422856,22.518451],[120.423657,22.506522],[120.42573,22.498172],[120.423937,22.47995],[120.424434,22.468713],[120.433103,22.468359],[120.436008,22.459475],[120.43851,22.459362],[120.447076,22.449339],[120.458544,22.439358],[120.508536,22.412148],[120.51755,22.411488],[120.517523,22.408982],[120.549593,22.392442],[120.585574,22.369387],[120.591306,22.364298],[120.590159,22.363316],[120.598936,22.355746],[120.605645,22.34021],[120.630504,22.319225],[120.636175,22.31278],[120.642065,22.303049],[120.642707,22.29107],[120.652096,22.268239],[120.649285,22.255745],[120.650161,22.252374],[120.65791,22.247096],[120.65792,22.242862],[120.664031,22.239282],[120.666004,22.239328],[120.671879,22.23342],[120.673795,22.229393],[120.672316,22.227534],[120.672764,22.224824],[120.673995,22.223201],[120.676751,22.222738],[120.680368,22.215243],[120.684777,22.210459],[120.68578,22.203213],[120.68402,22.196973],[120.68967,22.186584],[120.691087,22.175095],[120.693815,22.172479],[120.693703,22.167931],[120.695467,22.166455],[120.69602,22.159674],[120.694594,22.157394],[120.699938,22.148323],[120.698,22.143775],[120.698028,22.138168],[120.702057,22.133283],[120.702321,22.129839],[120.70905,22.122755],[120.710579,22.117258],[120.709646,22.116032],[120.711785,22.114615],[120.713101,22.111467],[120.712498,22.10834],[120.715864,22.104827],[120.715629,22.096879],[120.716847,22.093252],[120.714319,22.091964],[120.715329,22.091556],[120.714516,22.090779],[120.701312,22.086144],[120.699298,22.082779],[120.703334,22.078333],[120.705731,22.070742],[120.705273,22.057508],[120.704476,22.056044],[120.699252,22.05607],[120.697573,22.05499],[120.694415,22.048262],[120.695433,22.045925],[120.694682,22.043335],[120.696436,22.04307],[120.696888,22.040942],[120.693847,22.041529],[120.687145,22.032767],[120.684778,22.02562],[120.693186,22.00759],[120.693829,22.002589],[120.700695,21.995996],[120.704688,21.994694],[120.706938,21.987502],[120.710064,21.985643],[120.713551,21.980605],[120.715147,21.97289],[120.711522,21.963923],[120.709931,21.941476],[120.710576,21.934113],[120.712654,21.933309],[120.716326,21.934866],[120.719065,21.933139],[120.719034,21.927261],[120.726807,21.918771],[120.739659,21.919456],[120.739959,21.926638],[120.743383,21.928924],[120.744049,21.932207],[120.745284,21.932428],[120.745714,21.931162],[120.74709,21.931813],[120.745167,21.942732],[120.74602,21.943376],[120.748471,21.941812],[120.748442,21.949464],[120.752672,21.950754],[120.754905,21.953817],[120.753299,21.953672],[120.753156,21.955227],[120.755092,21.956433],[120.755828,21.955683],[120.757553,21.957392],[120.758552,21.956313],[120.761387,21.958873],[120.764684,21.959129],[120.766448,21.958674],[120.771068,21.951528],[120.777602,21.94928],[120.783018,21.943544],[120.794311,21.943156],[120.796626,21.942176],[120.799154,21.937414],[120.801789,21.937233],[120.802934,21.939838],[120.804224,21.93962],[120.808219,21.935595],[120.812627,21.933543],[120.819561,21.934997],[120.822223,21.934364],[120.82373,21.931047],[120.831841,21.924805],[120.836255,21.916522],[120.845632,21.914417],[120.846613,21.90291],[120.851136,21.896357],[120.858604,21.895601],[120.864921,21.898168],[120.866887,21.900555],[120.867135,21.902728],[120.863336,21.905595],[120.862022,21.908955],[120.86292,21.913765],[120.862015,21.918899],[120.85425,21.929449],[120.848916,21.933807],[120.843287,21.946217],[120.841476,21.958617],[120.844502,21.968265],[120.845484,21.97636],[120.844172,21.980247],[120.84669,21.987154],[120.861586,21.990815],[120.875786,21.998847],[120.879288,22.005733],[120.878231,22.010712],[120.883733,22.013246],[120.887081,22.016454],[120.889227,22.025762],[120.901254,22.034138],[120.89859,22.038193],[120.899691,22.039214],[120.898248,22.039145],[120.893925,22.048356],[120.892965,22.067979],[120.894079,22.088608],[120.899143,22.094428],[120.898804,22.100989],[120.902036,22.105305],[120.892464,22.109743],[120.888301,22.119811],[120.886624,22.128047],[120.887856,22.133296],[120.891058,22.134637],[120.895786,22.139782],[120.897076,22.143435],[120.892555,22.15032],[120.893975,22.155778],[120.89209,22.162444],[120.894231,22.172555],[120.890703,22.194536],[120.895013,22.200328],[120.896589,22.205058],[120.894168,22.220601],[120.896487,22.228478],[120.899132,22.230367],[120.899271,22.234043],[120.896295,22.24643],[120.892053,22.245452],[120.884184,22.240712],[120.880616,22.234699],[120.874731,22.234246],[120.866429,22.229825],[120.862145,22.230707],[120.864298,22.234285],[120.859003,22.238635],[120.858668,22.240819],[120.850836,22.243657],[120.844651,22.242863],[120.841396,22.24456],[120.83961,22.243633],[120.834616,22.245371],[120.825908,22.256646],[120.815399,22.26322],[120.808019,22.259361],[120.806129,22.259781],[120.799721,22.257179],[120.797992,22.257855],[120.799598,22.264994],[120.796204,22.267788],[120.798009,22.276257],[120.800586,22.277352],[120.806774,22.277158],[120.807212,22.280189],[120.805695,22.283795],[120.793211,22.28579],[120.790979,22.288411],[120.789898,22.293308],[120.780835,22.294953],[120.777743,22.297972],[120.776834,22.302584],[120.778151,22.308497],[120.787131,22.309207],[120.792687,22.312151],[120.796586,22.317171],[120.7951,22.322571],[120.793405,22.323645],[120.792473,22.335623],[120.789698,22.337643],[120.788468,22.341574],[120.786389,22.342239],[120.784723,22.345778],[120.775178,22.349353],[120.767263,22.34761],[120.76338,22.352784],[120.762981,22.359145],[120.761004,22.360419],[120.758102,22.359415],[120.752672,22.360395],[120.743458,22.367261],[120.744491,22.369815],[120.748783,22.373247],[120.748621,22.380383],[120.750499,22.384088],[120.756483,22.388383],[120.752141,22.392666],[120.753797,22.396434],[120.757603,22.398176],[120.753418,22.405058],[120.758116,22.404903],[120.765307,22.409046],[120.77339,22.406934],[120.775555,22.409654],[120.780357,22.409452],[120.789638,22.417648],[120.782442,22.433901],[120.775132,22.443297],[120.776332,22.449954],[120.765096,22.453058],[120.758176,22.458517],[120.754608,22.457247],[120.750973,22.459425],[120.754568,22.471404],[120.750808,22.479154],[120.757458,22.48183],[120.758552,22.488405],[120.763676,22.490915],[120.764342,22.495386],[120.7627,22.501098],[120.75847,22.507348],[120.753626,22.511036],[120.750016,22.534019],[120.739045,22.55366],[120.739691,22.562982],[120.741528,22.56867],[120.748783,22.572295],[120.749084,22.578633],[120.745803,22.589547],[120.754644,22.600785],[120.752874,22.611802],[120.754509,22.616103],[120.757908,22.622899],[120.761235,22.626207],[120.761312,22.630039],[120.767651,22.636185],[120.785817,22.661434],[120.786224,22.672041],[120.791566,22.679183],[120.787049,22.693157],[120.789123,22.693288],[120.797202,22.689202],[120.80802,22.689186],[120.8091,22.688257],[120.811445,22.692038],[120.819113,22.691028],[120.819877,22.695595],[120.82545,22.695705],[120.828691,22.697659],[120.83679,22.697078],[120.840235,22.706666],[120.843363,22.707648],[120.842481,22.709837],[120.844522,22.710858],[120.84851,22.716947],[120.854877,22.717546],[120.858391,22.713621],[120.861674,22.716698],[120.869415,22.715904],[120.87548,22.717178],[120.879422,22.716068],[120.883511,22.717067],[120.887279,22.722367],[120.888649,22.727289],[120.891435,22.729379],[120.892431,22.735569],[120.89503,22.738599],[120.89564,22.741818],[120.894137,22.743707],[120.895353,22.748197],[120.894099,22.75161],[120.895628,22.756162],[120.894812,22.762581],[120.891961,22.763697],[120.89356,22.766784],[120.900208,22.769215],[120.903817,22.775577],[120.904133,22.783582],[120.901692,22.787544],[120.9033,22.799807],[120.900893,22.804274],[120.891194,22.811624],[120.881132,22.814513],[120.877159,22.813072],[120.874734,22.815255],[120.87171,22.814792],[120.868629,22.816851],[120.8649,22.825073],[120.861628,22.826661],[120.865399,22.835613],[120.864065,22.838757],[120.864565,22.843081]]]]},"properties":{"code":"10013","name":"屏東縣","countyCode":"10013","countyName":"屏東縣","level":"county","unassigned":false,"note":"","label":[120.59356977916951,22.534848309231165],"bounds":[120.353186,21.895601,120.904133,22.885176],"focusBounds":[120.353186,21.895601,120.904133,22.885176],"color":"#98b69b","childCount":33}},{"type":"Feature","id":"10014","geometry":{"type":"MultiPolygon","coordinates":[[[[121.611792,21.9429],[121.616397,21.945045],[121.616197,21.952295],[121.614257,21.955057],[121.603532,21.95157],[121.607674,21.942957],[121.611792,21.9429]]],[[[121.504893,22.084726],[121.502245,22.084015],[121.499341,22.080533],[121.503184,22.077343],[121.510017,22.067666],[121.510693,22.063322],[121.506826,22.057068],[121.508591,22.056882],[121.510831,22.049567],[121.508654,22.046434],[121.512007,22.047436],[121.517176,22.045771],[121.520906,22.038713],[121.524923,22.038539],[121.527376,22.034416],[121.538089,22.024528],[121.547701,22.025951],[121.552982,22.024355],[121.55342,22.023051],[121.557688,22.021153],[121.569389,22.008759],[121.570266,22.002176],[121.571342,22.003574],[121.578162,22.003238],[121.579677,22.004974],[121.582142,22.004357],[121.580978,22.003821],[121.587461,21.999779],[121.59308,22.001807],[121.598586,22.011933],[121.60209,22.015173],[121.602704,22.019833],[121.596734,22.025121],[121.578675,22.032433],[121.570527,22.038943],[121.567311,22.039513],[121.568037,22.040853],[121.566185,22.041493],[121.567236,22.042449],[121.564069,22.048715],[121.563856,22.054049],[121.566922,22.057567],[121.570977,22.059711],[121.576083,22.059385],[121.570877,22.06473],[121.570114,22.070122],[121.567823,22.073185],[121.570439,22.08072],[121.569625,22.082909],[121.566459,22.084305],[121.559951,22.080368],[121.552054,22.082638],[121.532932,22.081749],[121.528914,22.079653],[121.52556,22.081084],[121.51252,22.080512],[121.504893,22.084726]]],[[[121.566747,22.085895],[121.568549,22.087531],[121.567623,22.087845],[121.566747,22.085895]]],[[[121.491542,22.677461],[121.491742,22.678911],[121.489979,22.676986],[121.484727,22.677313],[121.479836,22.674078],[121.466019,22.676473],[121.464667,22.671485],[121.475306,22.658708],[121.473503,22.646479],[121.488808,22.642622],[121.493434,22.638397],[121.495221,22.632489],[121.498285,22.632013],[121.497985,22.634113],[121.499674,22.635076],[121.505576,22.634238],[121.506226,22.63259],[121.506364,22.634342],[121.50774,22.634597],[121.505001,22.6357],[121.502064,22.643894],[121.499526,22.645902],[121.502191,22.652201],[121.505605,22.651492],[121.505868,22.652757],[121.508769,22.653835],[121.506906,22.657166],[121.511173,22.669299],[121.509286,22.671469],[121.51,22.677072],[121.507061,22.678639],[121.500996,22.675869],[121.496031,22.676462],[121.493467,22.675094],[121.491542,22.677461]]],[[[121.496092,23.434826],[121.490501,23.435261],[121.482468,23.430167],[121.479799,23.431182],[121.473308,23.440622],[121.463442,23.438868],[121.461584,23.441537],[121.457098,23.442213],[121.454424,23.441143],[121.451012,23.443163],[121.446109,23.443583],[121.440641,23.433672],[121.439234,23.432608],[121.4334,23.432866],[121.420218,23.420582],[121.419969,23.4169],[121.410493,23.398951],[121.403614,23.389412],[121.400087,23.386681],[121.403626,23.375813],[121.404365,23.367352],[121.407571,23.364638],[121.410098,23.364899],[121.417906,23.360588],[121.422877,23.359992],[121.422529,23.355701],[121.41668,23.349315],[121.409711,23.345898],[121.402078,23.333901],[121.399606,23.326588],[121.399938,23.323184],[121.397734,23.321686],[121.390248,23.320624],[121.39011,23.315896],[121.387846,23.310641],[121.383793,23.308126],[121.377855,23.30094],[121.376282,23.295659],[121.376857,23.281824],[121.378604,23.274512],[121.377917,23.26962],[121.372333,23.267826],[121.370561,23.262219],[121.366926,23.260243],[121.365857,23.258034],[121.363613,23.257646],[121.36149,23.253657],[121.359401,23.25269],[121.358944,23.249661],[121.361536,23.246905],[121.360898,23.244352],[121.352599,23.231305],[121.354378,23.225525],[121.35716,23.223715],[121.349967,23.217886],[121.346459,23.217099],[121.345689,23.213566],[121.346914,23.209273],[121.344286,23.205759],[121.342146,23.195809],[121.338258,23.19069],[121.337866,23.185326],[121.335313,23.181302],[121.334931,23.177933],[121.329741,23.180371],[121.3233,23.178735],[121.32393,23.174791],[121.322214,23.173233],[121.321859,23.169395],[121.318562,23.168188],[121.317406,23.164581],[121.321366,23.159136],[121.322032,23.155348],[121.327202,23.152193],[121.324396,23.148979],[121.323811,23.143299],[121.320367,23.137926],[121.322941,23.123772],[121.321967,23.117171],[121.315738,23.109721],[121.305222,23.111286],[121.299979,23.109264],[121.29142,23.109369],[121.287326,23.106711],[121.28441,23.10657],[121.283028,23.103867],[121.280865,23.104033],[121.278205,23.100751],[121.272352,23.097881],[121.270741,23.101189],[121.264317,23.103922],[121.267372,23.109339],[121.267267,23.114093],[121.264465,23.115157],[121.264258,23.117661],[121.259567,23.121016],[121.2576,23.126117],[121.249206,23.131521],[121.248303,23.129586],[121.245209,23.128407],[121.238455,23.128738],[121.230929,23.13925],[121.224888,23.139878],[121.211951,23.144232],[121.210641,23.14806],[121.212488,23.154934],[121.210299,23.159896],[121.20649,23.162806],[121.205682,23.16687],[121.19917,23.175092],[121.198255,23.188442],[121.194429,23.192508],[121.189504,23.203717],[121.184395,23.204913],[121.175628,23.210187],[121.169902,23.207067],[121.16091,23.205964],[121.154702,23.199148],[121.147352,23.199007],[121.139364,23.201915],[121.138094,23.20809],[121.134519,23.211256],[121.129395,23.223298],[121.123399,23.225081],[121.108454,23.22349],[121.105647,23.22415],[121.103626,23.226963],[121.09638,23.229649],[121.092841,23.233815],[121.083636,23.232964],[121.080987,23.233791],[121.079239,23.232679],[121.07795,23.234221],[121.078452,23.237583],[121.071025,23.24685],[121.069225,23.255175],[121.065858,23.257546],[121.062417,23.26584],[121.061846,23.268016],[121.062891,23.26888],[121.060721,23.273031],[121.062068,23.279408],[121.056315,23.290299],[121.043066,23.296311],[121.038901,23.300653],[121.028324,23.297122],[121.023746,23.293706],[121.020005,23.29457],[121.017407,23.29287],[121.009845,23.292498],[121.001385,23.287376],[120.99064,23.284128],[120.986591,23.280321],[120.978993,23.282267],[120.97263,23.282187],[120.966114,23.276583],[120.963364,23.2721],[120.959679,23.27084],[120.95738,23.264159],[120.951104,23.259509],[120.946693,23.253114],[120.941251,23.251947],[120.937897,23.244949],[120.930605,23.242462],[120.926528,23.244555],[120.924041,23.241982],[120.919412,23.24098],[120.915719,23.237873],[120.911566,23.227857],[120.911632,23.209552],[120.906732,23.205651],[120.907153,23.201132],[120.905748,23.199553],[120.90644,23.196712],[120.910893,23.192167],[120.9123,23.187403],[120.91076,23.181692],[120.909051,23.179799],[120.905906,23.180576],[120.898724,23.176663],[120.89831,23.173123],[120.895856,23.171433],[120.895004,23.160718],[120.887351,23.158241],[120.88626,23.155433],[120.883333,23.153436],[120.876411,23.151335],[120.881435,23.146227],[120.885762,23.144284],[120.887874,23.136681],[120.885961,23.128044],[120.888058,23.122438],[120.884965,23.119347],[120.886775,23.113613],[120.889401,23.110439],[120.888141,23.104205],[120.889151,23.100492],[120.88555,23.09263],[120.885629,23.089107],[120.878075,23.078231],[120.875345,23.068543],[120.869215,23.059686],[120.874498,23.050943],[120.879749,23.047774],[120.88138,23.042682],[120.87996,23.035522],[120.878905,23.034441],[120.872001,23.034477],[120.863974,23.032491],[120.861614,23.030768],[120.860657,23.00805],[120.858234,23.005055],[120.851072,23.005125],[120.852065,22.999905],[120.849093,22.994854],[120.841926,22.990933],[120.841182,22.984],[120.832457,22.980388],[120.829055,22.974387],[120.830144,22.96999],[120.822445,22.96487],[120.820793,22.961966],[120.824752,22.952454],[120.821778,22.945124],[120.821814,22.935258],[120.826881,22.928135],[120.829159,22.920784],[120.831439,22.919855],[120.833288,22.912268],[120.829959,22.909526],[120.828662,22.903974],[120.833537,22.899815],[120.834951,22.8931],[120.838226,22.889894],[120.840525,22.881949],[120.852088,22.878097],[120.859727,22.878368],[120.864871,22.872551],[120.865545,22.869664],[120.864199,22.866667],[120.859151,22.863446],[120.869572,22.857758],[120.866603,22.853816],[120.868348,22.850746],[120.865575,22.847089],[120.864565,22.843081],[120.864065,22.838757],[120.865399,22.835613],[120.861628,22.826661],[120.8649,22.825073],[120.868629,22.816851],[120.87171,22.814792],[120.874734,22.815255],[120.877159,22.813072],[120.881132,22.814513],[120.891194,22.811624],[120.900893,22.804274],[120.9033,22.799807],[120.901692,22.787544],[120.904133,22.783582],[120.903817,22.775577],[120.900208,22.769215],[120.89356,22.766784],[120.891961,22.763697],[120.894812,22.762581],[120.895628,22.756162],[120.894099,22.75161],[120.895353,22.748197],[120.894137,22.743707],[120.89564,22.741818],[120.89503,22.738599],[120.892431,22.735569],[120.891435,22.729379],[120.888649,22.727289],[120.887279,22.722367],[120.883511,22.717067],[120.879422,22.716068],[120.87548,22.717178],[120.869415,22.715904],[120.861674,22.716698],[120.858391,22.713621],[120.854877,22.717546],[120.84851,22.716947],[120.844522,22.710858],[120.842481,22.709837],[120.843363,22.707648],[120.840235,22.706666],[120.83679,22.697078],[120.828691,22.697659],[120.82545,22.695705],[120.819877,22.695595],[120.819113,22.691028],[120.811445,22.692038],[120.8091,22.688257],[120.80802,22.689186],[120.797202,22.689202],[120.789123,22.693288],[120.787049,22.693157],[120.791566,22.679183],[120.786224,22.672041],[120.785817,22.661434],[120.767651,22.636185],[120.761312,22.630039],[120.761235,22.626207],[120.757908,22.622899],[120.754509,22.616103],[120.752874,22.611802],[120.754644,22.600785],[120.745803,22.589547],[120.749084,22.578633],[120.748783,22.572295],[120.741528,22.56867],[120.739691,22.562982],[120.739045,22.55366],[120.750016,22.534019],[120.753626,22.511036],[120.75847,22.507348],[120.7627,22.501098],[120.764342,22.495386],[120.763676,22.490915],[120.758552,22.488405],[120.757458,22.48183],[120.750808,22.479154],[120.754568,22.471404],[120.750973,22.459425],[120.754608,22.457247],[120.758176,22.458517],[120.765096,22.453058],[120.776332,22.449954],[120.775132,22.443297],[120.782442,22.433901],[120.789638,22.417648],[120.780357,22.409452],[120.775555,22.409654],[120.77339,22.406934],[120.765307,22.409046],[120.758116,22.404903],[120.753418,22.405058],[120.757603,22.398176],[120.753797,22.396434],[120.752141,22.392666],[120.756483,22.388383],[120.750499,22.384088],[120.748621,22.380383],[120.748783,22.373247],[120.744491,22.369815],[120.743458,22.367261],[120.752672,22.360395],[120.758102,22.359415],[120.761004,22.360419],[120.762981,22.359145],[120.76338,22.352784],[120.767263,22.34761],[120.775178,22.349353],[120.784723,22.345778],[120.786389,22.342239],[120.788468,22.341574],[120.789698,22.337643],[120.792473,22.335623],[120.793405,22.323645],[120.7951,22.322571],[120.796586,22.317171],[120.792687,22.312151],[120.787131,22.309207],[120.778151,22.308497],[120.776834,22.302584],[120.777743,22.297972],[120.780835,22.294953],[120.789898,22.293308],[120.790979,22.288411],[120.793211,22.28579],[120.805695,22.283795],[120.807212,22.280189],[120.806774,22.277158],[120.800586,22.277352],[120.798009,22.276257],[120.796204,22.267788],[120.799598,22.264994],[120.797992,22.257855],[120.799721,22.257179],[120.806129,22.259781],[120.808019,22.259361],[120.815399,22.26322],[120.825908,22.256646],[120.834616,22.245371],[120.83961,22.243633],[120.841396,22.24456],[120.844651,22.242863],[120.850836,22.243657],[120.858668,22.240819],[120.859003,22.238635],[120.864298,22.234285],[120.862145,22.230707],[120.866429,22.229825],[120.874731,22.234246],[120.880616,22.234699],[120.884184,22.240712],[120.892053,22.245452],[120.896295,22.24643],[120.894471,22.26076],[120.895272,22.262507],[120.893079,22.266553],[120.891661,22.282957],[120.892435,22.318091],[120.89524,22.335716],[120.902614,22.352546],[120.908826,22.359196],[120.91487,22.384924],[120.921125,22.396137],[120.928845,22.417181],[120.933104,22.423209],[120.946402,22.45688],[120.959526,22.505286],[120.968216,22.526448],[120.977296,22.55449],[120.985507,22.569344],[120.998332,22.578391],[121.00916,22.58896],[121.012595,22.61951],[121.017192,22.635684],[121.025736,22.655844],[121.035533,22.667681],[121.042881,22.671916],[121.055359,22.6761],[121.064244,22.682006],[121.073105,22.691755],[121.081356,22.698198],[121.093182,22.703711],[121.101516,22.705313],[121.123692,22.716247],[121.137262,22.729406],[121.145086,22.734447],[121.156785,22.747323],[121.165986,22.751175],[121.176191,22.758802],[121.17987,22.769259],[121.181398,22.782904],[121.187415,22.790413],[121.194898,22.790293],[121.196003,22.792628],[121.197169,22.791931],[121.198456,22.793413],[121.198189,22.794738],[121.201029,22.795854],[121.199629,22.804392],[121.196871,22.810976],[121.197534,22.812234],[121.196462,22.812691],[121.19813,22.814806],[121.194112,22.817666],[121.193572,22.8213],[121.191824,22.822918],[121.192402,22.82557],[121.188242,22.828265],[121.186255,22.832898],[121.188839,22.83788],[121.189579,22.84694],[121.19879,22.85672],[121.201387,22.857096],[121.209041,22.863095],[121.219979,22.864921],[121.224686,22.867168],[121.233352,22.864489],[121.236168,22.867994],[121.235235,22.870971],[121.238908,22.87848],[121.241196,22.880159],[121.247306,22.88146],[121.25558,22.895165],[121.259145,22.89828],[121.262195,22.90645],[121.269419,22.911869],[121.278646,22.930829],[121.279861,22.939377],[121.283034,22.947877],[121.285863,22.950155],[121.286607,22.948842],[121.287836,22.949416],[121.286656,22.95184],[121.29141,22.955467],[121.293096,22.95514],[121.293347,22.953639],[121.295176,22.954519],[121.313681,22.976802],[121.323462,22.993282],[121.321611,22.997155],[121.322032,23.002081],[121.323231,23.004854],[121.325322,23.004683],[121.327319,23.007107],[121.329444,23.016204],[121.337186,23.020113],[121.335097,23.023158],[121.336607,23.025216],[121.33916,23.025913],[121.338527,23.033297],[121.341636,23.042443],[121.343296,23.043653],[121.343711,23.048328],[121.34588,23.051109],[121.348132,23.064626],[121.352835,23.071341],[121.356644,23.073639],[121.355082,23.079658],[121.358016,23.082551],[121.357844,23.085407],[121.363363,23.093892],[121.367304,23.096534],[121.382941,23.095492],[121.385025,23.097613],[121.385308,23.100868],[121.38762,23.102309],[121.387408,23.105603],[121.391608,23.108285],[121.395155,23.113429],[121.397523,23.114566],[121.40182,23.113513],[121.407018,23.11589],[121.412471,23.122357],[121.411674,23.123288],[121.418486,23.122685],[121.424588,23.12566],[121.423146,23.127757],[121.416353,23.126772],[121.413679,23.124087],[121.406482,23.12565],[121.402958,23.128742],[121.399797,23.135119],[121.401092,23.146047],[121.399443,23.148976],[121.405001,23.154112],[121.407754,23.166836],[121.406818,23.170282],[121.402936,23.171819],[121.403889,23.178087],[121.398367,23.185707],[121.396109,23.199205],[121.397021,23.205116],[121.398133,23.207966],[121.402819,23.212248],[121.410037,23.213542],[121.420388,23.22632],[121.418712,23.228314],[121.415731,23.227881],[121.414897,23.234928],[121.419026,23.247987],[121.42081,23.250048],[121.420816,23.257622],[121.424056,23.264251],[121.427717,23.266687],[121.427442,23.27266],[121.43287,23.288131],[121.434321,23.288231],[121.439183,23.296861],[121.441673,23.297165],[121.44242,23.302495],[121.447096,23.30532],[121.447454,23.309318],[121.454045,23.313508],[121.458521,23.31356],[121.460493,23.311834],[121.460689,23.312905],[121.462389,23.31281],[121.46775,23.331941],[121.46764,23.345618],[121.472205,23.352431],[121.470804,23.35668],[121.473581,23.363298],[121.472209,23.371538],[121.474856,23.386625],[121.477991,23.395286],[121.482036,23.397281],[121.481807,23.402117],[121.484016,23.404129],[121.484083,23.410739],[121.486237,23.412893],[121.489233,23.423325],[121.492492,23.426841],[121.496092,23.434826]]]]},"properties":{"code":"10014","name":"臺東縣","countyCode":"10014","countyName":"臺東縣","level":"county","unassigned":false,"note":"","label":[121.03856684048097,22.94979743325163],"bounds":[120.739045,21.9429,121.616397,23.443583],"focusBounds":[120.739045,21.9429,121.616397,23.443583],"color":"#58b99d","childCount":16}},{"type":"Feature","id":"10015","geometry":{"type":"Polygon","coordinates":[[[121.774065,24.315271],[121.770849,24.313148],[121.759398,24.314107],[121.744736,24.322853],[121.73518,24.323074],[121.727791,24.325985],[121.713535,24.326887],[121.694983,24.334853],[121.688466,24.333619],[121.685581,24.340731],[121.675118,24.337665],[121.673488,24.33998],[121.673983,24.343396],[121.669109,24.3431],[121.666741,24.347246],[121.663904,24.349173],[121.663129,24.352886],[121.661374,24.353014],[121.660012,24.351152],[121.656646,24.353255],[121.653514,24.352189],[121.653654,24.356109],[121.650479,24.359886],[121.647853,24.357725],[121.650032,24.354872],[121.650724,24.35093],[121.650303,24.349502],[121.648756,24.349508],[121.640475,24.357168],[121.638337,24.362319],[121.635028,24.363716],[121.634999,24.366339],[121.630619,24.366421],[121.631866,24.369769],[121.630952,24.370549],[121.621881,24.366759],[121.620378,24.363209],[121.623569,24.362341],[121.621202,24.358114],[121.626771,24.35433],[121.626852,24.349531],[121.630464,24.348217],[121.633237,24.34917],[121.635522,24.347618],[121.635297,24.344815],[121.631373,24.343982],[121.632976,24.339898],[121.632804,24.334747],[121.628638,24.333694],[121.62669,24.335626],[121.628084,24.338708],[121.62748,24.341119],[121.622785,24.339473],[121.620625,24.344872],[121.619214,24.345482],[121.616139,24.338134],[121.618662,24.335743],[121.617537,24.333646],[121.61523,24.333303],[121.612207,24.335888],[121.607917,24.335416],[121.60646,24.330057],[121.604473,24.329009],[121.60072,24.330863],[121.59923,24.333525],[121.596978,24.333467],[121.595752,24.331623],[121.596571,24.328139],[121.601327,24.323285],[121.601098,24.320581],[121.605227,24.317282],[121.607023,24.312637],[121.605747,24.309423],[121.601918,24.314148],[121.597192,24.316294],[121.593761,24.316413],[121.589489,24.313802],[121.587515,24.316062],[121.575855,24.31967],[121.5699,24.317942],[121.566373,24.319184],[121.56333,24.322235],[121.559489,24.323154],[121.556079,24.331154],[121.544989,24.337768],[121.540535,24.335912],[121.533272,24.337055],[121.527755,24.339152],[121.525145,24.342473],[121.522159,24.343022],[121.517994,24.341005],[121.515435,24.341815],[121.513567,24.340814],[121.50968,24.341201],[121.507929,24.3432],[121.504383,24.342934],[121.498121,24.339234],[121.492238,24.34209],[121.485368,24.348456],[121.481378,24.348926],[121.478875,24.351876],[121.475263,24.351265],[121.465401,24.355306],[121.452012,24.36468],[121.448665,24.362781],[121.44727,24.359545],[121.441575,24.358593],[121.437794,24.352052],[121.435618,24.347246],[121.437775,24.342218],[121.434306,24.33827],[121.432519,24.330269],[121.434854,24.322194],[121.428495,24.317359],[121.423234,24.308216],[121.420242,24.307622],[121.416781,24.309176],[121.411435,24.307264],[121.405103,24.308252],[121.403455,24.296883],[121.396584,24.288738],[121.393517,24.288232],[121.39084,24.289744],[121.387243,24.284706],[121.380546,24.279756],[121.38327,24.267979],[121.38566,24.264155],[121.385058,24.254988],[121.378425,24.252815],[121.372679,24.25412],[121.366892,24.2521],[121.364423,24.247273],[121.360669,24.243943],[121.352606,24.243855],[121.352333,24.234632],[121.34302,24.223554],[121.349378,24.210438],[121.348333,24.20719],[121.349438,24.199775],[121.345086,24.199953],[121.34086,24.19846],[121.335811,24.19911],[121.32562,24.196125],[121.322711,24.19171],[121.319916,24.191236],[121.315787,24.185172],[121.30708,24.180332],[121.298788,24.180092],[121.29299,24.177202],[121.286612,24.177634],[121.288352,24.157739],[121.280335,24.157866],[121.28103,24.154493],[121.28468,24.152289],[121.281369,24.135873],[121.295864,24.132443],[121.303542,24.124579],[121.311626,24.12019],[121.315662,24.116494],[121.324997,24.116083],[121.328495,24.114409],[121.325658,24.102463],[121.318948,24.09501],[121.323132,24.084941],[121.317932,24.079699],[121.308192,24.073307],[121.299888,24.062174],[121.298636,24.06169],[121.295544,24.06378],[121.286473,24.057959],[121.283208,24.054267],[121.282612,24.051278],[121.284977,24.04857],[121.285661,24.039533],[121.27661,24.024615],[121.276316,24.020152],[121.270314,24.010015],[121.270051,24.006711],[121.260043,23.992078],[121.261427,23.981798],[121.26423,23.97598],[121.273567,23.975252],[121.275617,23.968359],[121.277954,23.96558],[121.275173,23.960101],[121.274705,23.951446],[121.271752,23.948505],[121.274334,23.94564],[121.272057,23.938345],[121.27485,23.931542],[121.273408,23.92849],[121.276515,23.923163],[121.275068,23.918584],[121.276295,23.916221],[121.276078,23.909864],[121.274453,23.907318],[121.266271,23.907266],[121.261062,23.902602],[121.26244,23.89908],[121.266536,23.898411],[121.265178,23.896719],[121.265508,23.891242],[121.267413,23.889],[121.268451,23.883753],[121.265318,23.883031],[121.262927,23.8795],[121.265252,23.872905],[121.258151,23.87251],[121.256939,23.869456],[121.253176,23.868085],[121.252921,23.862955],[121.249967,23.85982],[121.248924,23.852132],[121.244518,23.848913],[121.243481,23.844985],[121.239423,23.840423],[121.236677,23.825213],[121.239134,23.821863],[121.234773,23.817943],[121.23446,23.812],[121.227541,23.808538],[121.22791,23.805335],[121.226055,23.802278],[121.226621,23.792444],[121.227273,23.791094],[121.230332,23.790278],[121.230401,23.787967],[121.226293,23.783674],[121.219545,23.781796],[121.212191,23.775686],[121.208676,23.77593],[121.204651,23.772399],[121.206747,23.76724],[121.20867,23.765846],[121.206483,23.762637],[121.210967,23.761112],[121.213402,23.75747],[121.218645,23.756384],[121.221398,23.752756],[121.229306,23.752269],[121.232516,23.750601],[121.233322,23.7482],[121.230076,23.747184],[121.228815,23.744284],[121.229639,23.730191],[121.233106,23.730129],[121.235767,23.724638],[121.239463,23.724154],[121.237785,23.72007],[121.239519,23.716279],[121.239266,23.710964],[121.241208,23.708733],[121.239354,23.699781],[121.241212,23.698464],[121.23937,23.694686],[121.239432,23.686973],[121.232404,23.677041],[121.235955,23.670772],[121.235839,23.662521],[121.231927,23.657879],[121.230249,23.647987],[121.224119,23.638855],[121.22499,23.628771],[121.223621,23.623136],[121.217323,23.614697],[121.21341,23.60037],[121.208125,23.598242],[121.20658,23.595866],[121.200125,23.596402],[121.194173,23.6006],[121.189409,23.594812],[121.183474,23.593164],[121.17973,23.590032],[121.178044,23.582637],[121.171396,23.584142],[121.16987,23.586318],[121.166746,23.587142],[121.160509,23.587035],[121.15819,23.585731],[121.153392,23.586778],[121.152018,23.581657],[121.15215,23.573159],[121.155113,23.570863],[121.160352,23.569764],[121.160341,23.567828],[121.157143,23.559556],[121.151877,23.560474],[121.146117,23.55437],[121.15106,23.545175],[121.146876,23.534106],[121.151099,23.527046],[121.147171,23.527246],[121.144399,23.525595],[121.138335,23.520592],[121.135262,23.514961],[121.132255,23.515106],[121.131128,23.517485],[121.128789,23.518498],[121.126351,23.517047],[121.117698,23.521643],[121.110799,23.519061],[121.103674,23.51893],[121.101023,23.521245],[121.097363,23.521646],[121.093268,23.517779],[121.091851,23.514517],[121.088105,23.514046],[121.068458,23.518447],[121.06876,23.514767],[121.066138,23.50631],[121.062981,23.503837],[121.062167,23.499536],[121.057245,23.496188],[121.054097,23.495603],[121.052799,23.493677],[121.053612,23.487829],[121.050117,23.48653],[121.048553,23.482415],[121.04497,23.48054],[121.038896,23.474083],[121.049652,23.467833],[121.051307,23.46431],[121.058928,23.461942],[121.058351,23.460275],[121.054528,23.457379],[121.051817,23.450802],[121.046465,23.450872],[121.034954,23.44606],[121.033142,23.443323],[121.02866,23.441608],[121.026519,23.439153],[121.022117,23.439026],[121.019358,23.43631],[121.015268,23.43541],[121.012889,23.433083],[121.014086,23.430977],[121.020695,23.429647],[121.02253,23.424902],[121.029446,23.422383],[121.027741,23.416253],[121.024911,23.414603],[121.02708,23.41278],[121.026652,23.406042],[121.028393,23.403871],[121.021746,23.399968],[121.019242,23.401517],[121.014643,23.396583],[121.010463,23.395098],[121.006434,23.396556],[121.003211,23.394788],[121.001133,23.391745],[121.007386,23.387032],[121.007718,23.384665],[121.000095,23.382372],[120.991549,23.371744],[120.987958,23.370573],[120.986565,23.363425],[120.987095,23.358731],[121.002484,23.355253],[121.007574,23.352025],[121.007544,23.349181],[121.010104,23.345904],[121.015194,23.346341],[121.018105,23.350126],[121.020046,23.350383],[121.022364,23.348127],[121.02432,23.340729],[121.026997,23.337623],[121.030914,23.337028],[121.032521,23.334069],[121.037041,23.333024],[121.03942,23.329135],[121.044978,23.327781],[121.048781,23.325307],[121.04716,23.320008],[121.048044,23.313781],[121.046282,23.308678],[121.036429,23.303802],[121.032075,23.303789],[121.031365,23.300433],[121.028324,23.297122],[121.038901,23.300653],[121.043066,23.296311],[121.056315,23.290299],[121.062068,23.279408],[121.060721,23.273031],[121.062891,23.26888],[121.061846,23.268016],[121.062417,23.26584],[121.065858,23.257546],[121.069225,23.255175],[121.071025,23.24685],[121.078452,23.237583],[121.07795,23.234221],[121.079239,23.232679],[121.080987,23.233791],[121.083636,23.232964],[121.092841,23.233815],[121.09638,23.229649],[121.103626,23.226963],[121.105647,23.22415],[121.108454,23.22349],[121.123399,23.225081],[121.129395,23.223298],[121.134519,23.211256],[121.138094,23.20809],[121.139364,23.201915],[121.147352,23.199007],[121.154702,23.199148],[121.16091,23.205964],[121.169902,23.207067],[121.175628,23.210187],[121.184395,23.204913],[121.189504,23.203717],[121.194429,23.192508],[121.198255,23.188442],[121.19917,23.175092],[121.205682,23.16687],[121.20649,23.162806],[121.210299,23.159896],[121.212488,23.154934],[121.210641,23.14806],[121.211951,23.144232],[121.224888,23.139878],[121.230929,23.13925],[121.238455,23.128738],[121.245209,23.128407],[121.248303,23.129586],[121.249206,23.131521],[121.2576,23.126117],[121.259567,23.121016],[121.264258,23.117661],[121.264465,23.115157],[121.267267,23.114093],[121.267372,23.109339],[121.264317,23.103922],[121.270741,23.101189],[121.272352,23.097881],[121.278205,23.100751],[121.280865,23.104033],[121.283028,23.103867],[121.28441,23.10657],[121.287326,23.106711],[121.29142,23.109369],[121.299979,23.109264],[121.305222,23.111286],[121.315738,23.109721],[121.321967,23.117171],[121.322941,23.123772],[121.320367,23.137926],[121.323811,23.143299],[121.324396,23.148979],[121.327202,23.152193],[121.322032,23.155348],[121.321366,23.159136],[121.317406,23.164581],[121.318562,23.168188],[121.321859,23.169395],[121.322214,23.173233],[121.32393,23.174791],[121.3233,23.178735],[121.329741,23.180371],[121.334931,23.177933],[121.335313,23.181302],[121.337866,23.185326],[121.338258,23.19069],[121.342146,23.195809],[121.344286,23.205759],[121.346914,23.209273],[121.345689,23.213566],[121.346459,23.217099],[121.349967,23.217886],[121.35716,23.223715],[121.354378,23.225525],[121.352599,23.231305],[121.360898,23.244352],[121.361536,23.246905],[121.358944,23.249661],[121.359401,23.25269],[121.36149,23.253657],[121.363613,23.257646],[121.365857,23.258034],[121.366926,23.260243],[121.370561,23.262219],[121.372333,23.267826],[121.377917,23.26962],[121.378604,23.274512],[121.376857,23.281824],[121.376282,23.295659],[121.377855,23.30094],[121.383793,23.308126],[121.387846,23.310641],[121.39011,23.315896],[121.390248,23.320624],[121.397734,23.321686],[121.399938,23.323184],[121.399606,23.326588],[121.402078,23.333901],[121.409711,23.345898],[121.41668,23.349315],[121.422529,23.355701],[121.422877,23.359992],[121.417906,23.360588],[121.410098,23.364899],[121.407571,23.364638],[121.404365,23.367352],[121.403626,23.375813],[121.400087,23.386681],[121.403614,23.389412],[121.410493,23.398951],[121.419969,23.4169],[121.420218,23.420582],[121.4334,23.432866],[121.439234,23.432608],[121.440641,23.433672],[121.446109,23.443583],[121.451012,23.443163],[121.454424,23.441143],[121.457098,23.442213],[121.461584,23.441537],[121.463442,23.438868],[121.473308,23.440622],[121.479799,23.431182],[121.482468,23.430167],[121.490501,23.435261],[121.496092,23.434826],[121.499825,23.456157],[121.503745,23.467612],[121.508094,23.471718],[121.509712,23.47944],[121.512236,23.481661],[121.51395,23.487156],[121.512449,23.491801],[121.510169,23.492372],[121.507718,23.491236],[121.506203,23.505233],[121.504411,23.507363],[121.505713,23.511305],[121.503465,23.520186],[121.50537,23.529405],[121.508031,23.531504],[121.506966,23.534657],[121.51134,23.551487],[121.522007,23.567065],[121.523085,23.571586],[121.526291,23.576389],[121.526114,23.582417],[121.530072,23.597168],[121.531228,23.626475],[121.536586,23.647191],[121.539893,23.651577],[121.543395,23.653336],[121.543764,23.65601],[121.540999,23.66053],[121.545358,23.664572],[121.54669,23.673099],[121.545881,23.675038],[121.553364,23.698348],[121.550659,23.70045],[121.549858,23.702952],[121.54989,23.716556],[121.552241,23.722745],[121.553675,23.724405],[121.556549,23.724799],[121.5602,23.729534],[121.572452,23.756613],[121.573142,23.762353],[121.57126,23.766134],[121.570809,23.782379],[121.572852,23.800424],[121.576528,23.810906],[121.583402,23.819832],[121.585433,23.828499],[121.593918,23.844592],[121.598237,23.857019],[121.60497,23.893664],[121.606022,23.915911],[121.611872,23.933328],[121.609062,23.946299],[121.60981,23.948088],[121.607807,23.949317],[121.606908,23.952771],[121.607823,23.959899],[121.61584,23.973207],[121.622191,23.977873],[121.626605,23.97377],[121.628284,23.969473],[121.635003,23.979816],[121.634834,23.984635],[121.639561,23.995407],[121.647917,24.008949],[121.643673,24.019392],[121.636107,24.024197],[121.629885,24.031132],[121.619192,24.052225],[121.616511,24.061308],[121.615669,24.070257],[121.615927,24.077245],[121.619127,24.089582],[121.631723,24.105993],[121.653735,24.119997],[121.663758,24.134515],[121.665141,24.140519],[121.664215,24.155433],[121.659973,24.163662],[121.658479,24.171878],[121.659083,24.181038],[121.663317,24.194141],[121.673948,24.207556],[121.684888,24.212239],[121.69628,24.22072],[121.706133,24.225608],[121.715593,24.241669],[121.719391,24.243807],[121.728302,24.245702],[121.743278,24.259853],[121.747307,24.27754],[121.750177,24.283708],[121.761228,24.295754],[121.769539,24.302698],[121.773007,24.308759],[121.774065,24.315271]]]},"properties":{"code":"10015","name":"花蓮縣","countyCode":"10015","countyName":"花蓮縣","level":"county","unassigned":false,"note":"","label":[121.40581115170453,23.79672658016886],"bounds":[120.986565,23.097881,121.774065,24.370549],"focusBounds":[120.986565,23.097881,121.774065,24.370549],"color":"#efb44f","childCount":13}},{"type":"Feature","id":"10016","geometry":{"type":"MultiPolygon","coordinates":[[[[119.440261,23.221366],[119.414738,23.217308],[119.414494,23.215246],[119.412662,23.216341],[119.414237,23.215355],[119.412746,23.214178],[119.412294,23.215737],[119.411696,23.214528],[119.41156,23.216111],[119.409512,23.216286],[119.411399,23.211549],[119.415943,23.209033],[119.416404,23.206104],[119.420629,23.203316],[119.420493,23.198147],[119.415736,23.193764],[119.417155,23.193092],[119.416279,23.193945],[119.417848,23.195354],[119.419293,23.194562],[119.418742,23.195451],[119.421745,23.196071],[119.421706,23.194472],[119.42071,23.195633],[119.421626,23.193353],[119.420203,23.193307],[119.420169,23.194416],[119.420027,23.193337],[119.417928,23.193399],[119.421691,23.192703],[119.42219,23.190651],[119.423177,23.191771],[119.42706,23.189941],[119.429873,23.186596],[119.431772,23.18993],[119.43026,23.192156],[119.431217,23.192544],[119.429119,23.193506],[119.430349,23.193817],[119.42935,23.194389],[119.429882,23.196776],[119.432932,23.19779],[119.432484,23.199534],[119.433876,23.199424],[119.436166,23.201919],[119.442971,23.200593],[119.443441,23.204633],[119.441924,23.206111],[119.44321,23.208419],[119.444153,23.207631],[119.442969,23.208928],[119.443663,23.214028],[119.447985,23.220087],[119.440261,23.221366]]],[[[119.616147,23.253721],[119.608738,23.251418],[119.608683,23.248915],[119.610921,23.246168],[119.61531,23.244099],[119.617392,23.243851],[119.61952,23.245427],[119.621561,23.244611],[119.621914,23.246524],[119.61964,23.248707],[119.621393,23.252942],[119.616147,23.253721]]],[[[119.519666,23.253788],[119.517977,23.252988],[119.518807,23.252339],[119.519666,23.253788]]],[[[119.677366,23.26407],[119.667445,23.261928],[119.665422,23.258611],[119.666764,23.255296],[119.667845,23.255278],[119.666861,23.25295],[119.666526,23.254924],[119.666765,23.252372],[119.664579,23.250539],[119.666416,23.25034],[119.665969,23.248357],[119.667116,23.2494],[119.66935,23.247727],[119.6711,23.24389],[119.674245,23.246715],[119.6727,23.251277],[119.677915,23.25604],[119.678547,23.260331],[119.680092,23.260189],[119.679136,23.263587],[119.677366,23.26407]]],[[[119.660939,23.264366],[119.657482,23.263275],[119.656729,23.260977],[119.660035,23.259963],[119.661634,23.262925],[119.660939,23.264366]]],[[[119.51977,23.264626],[119.518577,23.265274],[119.514075,23.262315],[119.512817,23.257479],[119.510037,23.257159],[119.512049,23.256831],[119.511372,23.255745],[119.509418,23.256887],[119.509908,23.255915],[119.516455,23.25481],[119.516535,23.257074],[119.52208,23.262079],[119.521804,23.264466],[119.51977,23.264626]]],[[[119.506746,23.272559],[119.50276,23.272709],[119.504658,23.2685],[119.511165,23.266747],[119.509864,23.273224],[119.506746,23.272559]]],[[[119.502856,23.276628],[119.501403,23.275538],[119.504217,23.275899],[119.502856,23.276628]]],[[[119.501434,23.290769],[119.50093,23.28903],[119.502442,23.289062],[119.501434,23.290769]]],[[[119.336674,23.322353],[119.334842,23.321065],[119.335213,23.317665],[119.336892,23.317103],[119.33843,23.318028],[119.336674,23.322353]]],[[[119.324149,23.324537],[119.323292,23.324049],[119.325563,23.323886],[119.324149,23.324537]]],[[[119.320262,23.326038],[119.319862,23.327628],[119.318293,23.325202],[119.319215,23.323868],[119.320829,23.324689],[119.321098,23.323331],[119.322928,23.323815],[119.320262,23.326038]]],[[[119.539294,23.350495],[119.537582,23.349359],[119.538828,23.349179],[119.539294,23.350495]]],[[[119.468591,23.353059],[119.467126,23.351921],[119.467659,23.350798],[119.469642,23.352675],[119.468591,23.353059]]],[[[119.462109,23.355977],[119.46065,23.353893],[119.462973,23.354977],[119.462109,23.355977]]],[[[119.537549,23.361947],[119.536455,23.363339],[119.535574,23.361276],[119.53696,23.359994],[119.538434,23.361617],[119.537549,23.361947]]],[[[119.553289,23.363782],[119.55238,23.365252],[119.552209,23.363819],[119.553289,23.363782]]],[[[119.523634,23.374862],[119.52317,23.375568],[119.524544,23.37336],[119.527048,23.373345],[119.525665,23.375031],[119.523634,23.374862]]],[[[119.537118,23.375272],[119.533005,23.372401],[119.531268,23.373834],[119.530549,23.371728],[119.527107,23.372378],[119.525388,23.36998],[119.526811,23.371],[119.527653,23.368706],[119.52655,23.369448],[119.526491,23.367892],[119.525434,23.369716],[119.526356,23.36764],[119.525283,23.36661],[119.519589,23.366825],[119.518577,23.36409],[119.521335,23.36225],[119.520518,23.36125],[119.519591,23.362385],[119.520536,23.359873],[119.521303,23.361207],[119.523884,23.360609],[119.523917,23.357559],[119.525257,23.357266],[119.526648,23.359675],[119.525928,23.362808],[119.532474,23.366908],[119.543844,23.364973],[119.543273,23.366973],[119.541476,23.367557],[119.540828,23.372722],[119.537118,23.375272]]],[[[119.527369,23.378856],[119.52638,23.379411],[119.529627,23.376499],[119.527369,23.378856]]],[[[119.514474,23.384071],[119.512866,23.384765],[119.513962,23.383883],[119.512106,23.382147],[119.512734,23.381014],[119.515223,23.381617],[119.514474,23.384071]]],[[[119.513146,23.395916],[119.512342,23.395513],[119.514073,23.395897],[119.513146,23.395916]]],[[[119.493731,23.397234],[119.490973,23.396994],[119.48943,23.394692],[119.492965,23.39201],[119.493429,23.38883],[119.495958,23.387461],[119.49167,23.379508],[119.493839,23.377988],[119.492016,23.375405],[119.493543,23.375005],[119.493415,23.372195],[119.494222,23.373872],[119.493798,23.37276],[119.494862,23.3727],[119.493297,23.370484],[119.49465,23.365545],[119.488809,23.36019],[119.490103,23.359588],[119.486295,23.355994],[119.490731,23.353037],[119.502992,23.355729],[119.505571,23.354999],[119.506119,23.353035],[119.50827,23.354028],[119.513109,23.352475],[119.513807,23.353572],[119.508331,23.358482],[119.509428,23.36089],[119.508349,23.360611],[119.508018,23.363023],[119.509517,23.361492],[119.507654,23.364659],[119.516306,23.367843],[119.515833,23.370398],[119.514723,23.37058],[119.516623,23.373497],[119.514603,23.37495],[119.513976,23.371034],[119.508627,23.371175],[119.508845,23.372942],[119.513407,23.376887],[119.511598,23.375721],[119.508366,23.376788],[119.508625,23.381758],[119.506786,23.383385],[119.507513,23.392248],[119.505622,23.392755],[119.506248,23.394063],[119.504792,23.394873],[119.504219,23.391737],[119.502203,23.391631],[119.501985,23.38937],[119.499079,23.389819],[119.497535,23.390583],[119.497281,23.394107],[119.495235,23.394635],[119.495009,23.396973],[119.493731,23.397234]]],[[[119.319723,23.411677],[119.317489,23.404572],[119.314446,23.402743],[119.316377,23.396851],[119.316749,23.399011],[119.31802,23.397586],[119.318295,23.398606],[119.319606,23.397949],[119.327228,23.400344],[119.327572,23.402962],[119.330694,23.404859],[119.328865,23.407111],[119.324894,23.406934],[119.32503,23.408343],[119.319723,23.411677]]],[[[119.541151,23.496034],[119.537593,23.498074],[119.534846,23.495895],[119.529312,23.495842],[119.525603,23.492739],[119.520718,23.492216],[119.520622,23.489988],[119.51814,23.487775],[119.516583,23.488559],[119.515943,23.488263],[119.516462,23.488368],[119.517691,23.487269],[119.517133,23.486517],[119.516002,23.486934],[119.516645,23.487965],[119.515446,23.486491],[119.514138,23.487005],[119.512747,23.49092],[119.510373,23.491463],[119.50903,23.485058],[119.511728,23.482995],[119.517265,23.485451],[119.528569,23.486596],[119.536871,23.491945],[119.54366,23.493738],[119.541151,23.496034]]],[[[119.520517,23.515047],[119.51969,23.512221],[119.516052,23.514648],[119.514462,23.509401],[119.519604,23.508751],[119.52182,23.509692],[119.521805,23.514338],[119.520517,23.515047]]],[[[119.725589,23.536104],[119.723989,23.534904],[119.726986,23.534346],[119.725589,23.536104]]],[[[119.698177,23.540589],[119.696611,23.539452],[119.698728,23.538278],[119.699487,23.538994],[119.698177,23.540589]]],[[[119.533342,23.541673],[119.530097,23.541325],[119.532549,23.538712],[119.533342,23.541673]]],[[[119.66096,23.544709],[119.6594,23.544337],[119.659487,23.54293],[119.66096,23.544709]]],[[[119.542832,23.554896],[119.541385,23.554969],[119.541375,23.552955],[119.543211,23.553407],[119.542832,23.554896]]],[[[119.696999,23.55539],[119.695458,23.555453],[119.696895,23.554034],[119.696999,23.55539]]],[[[119.695542,23.55781],[119.694116,23.557188],[119.696002,23.556961],[119.695542,23.55781]]],[[[119.725345,23.558719],[119.722747,23.55767],[119.725045,23.557178],[119.725345,23.558719]]],[[[119.663628,23.558692],[119.662906,23.559564],[119.664101,23.557178],[119.663628,23.558692]]],[[[119.692135,23.56389],[119.690713,23.563328],[119.690985,23.561225],[119.692441,23.561478],[119.692135,23.56389]]],[[[119.674418,23.605313],[119.675397,23.604482],[119.671956,23.604829],[119.673559,23.603222],[119.672947,23.601985],[119.674224,23.603302],[119.676447,23.602618],[119.675514,23.603739],[119.6773,23.604059],[119.674418,23.605313]]],[[[119.564312,23.60379],[119.565804,23.605579],[119.565178,23.606853],[119.564312,23.60379]]],[[[119.698732,23.617287],[119.697637,23.616077],[119.699759,23.615677],[119.698732,23.617287]]],[[[119.702535,23.617547],[119.701669,23.616673],[119.702864,23.616652],[119.702535,23.617547]]],[[[119.699835,23.620336],[119.698604,23.618464],[119.699804,23.61702],[119.701259,23.619648],[119.699835,23.620336]]],[[[119.570828,23.617742],[119.569802,23.621466],[119.56792,23.622539],[119.567889,23.620489],[119.565178,23.619142],[119.567725,23.616562],[119.568014,23.617585],[119.569931,23.616522],[119.570828,23.617742]]],[[[119.529926,23.624319],[119.529636,23.622979],[119.531228,23.623202],[119.529926,23.624319]]],[[[119.68608,23.627761],[119.684255,23.627329],[119.684234,23.626103],[119.683302,23.626875],[119.684906,23.624737],[119.685616,23.626264],[119.687087,23.626118],[119.68608,23.627761]]],[[[119.659908,23.631649],[119.658573,23.630228],[119.662122,23.629039],[119.659908,23.631649]]],[[[119.63445,23.651476],[119.632311,23.651403],[119.63163,23.647758],[119.629548,23.646778],[119.6318,23.647654],[119.631623,23.645839],[119.629669,23.646294],[119.631549,23.645747],[119.630659,23.644651],[119.633106,23.64652],[119.633975,23.642922],[119.634153,23.64666],[119.63609,23.647659],[119.63687,23.650457],[119.63445,23.651476]]],[[[119.548078,23.654444],[119.547743,23.653319],[119.548866,23.653785],[119.548078,23.654444]]],[[[119.525086,23.657216],[119.526873,23.654826],[119.527268,23.656995],[119.525086,23.657216]]],[[[119.64145,23.660368],[119.639721,23.660249],[119.638245,23.65809],[119.639329,23.659287],[119.645427,23.659995],[119.64145,23.660368]]],[[[119.664318,23.669568],[119.661838,23.663504],[119.657556,23.662565],[119.654749,23.660509],[119.655659,23.659257],[119.655704,23.660925],[119.656719,23.65972],[119.658455,23.66094],[119.659239,23.660158],[119.658197,23.659937],[119.659385,23.659467],[119.659223,23.659061],[119.657139,23.65972],[119.654082,23.656803],[119.657462,23.659509],[119.659895,23.658749],[119.66174,23.658504],[119.662271,23.659134],[119.664184,23.658711],[119.667686,23.66051],[119.665683,23.660467],[119.666439,23.662069],[119.665283,23.663455],[119.665721,23.666889],[119.667363,23.668627],[119.664318,23.669568]]],[[[119.618929,23.67537],[119.617811,23.67584],[119.616236,23.674035],[119.615904,23.668533],[119.616501,23.673242],[119.618473,23.673302],[119.614213,23.665249],[119.619492,23.673512],[119.618929,23.67537]]],[[[119.671002,23.67614],[119.668591,23.673453],[119.672717,23.674453],[119.671002,23.67614]]],[[[119.556234,23.67661],[119.554074,23.675503],[119.556342,23.673406],[119.556234,23.67661]]],[[[119.584295,23.67657],[119.582299,23.677519],[119.578717,23.676243],[119.577659,23.674374],[119.571234,23.671553],[119.570421,23.672403],[119.568238,23.672474],[119.570373,23.672322],[119.571073,23.671527],[119.569699,23.671073],[119.570247,23.670272],[119.56861,23.672082],[119.555193,23.668553],[119.550856,23.66278],[119.552072,23.660268],[119.550153,23.657751],[119.552158,23.659484],[119.553996,23.657511],[119.551315,23.658033],[119.5534,23.656775],[119.540304,23.64045],[119.535556,23.638668],[119.53201,23.638933],[119.531359,23.640502],[119.531897,23.638931],[119.52947,23.639946],[119.531285,23.64005],[119.527756,23.640502],[119.525325,23.642182],[119.525735,23.643937],[119.522626,23.642326],[119.51935,23.644466],[119.519526,23.647621],[119.524308,23.651298],[119.524105,23.65586],[119.517917,23.654572],[119.514266,23.655554],[119.51422,23.652023],[119.517281,23.652323],[119.517922,23.649197],[119.519407,23.649658],[119.519671,23.648153],[119.518137,23.647711],[119.517938,23.649006],[119.51562,23.64984],[119.514161,23.647628],[119.51203,23.648353],[119.507509,23.636317],[119.503961,23.635589],[119.50216,23.630926],[119.504101,23.623788],[119.499288,23.620102],[119.504319,23.61509],[119.503823,23.616498],[119.505711,23.617392],[119.505287,23.615358],[119.507325,23.615193],[119.508946,23.612652],[119.5082,23.610736],[119.504478,23.609732],[119.505045,23.607751],[119.50265,23.605675],[119.502428,23.599612],[119.503014,23.600484],[119.50406,23.599661],[119.50443,23.597299],[119.498376,23.595675],[119.498176,23.600705],[119.49448,23.600453],[119.493801,23.60208],[119.49146,23.598602],[119.494101,23.596072],[119.490311,23.595684],[119.489517,23.594265],[119.498532,23.592963],[119.502146,23.590452],[119.504464,23.587354],[119.504592,23.585975],[119.503155,23.586072],[119.504261,23.58514],[119.503374,23.579138],[119.500868,23.576234],[119.499172,23.577048],[119.499681,23.57499],[119.50082,23.575925],[119.500274,23.574611],[119.498894,23.574225],[119.499167,23.576134],[119.497176,23.572235],[119.491844,23.569832],[119.488289,23.570261],[119.483396,23.575407],[119.4813,23.575429],[119.477853,23.568943],[119.469536,23.565365],[119.467219,23.561291],[119.472196,23.559264],[119.476518,23.559807],[119.479636,23.562628],[119.480881,23.561863],[119.480182,23.56294],[119.478996,23.56295],[119.480652,23.56441],[119.48308,23.564344],[119.480783,23.562606],[119.484444,23.563886],[119.489731,23.562664],[119.491319,23.563382],[119.492077,23.566063],[119.496174,23.568141],[119.501727,23.566737],[119.501142,23.565842],[119.498661,23.566099],[119.500375,23.565326],[119.501947,23.566226],[119.502146,23.566828],[119.501261,23.567359],[119.511305,23.563721],[119.516232,23.564795],[119.518043,23.567311],[119.515015,23.568312],[119.515935,23.569282],[119.514658,23.568469],[119.514055,23.569229],[119.515844,23.569682],[119.513139,23.570578],[119.515206,23.574582],[119.512537,23.575645],[119.513276,23.579485],[119.512037,23.579516],[119.512912,23.580818],[119.512028,23.580889],[119.512046,23.581893],[119.514762,23.582442],[119.513838,23.579933],[119.516315,23.585399],[119.512282,23.592158],[119.514887,23.594695],[119.517082,23.594347],[119.516592,23.593279],[119.519627,23.59453],[119.523127,23.601765],[119.522972,23.604845],[119.519815,23.61088],[119.520954,23.610834],[119.520102,23.612223],[119.521769,23.614824],[119.519528,23.618681],[119.521144,23.620791],[119.518107,23.625361],[119.518182,23.62865],[119.521678,23.631264],[119.522763,23.629081],[119.523359,23.631242],[119.524818,23.630657],[119.522963,23.628774],[119.524605,23.630062],[119.530253,23.630191],[119.531915,23.632326],[119.536495,23.633658],[119.536408,23.632775],[119.539194,23.632224],[119.537378,23.632718],[119.537415,23.634065],[119.539387,23.63265],[119.543746,23.640798],[119.540745,23.640614],[119.553986,23.656976],[119.556041,23.655488],[119.554482,23.657512],[119.558092,23.655722],[119.556294,23.65579],[119.555965,23.654333],[119.558637,23.655625],[119.563264,23.65139],[119.564962,23.654869],[119.567063,23.65604],[119.567403,23.659874],[119.571043,23.662228],[119.580987,23.661833],[119.580869,23.659065],[119.582704,23.658036],[119.579827,23.657733],[119.580748,23.656686],[119.579417,23.656353],[119.581795,23.656762],[119.583238,23.655474],[119.582423,23.652642],[119.588517,23.647151],[119.587895,23.644068],[119.594116,23.641184],[119.595798,23.635468],[119.59499,23.632492],[119.590706,23.62956],[119.59129,23.628023],[119.588512,23.622667],[119.595554,23.62465],[119.595565,23.62371],[119.598522,23.623333],[119.600005,23.62037],[119.601897,23.623957],[119.60453,23.625001],[119.605467,23.620078],[119.602255,23.617203],[119.597352,23.617414],[119.597318,23.615902],[119.601285,23.613067],[119.600541,23.611668],[119.602494,23.612112],[119.600851,23.611211],[119.60301,23.610981],[119.603142,23.6119],[119.604355,23.609066],[119.605316,23.610695],[119.609645,23.610368],[119.612368,23.605439],[119.605802,23.605564],[119.605708,23.602539],[119.60309,23.600969],[119.604534,23.596122],[119.606626,23.596005],[119.605739,23.594257],[119.607707,23.593705],[119.606125,23.593955],[119.607585,23.592992],[119.606132,23.586946],[119.607269,23.58598],[119.60067,23.584714],[119.598429,23.582804],[119.599718,23.580582],[119.598053,23.57874],[119.599369,23.578349],[119.598343,23.578222],[119.599341,23.57785],[119.599385,23.576951],[119.598715,23.577523],[119.597744,23.577504],[119.597485,23.576943],[119.597791,23.577409],[119.599864,23.576794],[119.602132,23.577069],[119.597845,23.57488],[119.597279,23.568986],[119.593931,23.570441],[119.594118,23.574818],[119.591105,23.574509],[119.589868,23.572276],[119.587027,23.57119],[119.585553,23.573559],[119.585604,23.576038],[119.589061,23.579849],[119.588481,23.580783],[119.586637,23.57828],[119.58274,23.579814],[119.585536,23.580092],[119.583219,23.581182],[119.585715,23.580234],[119.582404,23.583014],[119.586187,23.587812],[119.583334,23.589354],[119.584406,23.589429],[119.582862,23.590877],[119.584351,23.593734],[119.583367,23.594245],[119.581848,23.593669],[119.581801,23.590089],[119.576275,23.587491],[119.577095,23.58628],[119.57469,23.58495],[119.572495,23.585681],[119.571902,23.584633],[119.572146,23.585729],[119.571106,23.585929],[119.571788,23.584846],[119.57001,23.585157],[119.570713,23.585786],[119.561672,23.585061],[119.567418,23.574945],[119.559942,23.570357],[119.559759,23.56415],[119.555735,23.563248],[119.558176,23.560698],[119.55964,23.561859],[119.560979,23.561175],[119.559723,23.562058],[119.561245,23.561533],[119.561552,23.562604],[119.564781,23.562667],[119.564571,23.561501],[119.569004,23.564661],[119.569769,23.563987],[119.568237,23.562092],[119.571297,23.56509],[119.570151,23.564304],[119.569479,23.565903],[119.570334,23.565204],[119.570271,23.566629],[119.571875,23.565158],[119.574301,23.567969],[119.576095,23.566425],[119.57483,23.565195],[119.576833,23.565804],[119.579545,23.563396],[119.578439,23.563524],[119.578443,23.562195],[119.576606,23.563748],[119.578197,23.561895],[119.576834,23.560546],[119.573429,23.563593],[119.572356,23.563147],[119.57515,23.561137],[119.574204,23.559908],[119.57745,23.558654],[119.576291,23.557013],[119.573735,23.559259],[119.572105,23.55843],[119.575719,23.554866],[119.568319,23.552798],[119.567533,23.554812],[119.562908,23.557725],[119.562507,23.555481],[119.561049,23.554827],[119.561993,23.552519],[119.565556,23.552659],[119.565278,23.551615],[119.562943,23.551429],[119.562262,23.54861],[119.563016,23.549858],[119.565066,23.549185],[119.564784,23.547795],[119.566066,23.550009],[119.568155,23.54986],[119.569053,23.551301],[119.568649,23.548415],[119.572332,23.549129],[119.573271,23.545306],[119.574435,23.547322],[119.581336,23.549748],[119.58374,23.548366],[119.586623,23.549656],[119.58805,23.550449],[119.587498,23.551948],[119.588782,23.551395],[119.588497,23.550007],[119.588986,23.551428],[119.591048,23.552269],[119.591081,23.549792],[119.591496,23.551531],[119.59102,23.55249],[119.59214,23.552754],[119.592814,23.551208],[119.59145,23.551283],[119.593498,23.549898],[119.595417,23.550243],[119.594402,23.548432],[119.599571,23.550281],[119.602253,23.547869],[119.604106,23.548345],[119.600115,23.545347],[119.603131,23.540344],[119.600455,23.540144],[119.599403,23.538403],[119.59629,23.539454],[119.595135,23.538212],[119.597242,23.532809],[119.595665,23.532523],[119.599381,23.532333],[119.599782,23.531088],[119.595895,23.526527],[119.592547,23.527903],[119.590751,23.532183],[119.590522,23.530789],[119.587666,23.53145],[119.588149,23.530026],[119.586408,23.529145],[119.585117,23.531983],[119.582728,23.532699],[119.580481,23.531441],[119.579779,23.527366],[119.581001,23.528244],[119.581331,23.526248],[119.57992,23.525777],[119.580342,23.523691],[119.578355,23.523617],[119.579739,23.523095],[119.574571,23.519643],[119.571453,23.525243],[119.574463,23.527828],[119.572884,23.528688],[119.573322,23.52774],[119.572135,23.527496],[119.572043,23.530014],[119.573496,23.529117],[119.57188,23.531985],[119.567776,23.531212],[119.565523,23.53471],[119.564432,23.53357],[119.566076,23.531609],[119.564628,23.529833],[119.562902,23.529306],[119.560855,23.530831],[119.559783,23.528374],[119.56113,23.526771],[119.557441,23.526725],[119.555031,23.528915],[119.554577,23.531415],[119.557276,23.53393],[119.556945,23.537545],[119.551045,23.54065],[119.551376,23.542723],[119.550635,23.540127],[119.549779,23.54067],[119.551861,23.548415],[119.547943,23.551034],[119.548785,23.553997],[119.545038,23.546206],[119.543349,23.546284],[119.542334,23.548245],[119.542501,23.545493],[119.540404,23.541963],[119.541457,23.541324],[119.540239,23.541487],[119.541453,23.541128],[119.541266,23.53877],[119.543911,23.537198],[119.547703,23.539521],[119.549469,23.539005],[119.55021,23.536903],[119.548299,23.534043],[119.553411,23.532002],[119.554369,23.530059],[119.553536,23.528277],[119.556986,23.523465],[119.560944,23.524002],[119.564539,23.526276],[119.567437,23.525822],[119.572172,23.522471],[119.574029,23.517532],[119.570703,23.512234],[119.572847,23.508066],[119.575702,23.507371],[119.578877,23.509466],[119.584297,23.509204],[119.590223,23.51283],[119.595518,23.512507],[119.59706,23.510636],[119.595998,23.51234],[119.597823,23.514207],[119.596786,23.512236],[119.598322,23.511785],[119.597562,23.510269],[119.598727,23.51179],[119.606264,23.507813],[119.608001,23.509016],[119.607938,23.512565],[119.605558,23.516514],[119.611614,23.518836],[119.611771,23.521844],[119.61073,23.522866],[119.606432,23.522145],[119.605152,23.524005],[119.605961,23.524763],[119.604458,23.525141],[119.605675,23.525487],[119.605474,23.52712],[119.607068,23.52528],[119.605573,23.528625],[119.609167,23.529997],[119.610701,23.533106],[119.611696,23.532716],[119.612334,23.536007],[119.614285,23.538006],[119.616823,23.538904],[119.621463,23.538082],[119.620867,23.542069],[119.623631,23.543841],[119.624914,23.543052],[119.623592,23.54415],[119.624064,23.544641],[119.62525,23.544293],[119.624799,23.54247],[119.62544,23.542766],[119.625501,23.544316],[119.624902,23.544809],[119.629141,23.547629],[119.6314,23.547728],[119.631979,23.54604],[119.635047,23.546732],[119.634679,23.551189],[119.637773,23.55289],[119.640951,23.551717],[119.6387,23.552816],[119.638756,23.554304],[119.644033,23.559557],[119.653937,23.560801],[119.662527,23.56011],[119.666589,23.561383],[119.666938,23.558702],[119.669544,23.556429],[119.670926,23.556994],[119.66815,23.558072],[119.668117,23.560914],[119.669663,23.56079],[119.667517,23.561185],[119.66925,23.562072],[119.669362,23.561008],[119.671959,23.561423],[119.671917,23.559403],[119.676072,23.559731],[119.675703,23.557312],[119.676657,23.558044],[119.676986,23.556896],[119.675863,23.55644],[119.675026,23.558083],[119.67192,23.558071],[119.674413,23.557855],[119.675425,23.552367],[119.677915,23.551366],[119.68232,23.553455],[119.685115,23.552725],[119.68829,23.554688],[119.693582,23.555157],[119.695985,23.55383],[119.692732,23.558526],[119.694345,23.56035],[119.687022,23.562042],[119.683114,23.565637],[119.683071,23.570053],[119.679984,23.57466],[119.682019,23.576588],[119.680733,23.576709],[119.680832,23.578279],[119.682602,23.576407],[119.68116,23.57993],[119.682648,23.583915],[119.680405,23.585428],[119.675909,23.593785],[119.672066,23.597907],[119.67216,23.60107],[119.669285,23.601716],[119.668147,23.600678],[119.669228,23.599206],[119.668047,23.598268],[119.667737,23.596867],[119.668377,23.598043],[119.669531,23.597194],[119.668498,23.596792],[119.669873,23.596574],[119.666835,23.595812],[119.669162,23.594893],[119.668006,23.591232],[119.663792,23.59055],[119.660209,23.591613],[119.659655,23.593757],[119.662113,23.594395],[119.660139,23.595338],[119.662006,23.595759],[119.662434,23.594384],[119.666126,23.595481],[119.662768,23.594776],[119.662374,23.596369],[119.656466,23.598324],[119.655332,23.600051],[119.655332,23.598537],[119.654415,23.600475],[119.657428,23.603855],[119.657181,23.606463],[119.654836,23.608875],[119.651082,23.60985],[119.646554,23.606772],[119.647606,23.606091],[119.650825,23.607585],[119.650083,23.6038],[119.646459,23.602648],[119.648137,23.60263],[119.646878,23.601929],[119.646874,23.596782],[119.6436,23.595102],[119.64844,23.593911],[119.643499,23.594832],[119.642789,23.593322],[119.641854,23.590349],[119.64462,23.589166],[119.643667,23.587689],[119.641009,23.587844],[119.640542,23.586593],[119.639615,23.587396],[119.641362,23.588836],[119.637714,23.591553],[119.640154,23.593891],[119.641388,23.59648],[119.639996,23.598255],[119.641389,23.598647],[119.637378,23.598988],[119.636982,23.597351],[119.631691,23.593937],[119.633149,23.593974],[119.633313,23.592991],[119.631973,23.593401],[119.634358,23.590831],[119.631806,23.583112],[119.628822,23.580264],[119.624266,23.580379],[119.627347,23.583834],[119.62394,23.587088],[119.62463,23.592724],[119.627892,23.595688],[119.625115,23.600426],[119.627361,23.601122],[119.627952,23.603964],[119.63034,23.602776],[119.63154,23.604003],[119.630306,23.60294],[119.628856,23.603657],[119.632085,23.604351],[119.630292,23.605494],[119.630942,23.607405],[119.628866,23.606732],[119.627374,23.607266],[119.627596,23.607706],[119.626354,23.608142],[119.627319,23.607601],[119.626969,23.606722],[119.62615,23.60691],[119.624257,23.607762],[119.626575,23.608292],[119.625292,23.608986],[119.622921,23.607234],[119.619504,23.606878],[119.621745,23.603126],[119.620878,23.602145],[119.616823,23.601031],[119.615644,23.603573],[119.617101,23.603693],[119.613633,23.604206],[119.614771,23.603084],[119.613777,23.603822],[119.614659,23.602949],[119.613216,23.601988],[119.612509,23.606799],[119.609878,23.610568],[119.61374,23.614036],[119.613484,23.620067],[119.607171,23.622356],[119.606031,23.62081],[119.604713,23.62512],[119.602337,23.62852],[119.604177,23.631648],[119.609539,23.63265],[119.610352,23.635692],[119.606866,23.636613],[119.604672,23.634089],[119.602521,23.633646],[119.600762,23.634795],[119.603026,23.637402],[119.601729,23.637996],[119.602742,23.637415],[119.600853,23.635174],[119.597398,23.639611],[119.597618,23.641222],[119.601745,23.642532],[119.602439,23.641737],[119.600197,23.645201],[119.600887,23.64768],[119.602414,23.647238],[119.600755,23.648059],[119.603748,23.64949],[119.609643,23.647797],[119.608658,23.648541],[119.608986,23.649366],[119.609729,23.649234],[119.609131,23.648846],[119.611086,23.647398],[119.610219,23.648101],[119.611982,23.650072],[119.611704,23.651764],[119.61361,23.652914],[119.609437,23.654653],[119.606385,23.659473],[119.609836,23.663586],[119.607016,23.662893],[119.604068,23.664035],[119.604576,23.666365],[119.602914,23.664476],[119.602889,23.666498],[119.603817,23.665842],[119.6042,23.666933],[119.603263,23.667691],[119.605102,23.667201],[119.603584,23.668902],[119.605487,23.668254],[119.600021,23.671173],[119.599873,23.673763],[119.596783,23.674412],[119.594559,23.671788],[119.590897,23.671771],[119.587465,23.672919],[119.584295,23.67657]]],[[[119.666843,23.682858],[119.666821,23.680469],[119.664954,23.681218],[119.666004,23.678532],[119.664725,23.677539],[119.666776,23.676325],[119.667872,23.677169],[119.668035,23.676035],[119.669449,23.677546],[119.668097,23.678744],[119.668048,23.682661],[119.66712,23.681931],[119.666843,23.682858]]],[[[119.651881,23.689867],[119.650668,23.68987],[119.651647,23.688444],[119.651881,23.689867]]],[[[119.558115,23.689818],[119.556593,23.68946],[119.558124,23.688087],[119.558115,23.689818]]],[[[119.670745,23.69064],[119.671456,23.688535],[119.669562,23.687437],[119.671581,23.681916],[119.672603,23.688867],[119.670745,23.69064]]],[[[119.557986,23.691534],[119.557708,23.692438],[119.55664,23.69114],[119.557986,23.691534]]],[[[119.651837,23.693791],[119.649561,23.693157],[119.652641,23.690713],[119.653281,23.692159],[119.651837,23.693791]]],[[[119.594223,23.694422],[119.594934,23.691158],[119.595346,23.693592],[119.594223,23.694422]]],[[[119.611774,23.711054],[119.609859,23.710233],[119.60954,23.708927],[119.610447,23.7104],[119.612169,23.710958],[119.612697,23.7101],[119.612577,23.711245],[119.611774,23.711054]]],[[[119.565909,23.712299],[119.566835,23.710492],[119.567608,23.712432],[119.565909,23.712299]]],[[[119.609668,23.710661],[119.608782,23.713684],[119.606971,23.711421],[119.609668,23.710661]]],[[[119.552132,23.720834],[119.552765,23.721956],[119.551023,23.719003],[119.553301,23.719423],[119.556237,23.717117],[119.554214,23.716506],[119.55609,23.71389],[119.553194,23.711568],[119.555316,23.708637],[119.558613,23.710948],[119.55674,23.715165],[119.558956,23.719945],[119.558182,23.718623],[119.557033,23.720663],[119.554956,23.721126],[119.551696,23.719705],[119.552132,23.720834]]],[[[119.610067,23.731294],[119.60952,23.733899],[119.608949,23.731192],[119.610067,23.731294]]],[[[119.613418,23.732922],[119.612439,23.734032],[119.612469,23.732544],[119.613418,23.732922]]],[[[119.609186,23.736907],[119.608897,23.738082],[119.609208,23.736699],[119.610706,23.737718],[119.609186,23.736907]]],[[[119.612357,23.756001],[119.61129,23.758775],[119.609749,23.755943],[119.607792,23.755265],[119.608285,23.754206],[119.605753,23.753338],[119.605645,23.752282],[119.60792,23.752364],[119.60753,23.753749],[119.608613,23.752467],[119.605818,23.752008],[119.603872,23.745357],[119.597407,23.741881],[119.59597,23.739033],[119.596547,23.736561],[119.600229,23.734759],[119.602005,23.73017],[119.601411,23.72607],[119.602652,23.725366],[119.603992,23.726742],[119.603169,23.731434],[119.607064,23.73755],[119.609922,23.739051],[119.61498,23.737439],[119.610517,23.739556],[119.612442,23.739912],[119.61089,23.740537],[119.612429,23.740544],[119.611363,23.741478],[119.613706,23.739519],[119.615009,23.74066],[119.615462,23.739078],[119.613991,23.739407],[119.615762,23.737596],[119.616037,23.74171],[119.618606,23.741666],[119.617941,23.740809],[119.619642,23.740315],[119.618765,23.741122],[119.620172,23.742854],[119.623812,23.743691],[119.621918,23.749328],[119.621442,23.74835],[119.6125,23.752849],[119.612357,23.756001]]],[[[119.607344,23.765524],[119.60564,23.765319],[119.607601,23.764661],[119.607344,23.765524]]],[[[119.605125,23.766713],[119.604711,23.765855],[119.606226,23.765858],[119.605125,23.766713]]],[[[119.585039,23.767782],[119.58478,23.766218],[119.585919,23.766993],[119.585039,23.767782]]],[[[119.606256,23.775669],[119.605254,23.772907],[119.601653,23.770506],[119.601855,23.769031],[119.598811,23.76886],[119.599776,23.767845],[119.596494,23.762049],[119.5978,23.757728],[119.599266,23.758359],[119.602501,23.767331],[119.607409,23.770691],[119.608089,23.773255],[119.60646,23.773207],[119.607355,23.773736],[119.606256,23.775669]]],[[[119.577236,23.780723],[119.575476,23.778601],[119.577789,23.779071],[119.577236,23.780723]]],[[[119.607256,23.78182],[119.607092,23.779327],[119.608194,23.780302],[119.607256,23.78182]]],[[[119.607221,23.783667],[119.606118,23.782504],[119.607873,23.781766],[119.607221,23.783667]]],[[[119.600793,23.787586],[119.598442,23.78544],[119.600073,23.784964],[119.599752,23.783534],[119.601799,23.786436],[119.600793,23.787586]]],[[[119.60218,23.788685],[119.600977,23.788398],[119.601635,23.787016],[119.60218,23.788685]]],[[[119.598988,23.793975],[119.597132,23.79305],[119.598986,23.792997],[119.598988,23.793975]]],[[[119.596807,23.798065],[119.595759,23.797886],[119.595842,23.795757],[119.596681,23.797219],[119.599322,23.795095],[119.599173,23.793509],[119.600634,23.794282],[119.600218,23.796051],[119.596807,23.798065]]],[[[119.596503,23.810134],[119.593657,23.810449],[119.592951,23.809441],[119.595298,23.808987],[119.596503,23.810134]]]]},"properties":{"code":"10016","name":"澎湖縣","countyCode":"10016","countyName":"澎湖縣","level":"county","unassigned":false,"note":"","label":[119.61941579757513,23.564894797906902],"bounds":[119.314446,23.186596,119.726986,23.810449],"focusBounds":[119.314446,23.186596,119.726986,23.810449],"color":"#78a7e3","childCount":6}},{"type":"Feature","id":"10017","geometry":{"type":"MultiPolygon","coordinates":[[[[121.803509,25.136203],[121.804079,25.139243],[121.802442,25.140642],[121.804606,25.142592],[121.804372,25.144294],[121.807861,25.146492],[121.807034,25.149136],[121.799401,25.147423],[121.795344,25.148059],[121.794907,25.146839],[121.7932,25.146873],[121.791426,25.148384],[121.785066,25.149554],[121.781979,25.152741],[121.779859,25.153207],[121.777694,25.151468],[121.774552,25.156263],[121.772699,25.155587],[121.776823,25.158905],[121.780362,25.158782],[121.772892,25.160884],[121.77065,25.160148],[121.769796,25.161693],[121.766661,25.161888],[121.766726,25.162972],[121.763385,25.164083],[121.76232,25.163236],[121.763632,25.162554],[121.761649,25.162232],[121.762141,25.160308],[121.759957,25.161257],[121.756164,25.159518],[121.754974,25.162435],[121.752991,25.158512],[121.748502,25.15625],[121.743989,25.157487],[121.743522,25.156476],[121.738517,25.161008],[121.734172,25.158181],[121.735098,25.160167],[121.733936,25.161455],[121.724676,25.165781],[121.717383,25.165966],[121.716978,25.167317],[121.715763,25.166089],[121.708605,25.165168],[121.707255,25.166028],[121.708202,25.168876],[121.710091,25.17002],[121.708473,25.17268],[121.709956,25.174135],[121.709658,25.176562],[121.706613,25.173961],[121.702248,25.173517],[121.698949,25.167217],[121.691295,25.166324],[121.691019,25.164648],[121.688832,25.16409],[121.687275,25.161563],[121.68483,25.160103],[121.683177,25.16065],[121.677616,25.155743],[121.67147,25.155564],[121.66912,25.153348],[121.664272,25.152223],[121.658281,25.152231],[121.655537,25.149054],[121.651457,25.147962],[121.649623,25.144892],[121.639818,25.145843],[121.638678,25.144238],[121.630905,25.142532],[121.626796,25.139618],[121.628385,25.135011],[121.63314,25.130987],[121.638305,25.130743],[121.643179,25.127682],[121.644688,25.122198],[121.646244,25.121053],[121.646238,25.113625],[121.650239,25.109552],[121.652225,25.104739],[121.648934,25.101756],[121.650719,25.098449],[121.655864,25.095136],[121.655701,25.09345],[121.67403,25.08292],[121.678811,25.087403],[121.681211,25.08802],[121.681641,25.084719],[121.679932,25.084326],[121.680495,25.081883],[121.678969,25.079583],[121.680307,25.077101],[121.688421,25.071738],[121.696535,25.070094],[121.699522,25.067387],[121.704267,25.067929],[121.706614,25.066554],[121.712369,25.068034],[121.722479,25.058582],[121.726133,25.058181],[121.730062,25.05335],[121.732208,25.052725],[121.737498,25.054764],[121.739796,25.053058],[121.745913,25.052995],[121.751153,25.057258],[121.75688,25.059338],[121.759294,25.059449],[121.762438,25.056943],[121.763916,25.05739],[121.767349,25.061824],[121.771728,25.063206],[121.775631,25.070211],[121.769422,25.077903],[121.761251,25.078867],[121.75913,25.084476],[121.759821,25.09024],[121.758361,25.094127],[121.759891,25.100615],[121.756803,25.101817],[121.758054,25.103684],[121.755963,25.108494],[121.75396,25.108713],[121.752738,25.106845],[121.750005,25.10966],[121.7519,25.111017],[121.757139,25.11012],[121.75939,25.112587],[121.763285,25.113442],[121.766908,25.112523],[121.773527,25.120273],[121.783375,25.116615],[121.785924,25.118189],[121.790156,25.112263],[121.794774,25.112616],[121.797767,25.114313],[121.79863,25.116659],[121.797583,25.117719],[121.798881,25.119087],[121.794206,25.12335],[121.794616,25.126394],[121.802369,25.121766],[121.805019,25.125334],[121.803776,25.127447],[121.805333,25.131205],[121.802527,25.134329],[121.803509,25.136203]]],[[[121.788096,25.195678],[121.784556,25.194936],[121.782399,25.193009],[121.781924,25.189751],[121.788916,25.192067],[121.789434,25.195168],[121.788096,25.195678]]],[[[122.10697,25.48736],[122.105236,25.487764],[122.104543,25.486001],[122.103266,25.486012],[122.105181,25.482012],[122.107812,25.483879],[122.106954,25.485191],[122.108215,25.486826],[122.10697,25.48736]]],[[[122.078364,25.633144],[122.073658,25.632485],[122.072027,25.62854],[122.073002,25.626406],[122.079214,25.622973],[122.081647,25.623681],[122.080986,25.625402],[122.08442,25.62745],[122.085059,25.630344],[122.083956,25.633191],[122.078364,25.633144]]]]},"properties":{"code":"10017","name":"基隆市","countyCode":"10017","countyName":"基隆市","level":"county","unassigned":false,"note":"","label":[121.70957544306128,25.12041935318086],"bounds":[121.626796,25.052725,122.108215,25.633191],"focusBounds":[121.626796,25.052725,122.108215,25.633191],"color":"#dd8590","childCount":7}},{"type":"Feature","id":"10018","geometry":{"type":"Polygon","coordinates":[[[120.935428,24.712594],[120.938627,24.716611],[120.939274,24.725418],[120.938012,24.729421],[120.941822,24.728557],[120.94233,24.730442],[120.939861,24.732744],[120.943164,24.738918],[120.943983,24.744043],[120.948109,24.74523],[120.953984,24.743406],[120.957619,24.745346],[120.957475,24.749634],[120.961461,24.751221],[120.963506,24.755514],[120.967412,24.756463],[120.967549,24.760595],[120.969841,24.765163],[120.979416,24.763292],[120.981968,24.767429],[120.98838,24.768066],[120.984759,24.775897],[120.98584,24.776907],[120.990284,24.776891],[120.993159,24.780597],[121.009707,24.773791],[121.013595,24.770898],[121.018251,24.763946],[121.020591,24.756609],[121.027775,24.758056],[121.033543,24.763886],[121.029893,24.766469],[121.029272,24.770902],[121.030377,24.772036],[121.028156,24.773163],[121.029702,24.77701],[121.027659,24.777049],[121.027946,24.77881],[121.024955,24.779988],[121.027523,24.782709],[121.023055,24.7851],[121.025089,24.786242],[121.024588,24.789071],[121.02335,24.79064],[121.021809,24.790446],[121.02062,24.7941],[121.023152,24.796048],[121.020607,24.798806],[121.025745,24.799074],[121.021315,24.801608],[121.018208,24.807297],[121.015135,24.808562],[121.008278,24.816214],[121.000391,24.822059],[120.987911,24.825416],[120.983091,24.830929],[120.974646,24.829955],[120.967872,24.832539],[120.955292,24.834361],[120.944817,24.841066],[120.943158,24.846505],[120.940449,24.849962],[120.925229,24.854811],[120.916392,24.852796],[120.912969,24.854078],[120.913242,24.851922],[120.91676,24.848746],[120.915756,24.841126],[120.913131,24.836553],[120.909313,24.83423],[120.901786,24.822058],[120.896949,24.809218],[120.896147,24.800822],[120.892266,24.793018],[120.893207,24.780782],[120.891368,24.774781],[120.89275,24.769317],[120.895147,24.765576],[120.89676,24.768063],[120.897778,24.764682],[120.893193,24.76136],[120.88263,24.746471],[120.874537,24.73832],[120.881036,24.733288],[120.883568,24.734528],[120.8848,24.732788],[120.887464,24.73387],[120.891041,24.731773],[120.892354,24.733155],[120.89362,24.732316],[120.897433,24.733464],[120.907807,24.741071],[120.908513,24.736505],[120.91207,24.732311],[120.914182,24.727061],[120.913797,24.724203],[120.91628,24.721532],[120.913667,24.717333],[120.920586,24.716733],[120.923643,24.714551],[120.928839,24.715285],[120.930242,24.716633],[120.931583,24.714265],[120.935428,24.712594]]]},"properties":{"code":"10018","name":"新竹市","countyCode":"10018","countyName":"新竹市","level":"county","unassigned":false,"note":"","label":[120.93848079839458,24.79356570616813],"bounds":[120.874537,24.712594,121.033543,24.854811],"focusBounds":[120.874537,24.712594,121.033543,24.854811],"color":"#a8bf62","childCount":3}},{"type":"Feature","id":"10020","geometry":{"type":"Polygon","coordinates":[[[120.447587,23.518186],[120.444391,23.517278],[120.440621,23.518294],[120.442148,23.513321],[120.440612,23.511933],[120.437183,23.513966],[120.435841,23.516767],[120.433616,23.517168],[120.432526,23.513699],[120.433357,23.509029],[120.427482,23.509177],[120.424767,23.506301],[120.416754,23.505357],[120.411617,23.498889],[120.408318,23.498704],[120.408806,23.506572],[120.405932,23.503864],[120.40101,23.501871],[120.400205,23.498755],[120.394472,23.50081],[120.389338,23.498592],[120.389785,23.49135],[120.394722,23.490747],[120.393438,23.482377],[120.399069,23.478418],[120.399278,23.471068],[120.39428,23.466463],[120.394173,23.462519],[120.411279,23.464784],[120.415161,23.460274],[120.429298,23.461041],[120.430201,23.452176],[120.43285,23.450107],[120.434464,23.450688],[120.436952,23.446486],[120.438039,23.446531],[120.438236,23.444806],[120.43586,23.443584],[120.439575,23.439555],[120.447128,23.443402],[120.452463,23.4445],[120.454713,23.450318],[120.461016,23.455319],[120.464524,23.455612],[120.464551,23.458295],[120.468735,23.46162],[120.476805,23.461983],[120.489616,23.452246],[120.49518,23.452863],[120.500662,23.460972],[120.499715,23.465387],[120.503752,23.467175],[120.50486,23.469509],[120.509369,23.472835],[120.509012,23.475159],[120.503692,23.478882],[120.504078,23.480977],[120.501821,23.480928],[120.503731,23.485001],[120.501908,23.486327],[120.501256,23.489906],[120.489424,23.491365],[120.484337,23.495128],[120.484705,23.501738],[120.483155,23.505362],[120.480003,23.504337],[120.473502,23.506847],[120.470829,23.503819],[120.469721,23.499771],[120.464426,23.499072],[120.456308,23.511769],[120.457111,23.515681],[120.447587,23.518186]]]},"properties":{"code":"10020","name":"嘉義市","countyCode":"10020","countyName":"嘉義市","level":"county","unassigned":false,"note":"","label":[120.44716440138156,23.480737858965192],"bounds":[120.389338,23.439555,120.509369,23.518294],"focusBounds":[120.389338,23.439555,120.509369,23.518294],"color":"#a8bf62","childCount":2}},{"type":"Feature","id":"63000","geometry":{"type":"Polygon","coordinates":[[[121.570989,25.197165],[121.564843,25.201009],[121.562675,25.20944],[121.559173,25.210136],[121.555009,25.20843],[121.551742,25.20355],[121.551862,25.197747],[121.54812,25.197997],[121.543373,25.194033],[121.542827,25.188952],[121.541095,25.187378],[121.535811,25.186672],[121.533374,25.183577],[121.526006,25.182976],[121.521737,25.17913],[121.522562,25.174681],[121.519948,25.169273],[121.513537,25.170994],[121.510423,25.169436],[121.505752,25.171081],[121.504846,25.173247],[121.502571,25.173253],[121.501846,25.169425],[121.498786,25.165001],[121.492366,25.160372],[121.487469,25.151439],[121.482864,25.150221],[121.465714,25.131686],[121.464298,25.127574],[121.464826,25.124256],[121.458793,25.12294],[121.460935,25.116196],[121.457169,25.107733],[121.461396,25.103853],[121.466099,25.101723],[121.480752,25.100946],[121.488748,25.09714],[121.499767,25.087235],[121.505817,25.07552],[121.506933,25.067042],[121.505395,25.059338],[121.506228,25.053634],[121.504673,25.049793],[121.501358,25.045952],[121.496789,25.043465],[121.48882,25.042568],[121.483666,25.036299],[121.488803,25.023347],[121.488763,25.015317],[121.492659,25.009526],[121.495794,25.009422],[121.499728,25.011538],[121.509121,25.021341],[121.512559,25.021729],[121.518451,25.019985],[121.525968,25.01164],[121.532151,25.008125],[121.533906,25.003391],[121.530514,24.998009],[121.531699,24.990506],[121.535176,24.995133],[121.537048,24.992356],[121.536903,24.988652],[121.544174,24.988208],[121.545062,24.983668],[121.549035,24.983761],[121.550849,24.987226],[121.552369,24.986964],[121.553935,24.984798],[121.55368,24.977422],[121.561219,24.96471],[121.572543,24.96398],[121.574557,24.966843],[121.57842,24.966611],[121.585674,24.963212],[121.591169,24.964606],[121.593396,24.964211],[121.597077,24.960503],[121.601243,24.960887],[121.605061,24.962951],[121.608304,24.963079],[121.613667,24.966437],[121.619643,24.967158],[121.620017,24.969449],[121.6143,24.973537],[121.60521,24.974357],[121.599509,24.978145],[121.600664,24.980314],[121.599861,24.98639],[121.601831,24.987908],[121.601972,24.990286],[121.599062,24.991705],[121.598139,24.994494],[121.600525,24.99847],[121.600467,25.001082],[121.597889,25.004142],[121.595912,25.004505],[121.597412,25.01469],[121.602625,25.015082],[121.604126,25.019087],[121.60821,25.019438],[121.609258,25.020947],[121.623284,25.017266],[121.628936,25.019929],[121.632361,25.025635],[121.635687,25.023211],[121.642981,25.024559],[121.646247,25.021716],[121.649913,25.023969],[121.653817,25.02442],[121.66284,25.02275],[121.664938,25.024694],[121.665943,25.029875],[121.660801,25.030446],[121.655147,25.027436],[121.646718,25.027993],[121.633478,25.03574],[121.63021,25.035079],[121.629481,25.036728],[121.624931,25.037724],[121.62114,25.040873],[121.616641,25.047798],[121.61634,25.050636],[121.621034,25.05369],[121.620303,25.056451],[121.624265,25.055481],[121.620775,25.061357],[121.616131,25.06392],[121.616832,25.065874],[121.617925,25.065159],[121.61763,25.067602],[121.62151,25.069575],[121.620619,25.073226],[121.624938,25.077994],[121.625079,25.078835],[121.623912,25.078244],[121.624262,25.080344],[121.627976,25.083251],[121.628215,25.088061],[121.625063,25.093667],[121.626222,25.096091],[121.622035,25.097406],[121.615464,25.10384],[121.599599,25.108431],[121.596509,25.111278],[121.595581,25.114092],[121.600766,25.121847],[121.601719,25.126025],[121.604434,25.12592],[121.607832,25.130202],[121.604591,25.130853],[121.605692,25.136742],[121.604075,25.136175],[121.598391,25.140306],[121.595793,25.143431],[121.593581,25.150299],[121.58939,25.152386],[121.59184,25.155885],[121.589869,25.163715],[121.587928,25.162973],[121.583219,25.165813],[121.578857,25.16561],[121.577068,25.167003],[121.577384,25.170155],[121.583504,25.176838],[121.580868,25.181794],[121.582754,25.18434],[121.581861,25.186404],[121.583997,25.188791],[121.582704,25.193094],[121.583764,25.194594],[121.572912,25.194982],[121.570989,25.197165]]]},"properties":{"code":"63000","name":"臺北市","countyCode":"63000","countyName":"臺北市","level":"county","unassigned":false,"note":"","label":[121.56197320075184,25.068140854145817],"bounds":[121.457169,24.960503,121.665943,25.210136],"focusBounds":[121.457169,24.960503,121.665943,25.210136],"color":"#68bec9","childCount":12}},{"type":"Feature","id":"64000","geometry":{"type":"MultiPolygon","coordinates":[[[[114.369813,10.379938],[114.360034,10.376286],[114.359676,10.372127],[114.361574,10.371348],[114.359955,10.372225],[114.3618,10.374825],[114.362507,10.373081],[114.369952,10.377212],[114.371412,10.378601],[114.369813,10.379938]]],[[[116.707798,20.704128],[116.706913,20.704715],[116.707704,20.703262],[116.707798,20.704128]]],[[[116.71662,20.709669],[116.71168,20.708433],[116.710903,20.706416],[116.712523,20.705953],[116.711859,20.707672],[116.715331,20.707449],[116.718273,20.705289],[116.725974,20.704924],[116.726734,20.703328],[116.721084,20.702036],[116.723853,20.70159],[116.723001,20.699765],[116.714295,20.70276],[116.712919,20.705185],[116.710324,20.703854],[116.727708,20.697404],[116.734855,20.697476],[116.731878,20.703276],[116.71662,20.709669]]],[[[121.015268,23.43541],[121.010581,23.441244],[121.010421,23.44507],[121.015855,23.451609],[121.014949,23.454278],[121.007447,23.462785],[120.999693,23.462167],[120.984602,23.46657],[120.980537,23.469214],[120.970631,23.469042],[120.967109,23.471713],[120.957515,23.469503],[120.955999,23.467336],[120.948435,23.464167],[120.941157,23.463009],[120.936639,23.463781],[120.934498,23.461451],[120.93475,23.45844],[120.928385,23.456909],[120.928483,23.455493],[120.921438,23.4591],[120.916165,23.458888],[120.909402,23.457544],[120.90567,23.453176],[120.900523,23.454089],[120.900411,23.452094],[120.896245,23.450417],[120.895146,23.445922],[120.892871,23.445214],[120.891767,23.446609],[120.886765,23.434854],[120.883824,23.436256],[120.881617,23.433014],[120.875362,23.432768],[120.875415,23.431345],[120.871738,23.429598],[120.86962,23.42643],[120.86625,23.426078],[120.864523,23.423941],[120.860042,23.423785],[120.859102,23.425119],[120.857077,23.421968],[120.853968,23.423187],[120.849779,23.420355],[120.849308,23.41201],[120.844755,23.408229],[120.843939,23.403924],[120.838413,23.398247],[120.841007,23.394923],[120.836873,23.393387],[120.835582,23.389861],[120.834118,23.389653],[120.834628,23.386681],[120.830972,23.386601],[120.829378,23.383431],[120.829112,23.375797],[120.825741,23.373492],[120.825422,23.371707],[120.823094,23.371941],[120.821195,23.370523],[120.816276,23.371479],[120.813396,23.369423],[120.809835,23.369548],[120.808519,23.368391],[120.805788,23.370909],[120.804292,23.370663],[120.803273,23.36946],[120.804695,23.367211],[120.801082,23.36373],[120.800645,23.360643],[120.797903,23.360314],[120.796242,23.356858],[120.791986,23.357243],[120.791806,23.353467],[120.788452,23.352821],[120.787581,23.346141],[120.785215,23.345342],[120.783215,23.342204],[120.777135,23.343538],[120.773334,23.341823],[120.768456,23.343878],[120.764427,23.34167],[120.758069,23.344265],[120.758484,23.340868],[120.757078,23.338559],[120.758828,23.336444],[120.756444,23.33279],[120.752381,23.331031],[120.752873,23.327043],[120.747856,23.321909],[120.741049,23.321082],[120.739431,23.316842],[120.732307,23.313859],[120.730168,23.310756],[120.730629,23.305612],[120.72131,23.308267],[120.716284,23.307609],[120.712166,23.308697],[120.70677,23.304728],[120.702834,23.297564],[120.703415,23.28909],[120.699544,23.284424],[120.689897,23.285308],[120.678822,23.288846],[120.677354,23.287844],[120.674549,23.290888],[120.67089,23.290199],[120.667314,23.294026],[120.662674,23.293541],[120.661831,23.295007],[120.65967,23.294761],[120.658426,23.295972],[120.655319,23.291934],[120.652004,23.291171],[120.649453,23.292903],[120.647024,23.297439],[120.643744,23.296097],[120.64203,23.292902],[120.643723,23.289437],[120.641857,23.287476],[120.644051,23.282228],[120.641913,23.278542],[120.643153,23.27598],[120.640632,23.274165],[120.64109,23.271024],[120.638285,23.269176],[120.640691,23.266516],[120.642083,23.256809],[120.64845,23.249252],[120.649234,23.246909],[120.647893,23.244628],[120.651311,23.235819],[120.649484,23.228639],[120.653445,23.224538],[120.655515,23.222792],[120.65625,23.217638],[120.653838,23.215306],[120.651461,23.20851],[120.648359,23.208577],[120.643454,23.203541],[120.638995,23.192735],[120.63656,23.190248],[120.6411,23.182959],[120.637298,23.180396],[120.63606,23.175006],[120.6292,23.174253],[120.630658,23.170064],[120.625225,23.167761],[120.621237,23.162958],[120.616538,23.163096],[120.61504,23.159534],[120.613432,23.159246],[120.61111,23.155899],[120.611846,23.151702],[120.607854,23.14844],[120.60557,23.148526],[120.605607,23.146474],[120.601108,23.144166],[120.598475,23.138577],[120.596283,23.136862],[120.594652,23.131593],[120.588448,23.123359],[120.58808,23.114097],[120.574126,23.094858],[120.574402,23.09073],[120.566892,23.081827],[120.558897,23.075649],[120.559053,23.07344],[120.554497,23.06883],[120.539736,23.061932],[120.535303,23.057491],[120.530073,23.055819],[120.523031,23.049567],[120.523654,23.047442],[120.522308,23.045672],[120.519666,23.044975],[120.503717,23.028645],[120.484073,23.017063],[120.480998,23.011571],[120.479891,23.002707],[120.460499,23.003592],[120.4595,23.00103],[120.461478,22.998119],[120.459101,22.995739],[120.46111,22.99077],[120.459633,22.989903],[120.454714,22.990622],[120.45319,22.984806],[120.454693,22.980757],[120.452954,22.97771],[120.451718,22.978627],[120.44963,22.977242],[120.444685,22.97954],[120.442644,22.977324],[120.437248,22.96218],[120.432994,22.956085],[120.428521,22.940616],[120.425908,22.939042],[120.424886,22.933168],[120.422761,22.930956],[120.416168,22.916095],[120.410603,22.914316],[120.408681,22.912338],[120.406317,22.914648],[120.405445,22.918048],[120.401106,22.91852],[120.398633,22.92243],[120.392169,22.922291],[120.386802,22.91826],[120.381662,22.921164],[120.380169,22.918455],[120.377289,22.917981],[120.376513,22.914348],[120.371162,22.912272],[120.373138,22.909326],[120.372488,22.906636],[120.370718,22.907097],[120.368148,22.903902],[120.366292,22.905067],[120.365986,22.902233],[120.359468,22.90142],[120.359672,22.899784],[120.361614,22.90051],[120.361083,22.897805],[120.357975,22.895856],[120.356895,22.892921],[120.3554,22.893935],[120.354497,22.892685],[120.355434,22.891948],[120.353287,22.892381],[120.353279,22.891147],[120.355167,22.890429],[120.351731,22.889097],[120.351978,22.887502],[120.349089,22.890573],[120.345137,22.889437],[120.332265,22.889324],[120.32488,22.90046],[120.319691,22.894947],[120.314165,22.899781],[120.301709,22.900586],[120.284565,22.904722],[120.277988,22.904407],[120.279496,22.896294],[120.272988,22.895412],[120.258775,22.901865],[120.256829,22.899541],[120.258686,22.895178],[120.254159,22.894261],[120.247609,22.898188],[120.242863,22.903512],[120.23291,22.905547],[120.231571,22.908664],[120.231694,22.915397],[120.229727,22.916865],[120.226657,22.916278],[120.221026,22.909993],[120.218111,22.909623],[120.213291,22.911029],[120.208071,22.915239],[120.202353,22.915441],[120.192056,22.921194],[120.186573,22.919646],[120.17675,22.912338],[120.174749,22.911704],[120.192783,22.86522],[120.19021,22.863904],[120.189701,22.860691],[120.193327,22.859358],[120.189199,22.858382],[120.192778,22.85714],[120.19111,22.855381],[120.192955,22.856284],[120.195341,22.850162],[120.192921,22.848361],[120.198084,22.844607],[120.189807,22.841746],[120.198393,22.844451],[120.205157,22.825226],[120.206229,22.825432],[120.207302,22.822609],[120.205983,22.820154],[120.190284,22.815384],[120.190156,22.813586],[120.193319,22.80744],[120.197907,22.805246],[120.21233,22.807611],[120.215384,22.804163],[120.23236,22.766068],[120.233049,22.762742],[120.230935,22.761926],[120.23124,22.760726],[120.234612,22.759866],[120.243647,22.743142],[120.250337,22.727878],[120.24985,22.724206],[120.25303,22.723904],[120.256487,22.718388],[120.256822,22.71487],[120.255785,22.714184],[120.257089,22.714325],[120.261604,22.701397],[120.262144,22.697506],[120.258052,22.695557],[120.258052,22.689319],[120.262823,22.689035],[120.264456,22.67521],[120.259257,22.66904],[120.256356,22.668604],[120.252956,22.665038],[120.251154,22.661932],[120.249863,22.65146],[120.256132,22.636248],[120.259335,22.633911],[120.263411,22.626589],[120.263296,22.624014],[120.256697,22.620911],[120.256134,22.617698],[120.262264,22.613983],[120.263185,22.610349],[120.264187,22.611395],[120.265802,22.610529],[120.263032,22.601388],[120.26679,22.59999],[120.278363,22.584359],[120.285771,22.577855],[120.302838,22.55777],[120.30342,22.554335],[120.298541,22.547504],[120.301702,22.544933],[120.307493,22.545251],[120.321833,22.527791],[120.31681,22.52423],[120.307611,22.53543],[120.303747,22.53269],[120.296964,22.540947],[120.293409,22.538426],[120.289132,22.544629],[120.286279,22.543558],[120.288642,22.543841],[120.312444,22.514867],[120.324246,22.522762],[120.325242,22.530086],[120.329578,22.533759],[120.331434,22.532856],[120.329901,22.532991],[120.325363,22.529453],[120.325324,22.523482],[120.333353,22.528779],[120.337,22.524847],[120.333748,22.521405],[120.350965,22.509535],[120.35892,22.502182],[120.358724,22.500677],[120.359877,22.501065],[120.373248,22.491225],[120.401856,22.473885],[120.410922,22.47073],[120.424434,22.468713],[120.423937,22.47995],[120.42573,22.498172],[120.423657,22.506522],[120.422856,22.518451],[120.430875,22.544007],[120.436574,22.547557],[120.442058,22.560232],[120.447061,22.586969],[120.445463,22.599587],[120.437547,22.607274],[120.433683,22.617595],[120.433581,22.62396],[120.435908,22.631364],[120.436057,22.661337],[120.44,22.673039],[120.439656,22.678538],[120.442627,22.684557],[120.447647,22.688532],[120.45279,22.704169],[120.456063,22.722516],[120.453807,22.769578],[120.45743,22.785385],[120.464034,22.800288],[120.465499,22.81275],[120.467355,22.815479],[120.46753,22.822351],[120.46919,22.825017],[120.468755,22.830673],[120.474039,22.836785],[120.476836,22.838149],[120.47881,22.836765],[120.481454,22.837592],[120.483648,22.835621],[120.490769,22.835266],[120.492768,22.835693],[120.491461,22.83696],[120.492738,22.83729],[120.497692,22.831712],[120.505062,22.831517],[120.509988,22.828511],[120.515382,22.831518],[120.530572,22.832983],[120.529773,22.8317],[120.531005,22.830827],[120.536433,22.829266],[120.544063,22.829794],[120.553259,22.828403],[120.563569,22.835272],[120.574243,22.847717],[120.594815,22.863298],[120.60541,22.87297],[120.615087,22.876742],[120.621174,22.875692],[120.645028,22.885176],[120.648612,22.877049],[120.65102,22.877213],[120.65532,22.881615],[120.65805,22.879708],[120.659664,22.87012],[120.658645,22.86607],[120.66048,22.86],[120.66857,22.858714],[120.672112,22.856352],[120.676722,22.857254],[120.678969,22.862868],[120.690539,22.864873],[120.691976,22.868453],[120.704539,22.880668],[120.720507,22.881999],[120.725019,22.880834],[120.731772,22.875887],[120.742419,22.873736],[120.74926,22.865683],[120.755037,22.864679],[120.762155,22.856814],[120.764158,22.848993],[120.766089,22.848596],[120.769914,22.844554],[120.774409,22.837652],[120.778711,22.835204],[120.785839,22.839903],[120.792691,22.841119],[120.7917,22.848373],[120.793347,22.852032],[120.801078,22.851029],[120.813657,22.85747],[120.815164,22.861658],[120.819088,22.862346],[120.824975,22.86646],[120.833038,22.866274],[120.837499,22.864073],[120.840943,22.860382],[120.842978,22.854211],[120.847173,22.851967],[120.853185,22.857622],[120.857289,22.852681],[120.859927,22.851462],[120.859427,22.849237],[120.862315,22.847127],[120.864565,22.843081],[120.865575,22.847089],[120.868348,22.850746],[120.866603,22.853816],[120.869572,22.857758],[120.859151,22.863446],[120.864199,22.866667],[120.865545,22.869664],[120.864871,22.872551],[120.859727,22.878368],[120.852088,22.878097],[120.840525,22.881949],[120.838226,22.889894],[120.834951,22.8931],[120.833537,22.899815],[120.828662,22.903974],[120.829959,22.909526],[120.833288,22.912268],[120.831439,22.919855],[120.829159,22.920784],[120.826881,22.928135],[120.821814,22.935258],[120.821778,22.945124],[120.824752,22.952454],[120.820793,22.961966],[120.822445,22.96487],[120.830144,22.96999],[120.829055,22.974387],[120.832457,22.980388],[120.841182,22.984],[120.841926,22.990933],[120.849093,22.994854],[120.852065,22.999905],[120.851072,23.005125],[120.858234,23.005055],[120.860657,23.00805],[120.861614,23.030768],[120.863974,23.032491],[120.872001,23.034477],[120.878905,23.034441],[120.87996,23.035522],[120.88138,23.042682],[120.879749,23.047774],[120.874498,23.050943],[120.869215,23.059686],[120.875345,23.068543],[120.878075,23.078231],[120.885629,23.089107],[120.88555,23.09263],[120.889151,23.100492],[120.888141,23.104205],[120.889401,23.110439],[120.886775,23.113613],[120.884965,23.119347],[120.888058,23.122438],[120.885961,23.128044],[120.887874,23.136681],[120.885762,23.144284],[120.881435,23.146227],[120.876411,23.151335],[120.883333,23.153436],[120.88626,23.155433],[120.887351,23.158241],[120.895004,23.160718],[120.895856,23.171433],[120.89831,23.173123],[120.898724,23.176663],[120.905906,23.180576],[120.909051,23.179799],[120.91076,23.181692],[120.9123,23.187403],[120.910893,23.192167],[120.90644,23.196712],[120.905748,23.199553],[120.907153,23.201132],[120.906732,23.205651],[120.911632,23.209552],[120.911566,23.227857],[120.915719,23.237873],[120.919412,23.24098],[120.924041,23.241982],[120.926528,23.244555],[120.930605,23.242462],[120.937897,23.244949],[120.941251,23.251947],[120.946693,23.253114],[120.951104,23.259509],[120.95738,23.264159],[120.959679,23.27084],[120.963364,23.2721],[120.966114,23.276583],[120.97263,23.282187],[120.978993,23.282267],[120.986591,23.280321],[120.99064,23.284128],[121.001385,23.287376],[121.009845,23.292498],[121.017407,23.29287],[121.020005,23.29457],[121.023746,23.293706],[121.028324,23.297122],[121.031365,23.300433],[121.032075,23.303789],[121.036429,23.303802],[121.046282,23.308678],[121.048044,23.313781],[121.04716,23.320008],[121.048781,23.325307],[121.044978,23.327781],[121.03942,23.329135],[121.037041,23.333024],[121.032521,23.334069],[121.030914,23.337028],[121.026997,23.337623],[121.02432,23.340729],[121.022364,23.348127],[121.020046,23.350383],[121.018105,23.350126],[121.015194,23.346341],[121.010104,23.345904],[121.007544,23.349181],[121.007574,23.352025],[121.002484,23.355253],[120.987095,23.358731],[120.986565,23.363425],[120.987958,23.370573],[120.991549,23.371744],[121.000095,23.382372],[121.007718,23.384665],[121.007386,23.387032],[121.001133,23.391745],[121.003211,23.394788],[121.006434,23.396556],[121.010463,23.395098],[121.014643,23.396583],[121.019242,23.401517],[121.021746,23.399968],[121.028393,23.403871],[121.026652,23.406042],[121.02708,23.41278],[121.024911,23.414603],[121.027741,23.416253],[121.029446,23.422383],[121.02253,23.424902],[121.020695,23.429647],[121.014086,23.430977],[121.012889,23.433083],[121.015268,23.43541]]]]},"properties":{"code":"64000","name":"高雄市","countyCode":"64000","countyName":"高雄市","level":"county","unassigned":false,"note":"","label":[120.69714532036713,23.019518472272786],"bounds":[114.359676,10.371348,121.048781,23.471713],"focusBounds":[120.174749,22.468713,121.048781,23.471713],"color":"#df9f6a","childCount":38}},{"type":"Feature","id":"65000","geometry":{"type":"Polygon","coordinates":[[[121.709658,25.176562],[121.704622,25.176838],[121.702731,25.180584],[121.698883,25.18097],[121.696689,25.182785],[121.697242,25.181455],[121.694663,25.181639],[121.692669,25.180132],[121.687702,25.185624],[121.685716,25.190095],[121.685936,25.192395],[121.694697,25.20042],[121.694021,25.201771],[121.696005,25.203917],[121.694227,25.203393],[121.693953,25.204439],[121.692727,25.203306],[121.693216,25.204432],[121.691846,25.204706],[121.692773,25.206679],[121.701021,25.214219],[121.702381,25.217141],[121.69652,25.214664],[121.692671,25.208157],[121.688487,25.208319],[121.68914,25.205369],[121.687325,25.205077],[121.687234,25.207889],[121.685851,25.208157],[121.678491,25.202632],[121.678086,25.205948],[121.674087,25.204208],[121.675319,25.203185],[121.674443,25.202359],[121.673326,25.203647],[121.67253,25.202131],[121.665051,25.206597],[121.666108,25.20798],[121.664281,25.207036],[121.664301,25.209236],[121.662232,25.207741],[121.663734,25.209673],[121.66192,25.208089],[121.660837,25.208179],[121.66214,25.208463],[121.655856,25.2133],[121.650017,25.222999],[121.653744,25.229158],[121.651348,25.230508],[121.652631,25.23278],[121.647864,25.232237],[121.647017,25.233095],[121.648689,25.230107],[121.645947,25.23012],[121.647326,25.231111],[121.646397,25.231482],[121.645603,25.230286],[121.643152,25.230722],[121.63827,25.234561],[121.637973,25.236823],[121.6364,25.236396],[121.634702,25.238645],[121.633887,25.240632],[121.635886,25.250091],[121.634131,25.260035],[121.629743,25.266786],[121.617859,25.27814],[121.607934,25.281455],[121.60395,25.286487],[121.597611,25.289951],[121.598041,25.291432],[121.58869,25.292624],[121.577552,25.298951],[121.569311,25.298455],[121.566081,25.295947],[121.566853,25.295047],[121.565671,25.293261],[121.560311,25.291979],[121.553554,25.293033],[121.550394,25.291631],[121.541217,25.294587],[121.540721,25.297847],[121.537139,25.300303],[121.533426,25.296043],[121.534504,25.291106],[121.528516,25.287054],[121.525942,25.286014],[121.521696,25.286865],[121.519813,25.285022],[121.51691,25.284899],[121.514018,25.286668],[121.513412,25.289948],[121.510715,25.292],[121.508322,25.289796],[121.508995,25.282925],[121.506516,25.282545],[121.505766,25.281074],[121.503647,25.281309],[121.50261,25.279705],[121.501261,25.280463],[121.497348,25.278851],[121.49098,25.274703],[121.480946,25.270876],[121.471575,25.255991],[121.462512,25.252049],[121.452687,25.25281],[121.445816,25.24256],[121.445368,25.237968],[121.437313,25.219671],[121.437641,25.218018],[121.430868,25.215887],[121.424671,25.207917],[121.418272,25.197417],[121.41776,25.194261],[121.419006,25.191847],[121.414216,25.190114],[121.404857,25.189834],[121.404301,25.183094],[121.416366,25.180657],[121.418848,25.177409],[121.408939,25.164973],[121.405515,25.167994],[121.408872,25.164899],[121.405532,25.160425],[121.402574,25.158832],[121.391572,25.16798],[121.387826,25.151922],[121.389769,25.147738],[121.379474,25.143001],[121.371996,25.141983],[121.369119,25.139589],[121.365267,25.140168],[121.363991,25.137178],[121.359937,25.134747],[121.345034,25.128423],[121.341713,25.128707],[121.335529,25.126086],[121.32014,25.123419],[121.310229,25.123745],[121.309648,25.125857],[121.304945,25.126108],[121.304152,25.124159],[121.300632,25.125212],[121.298772,25.124195],[121.296713,25.126168],[121.296847,25.122643],[121.294705,25.122117],[121.294911,25.12082],[121.292598,25.119098],[121.283387,25.117809],[121.283906,25.112444],[121.282752,25.109633],[121.287145,25.106816],[121.290246,25.106859],[121.29162,25.102639],[121.298306,25.104492],[121.301223,25.101674],[121.302786,25.09679],[121.310517,25.096545],[121.318239,25.093008],[121.325023,25.092549],[121.338298,25.083742],[121.343598,25.084216],[121.349496,25.082248],[121.349428,25.080748],[121.342471,25.080093],[121.347982,25.078798],[121.345246,25.078544],[121.346355,25.076784],[121.344221,25.077843],[121.344475,25.076059],[121.346232,25.075641],[121.344606,25.07503],[121.34046,25.076357],[121.340529,25.07408],[121.342603,25.073497],[121.341854,25.072671],[121.348035,25.073819],[121.349922,25.076629],[121.349897,25.073538],[121.351761,25.074459],[121.353461,25.073292],[121.351722,25.073565],[121.349853,25.071302],[121.34894,25.072414],[121.34645,25.0703],[121.352137,25.067924],[121.353774,25.068583],[121.354888,25.065148],[121.376682,25.066092],[121.382161,25.064299],[121.382908,25.062933],[121.388309,25.063063],[121.388174,25.061555],[121.390925,25.060808],[121.387684,25.059718],[121.389737,25.059056],[121.388589,25.056849],[121.385598,25.058111],[121.387451,25.054982],[121.38444,25.052562],[121.38987,25.052839],[121.392622,25.055067],[121.39104,25.053583],[121.400704,25.051386],[121.399755,25.049363],[121.398619,25.050969],[121.397589,25.050531],[121.39853,25.048473],[121.394419,25.050427],[121.393923,25.049193],[121.394414,25.047501],[121.396033,25.048561],[121.399429,25.047815],[121.397701,25.046288],[121.399941,25.044917],[121.403067,25.045661],[121.398298,25.044106],[121.400689,25.043237],[121.393872,25.04378],[121.390682,25.041853],[121.393553,25.041997],[121.394378,25.040088],[121.401074,25.037728],[121.401203,25.036367],[121.399593,25.035876],[121.401207,25.034452],[121.398574,25.034754],[121.39827,25.030096],[121.401079,25.028785],[121.401334,25.02638],[121.408683,25.020862],[121.410614,25.021049],[121.412126,25.018845],[121.40163,25.015772],[121.397251,25.016218],[121.39466,25.014644],[121.392654,25.01558],[121.39116,25.012096],[121.399518,25.00697],[121.403037,24.999049],[121.396843,24.997302],[121.394024,24.993424],[121.390496,24.993316],[121.388036,24.996396],[121.384185,24.995715],[121.383411,24.988607],[121.38546,24.986044],[121.372404,24.979939],[121.369363,24.976899],[121.363906,24.979587],[121.361224,24.977808],[121.354096,24.977799],[121.352349,24.980849],[121.347147,24.978843],[121.342682,24.982317],[121.341029,24.980242],[121.336796,24.98068],[121.333829,24.978689],[121.327494,24.978492],[121.328609,24.976265],[121.323679,24.972819],[121.324041,24.971109],[121.328051,24.972873],[121.328536,24.971934],[121.328594,24.96847],[121.326934,24.966589],[121.328852,24.967884],[121.329806,24.966893],[121.32805,24.965452],[121.329154,24.960576],[121.327995,24.949188],[121.331629,24.945642],[121.324144,24.943292],[121.315781,24.938473],[121.31815,24.934794],[121.32322,24.931279],[121.322058,24.92804],[121.333249,24.929828],[121.339803,24.9285],[121.33518,24.92492],[121.327959,24.924741],[121.324755,24.923433],[121.317585,24.916359],[121.322453,24.912588],[121.323587,24.909909],[121.326206,24.909181],[121.326215,24.907193],[121.321898,24.903599],[121.320322,24.900196],[121.327166,24.895901],[121.33179,24.899812],[121.333246,24.899434],[121.332076,24.893513],[121.333655,24.891536],[121.338551,24.893363],[121.342126,24.892591],[121.34114,24.887993],[121.344732,24.885764],[121.34567,24.879985],[121.353465,24.876517],[121.354449,24.873466],[121.353118,24.871102],[121.345048,24.866939],[121.348354,24.86073],[121.353432,24.858652],[121.358074,24.853284],[121.354794,24.853352],[121.353345,24.85059],[121.351864,24.850605],[121.352735,24.849119],[121.349858,24.849648],[121.350379,24.848768],[121.348723,24.848353],[121.347863,24.850945],[121.347639,24.849934],[121.342949,24.848771],[121.337272,24.84841],[121.336141,24.8438],[121.340009,24.843388],[121.346745,24.845887],[121.354823,24.843972],[121.360059,24.838177],[121.370122,24.836224],[121.373618,24.833281],[121.383347,24.836985],[121.385041,24.840808],[121.388079,24.84241],[121.397043,24.843796],[121.397989,24.841778],[121.399903,24.841561],[121.402845,24.84355],[121.415605,24.835598],[121.41385,24.831959],[121.416917,24.825572],[121.423645,24.825432],[121.425289,24.820109],[121.42957,24.815276],[121.436566,24.812053],[121.437601,24.79638],[121.445708,24.790133],[121.450385,24.790917],[121.448843,24.788244],[121.449605,24.786189],[121.445965,24.781722],[121.440575,24.77914],[121.436921,24.77372],[121.431432,24.771938],[121.426233,24.767826],[121.423304,24.762017],[121.425839,24.760588],[121.425567,24.758399],[121.428487,24.753454],[121.428685,24.748065],[121.435352,24.733311],[121.434206,24.73013],[121.43832,24.726591],[121.440962,24.726083],[121.444897,24.715152],[121.448792,24.712189],[121.450225,24.705675],[121.46255,24.701637],[121.469496,24.696151],[121.474236,24.696102],[121.474793,24.693478],[121.47304,24.689802],[121.473945,24.685333],[121.47596,24.67927],[121.479996,24.673849],[121.484735,24.673827],[121.487916,24.675192],[121.493009,24.673243],[121.499029,24.677947],[121.505,24.679485],[121.507304,24.682338],[121.511742,24.684354],[121.514813,24.683238],[121.523796,24.683295],[121.526954,24.685255],[121.527881,24.688969],[121.529498,24.687573],[121.536563,24.688328],[121.537559,24.694015],[121.538893,24.694776],[121.537865,24.699844],[121.543207,24.705644],[121.550622,24.705742],[121.556377,24.711222],[121.562543,24.712839],[121.56778,24.711563],[121.570376,24.713971],[121.572161,24.710583],[121.574814,24.71011],[121.577283,24.714874],[121.578307,24.72236],[121.587379,24.72019],[121.597549,24.727674],[121.597839,24.72928],[121.593771,24.729537],[121.595307,24.739632],[121.591669,24.744916],[121.596133,24.748302],[121.594591,24.750192],[121.590328,24.751245],[121.588974,24.755152],[121.590779,24.761345],[121.596279,24.766939],[121.595588,24.769301],[121.597586,24.772169],[121.592084,24.787734],[121.605644,24.789126],[121.609637,24.793766],[121.616811,24.793888],[121.620961,24.792503],[121.625471,24.79506],[121.625827,24.80878],[121.628664,24.80796],[121.637226,24.809438],[121.638803,24.810725],[121.645037,24.809289],[121.647374,24.813952],[121.653115,24.811266],[121.66069,24.810829],[121.66905,24.818009],[121.674283,24.814127],[121.677156,24.814092],[121.681241,24.817616],[121.686198,24.817525],[121.688309,24.816125],[121.690118,24.821492],[121.687644,24.824905],[121.696166,24.829894],[121.696404,24.83462],[121.69816,24.834202],[121.699164,24.835577],[121.701866,24.8344],[121.708914,24.840544],[121.714267,24.841783],[121.715591,24.84435],[121.719736,24.845589],[121.721921,24.84985],[121.725211,24.850789],[121.730423,24.855245],[121.736596,24.855696],[121.74199,24.852459],[121.745783,24.852853],[121.74797,24.85495],[121.75063,24.854474],[121.753464,24.854982],[121.754287,24.856409],[121.760985,24.856701],[121.761564,24.860152],[121.762789,24.861255],[121.764379,24.859889],[121.768488,24.865783],[121.775484,24.865124],[121.777331,24.870763],[121.785213,24.87419],[121.784278,24.877582],[121.782241,24.879184],[121.781685,24.889466],[121.785583,24.890583],[121.785793,24.892494],[121.79001,24.893454],[121.792938,24.896157],[121.791995,24.899869],[121.795184,24.899753],[121.797164,24.90162],[121.804623,24.901189],[121.810476,24.903631],[121.811635,24.906519],[121.818381,24.90271],[121.825515,24.905262],[121.83182,24.904908],[121.835958,24.907957],[121.843952,24.915966],[121.845598,24.919369],[121.853938,24.925642],[121.853868,24.927879],[121.849145,24.930328],[121.846736,24.937715],[121.842443,24.93936],[121.839048,24.944636],[121.841755,24.951125],[121.841412,24.954264],[121.846863,24.960267],[121.850363,24.961178],[121.852566,24.959605],[121.854382,24.961593],[121.860911,24.963655],[121.871552,24.960719],[121.882529,24.96417],[121.888566,24.963175],[121.889575,24.964761],[121.897204,24.967067],[121.902828,24.974379],[121.905424,24.973417],[121.908265,24.975863],[121.910327,24.974774],[121.910964,24.976931],[121.914869,24.979349],[121.918987,24.978644],[121.920818,24.979718],[121.922744,24.978601],[121.9335,24.980897],[121.934455,24.983144],[121.94042,24.984445],[121.944641,24.988178],[121.947897,24.986663],[121.950385,24.988324],[121.958088,24.987289],[121.961075,24.988293],[121.962906,24.987704],[121.966036,24.983081],[121.967305,24.982697],[121.967722,24.984817],[121.974747,24.985292],[121.977544,24.990068],[121.983884,24.990555],[121.989299,24.993747],[121.996681,25.000761],[122.005161,25.001547],[122.005683,25.007762],[122.007062,25.008638],[122.005844,25.008638],[122.007503,25.011854],[122.006503,25.011028],[122.005083,25.013378],[122.006339,25.015386],[122.001819,25.014806],[121.997768,25.020758],[121.991183,25.012954],[121.992286,25.016471],[121.990168,25.02106],[121.97789,25.026613],[121.973651,25.026562],[121.967596,25.023985],[121.964866,25.024683],[121.960883,25.022989],[121.95001,25.022385],[121.949966,25.020459],[121.94711,25.021062],[121.942249,25.024637],[121.932058,25.035855],[121.928963,25.040995],[121.930333,25.042068],[121.92888,25.043029],[121.930404,25.04415],[121.928954,25.046235],[121.931573,25.054108],[121.930659,25.059908],[121.931717,25.063121],[121.928147,25.068817],[121.928456,25.070866],[121.919853,25.076299],[121.915544,25.07664],[121.916874,25.081402],[121.914416,25.085477],[121.914434,25.089748],[121.917371,25.094255],[121.919595,25.094851],[121.918517,25.099968],[121.919451,25.102246],[121.921933,25.104059],[121.924157,25.103673],[121.923225,25.105312],[121.925456,25.1061],[121.926552,25.108146],[121.923199,25.113283],[121.921177,25.114145],[121.918606,25.112512],[121.916037,25.113858],[121.916947,25.116177],[121.920816,25.117459],[121.921208,25.121317],[121.924145,25.124037],[121.926791,25.128842],[121.926044,25.129665],[121.924021,25.130117],[121.916477,25.127263],[121.914653,25.124203],[121.913568,25.124924],[121.910751,25.123326],[121.90453,25.124321],[121.901756,25.121299],[121.897074,25.119694],[121.895978,25.121007],[121.889821,25.119863],[121.889712,25.12172],[121.887284,25.122495],[121.888025,25.123246],[121.886297,25.122482],[121.883022,25.124044],[121.879325,25.123079],[121.875992,25.125562],[121.872519,25.125383],[121.871511,25.1238],[121.869879,25.125372],[121.868512,25.123142],[121.865043,25.123144],[121.862632,25.124302],[121.862484,25.126329],[121.86064,25.124582],[121.856084,25.124811],[121.841861,25.128856],[121.834094,25.128425],[121.833752,25.127009],[121.828813,25.127651],[121.829572,25.124374],[121.82801,25.122735],[121.827728,25.125218],[121.826392,25.124169],[121.827351,25.12439],[121.827975,25.122195],[121.822538,25.12144],[121.819754,25.124434],[121.819422,25.128634],[121.821714,25.13054],[121.821939,25.132589],[121.824126,25.131977],[121.823396,25.132763],[121.826611,25.13599],[121.822695,25.136269],[121.810426,25.1331],[121.806847,25.135618],[121.803509,25.136203],[121.802527,25.134329],[121.805333,25.131205],[121.803776,25.127447],[121.805019,25.125334],[121.802369,25.121766],[121.794616,25.126394],[121.794206,25.12335],[121.798881,25.119087],[121.797583,25.117719],[121.79863,25.116659],[121.797767,25.114313],[121.794774,25.112616],[121.790156,25.112263],[121.785924,25.118189],[121.783375,25.116615],[121.773527,25.120273],[121.766908,25.112523],[121.763285,25.113442],[121.75939,25.112587],[121.757139,25.11012],[121.7519,25.111017],[121.750005,25.10966],[121.752738,25.106845],[121.75396,25.108713],[121.755963,25.108494],[121.758054,25.103684],[121.756803,25.101817],[121.759891,25.100615],[121.758361,25.094127],[121.759821,25.09024],[121.75913,25.084476],[121.761251,25.078867],[121.769422,25.077903],[121.775631,25.070211],[121.771728,25.063206],[121.767349,25.061824],[121.763916,25.05739],[121.762438,25.056943],[121.759294,25.059449],[121.75688,25.059338],[121.751153,25.057258],[121.745913,25.052995],[121.739796,25.053058],[121.737498,25.054764],[121.732208,25.052725],[121.730062,25.05335],[121.726133,25.058181],[121.722479,25.058582],[121.712369,25.068034],[121.706614,25.066554],[121.704267,25.067929],[121.699522,25.067387],[121.696535,25.070094],[121.688421,25.071738],[121.680307,25.077101],[121.678969,25.079583],[121.680495,25.081883],[121.679932,25.084326],[121.681641,25.084719],[121.681211,25.08802],[121.678811,25.087403],[121.67403,25.08292],[121.655701,25.09345],[121.655864,25.095136],[121.650719,25.098449],[121.648934,25.101756],[121.652225,25.104739],[121.650239,25.109552],[121.646238,25.113625],[121.646244,25.121053],[121.644688,25.122198],[121.643179,25.127682],[121.638305,25.130743],[121.63314,25.130987],[121.628385,25.135011],[121.626796,25.139618],[121.630905,25.142532],[121.638678,25.144238],[121.639818,25.145843],[121.649623,25.144892],[121.651457,25.147962],[121.655537,25.149054],[121.658281,25.152231],[121.664272,25.152223],[121.66912,25.153348],[121.67147,25.155564],[121.677616,25.155743],[121.683177,25.16065],[121.68483,25.160103],[121.687275,25.161563],[121.688832,25.16409],[121.691019,25.164648],[121.691295,25.166324],[121.698949,25.167217],[121.702248,25.173517],[121.706613,25.173961],[121.709658,25.176562]],[[121.570989,25.197165],[121.572912,25.194982],[121.583764,25.194594],[121.582704,25.193094],[121.583997,25.188791],[121.581861,25.186404],[121.582754,25.18434],[121.580868,25.181794],[121.583504,25.176838],[121.577384,25.170155],[121.577068,25.167003],[121.578857,25.16561],[121.583219,25.165813],[121.587928,25.162973],[121.589869,25.163715],[121.59184,25.155885],[121.58939,25.152386],[121.593581,25.150299],[121.595793,25.143431],[121.598391,25.140306],[121.604075,25.136175],[121.605692,25.136742],[121.604591,25.130853],[121.607832,25.130202],[121.604434,25.12592],[121.601719,25.126025],[121.600766,25.121847],[121.595581,25.114092],[121.596509,25.111278],[121.599599,25.108431],[121.615464,25.10384],[121.622035,25.097406],[121.626222,25.096091],[121.625063,25.093667],[121.628215,25.088061],[121.627976,25.083251],[121.624262,25.080344],[121.623912,25.078244],[121.625079,25.078835],[121.624938,25.077994],[121.620619,25.073226],[121.62151,25.069575],[121.61763,25.067602],[121.617925,25.065159],[121.616832,25.065874],[121.616131,25.06392],[121.620775,25.061357],[121.624265,25.055481],[121.620303,25.056451],[121.621034,25.05369],[121.61634,25.050636],[121.616641,25.047798],[121.62114,25.040873],[121.624931,25.037724],[121.629481,25.036728],[121.63021,25.035079],[121.633478,25.03574],[121.646718,25.027993],[121.655147,25.027436],[121.660801,25.030446],[121.665943,25.029875],[121.664938,25.024694],[121.66284,25.02275],[121.653817,25.02442],[121.649913,25.023969],[121.646247,25.021716],[121.642981,25.024559],[121.635687,25.023211],[121.632361,25.025635],[121.628936,25.019929],[121.623284,25.017266],[121.609258,25.020947],[121.60821,25.019438],[121.604126,25.019087],[121.602625,25.015082],[121.597412,25.01469],[121.595912,25.004505],[121.597889,25.004142],[121.600467,25.001082],[121.600525,24.99847],[121.598139,24.994494],[121.599062,24.991705],[121.601972,24.990286],[121.601831,24.987908],[121.599861,24.98639],[121.600664,24.980314],[121.599509,24.978145],[121.60521,24.974357],[121.6143,24.973537],[121.620017,24.969449],[121.619643,24.967158],[121.613667,24.966437],[121.608304,24.963079],[121.605061,24.962951],[121.601243,24.960887],[121.597077,24.960503],[121.593396,24.964211],[121.591169,24.964606],[121.585674,24.963212],[121.57842,24.966611],[121.574557,24.966843],[121.572543,24.96398],[121.561219,24.96471],[121.55368,24.977422],[121.553935,24.984798],[121.552369,24.986964],[121.550849,24.987226],[121.549035,24.983761],[121.545062,24.983668],[121.544174,24.988208],[121.536903,24.988652],[121.537048,24.992356],[121.535176,24.995133],[121.531699,24.990506],[121.530514,24.998009],[121.533906,25.003391],[121.532151,25.008125],[121.525968,25.01164],[121.518451,25.019985],[121.512559,25.021729],[121.509121,25.021341],[121.499728,25.011538],[121.495794,25.009422],[121.492659,25.009526],[121.488763,25.015317],[121.488803,25.023347],[121.483666,25.036299],[121.48882,25.042568],[121.496789,25.043465],[121.501358,25.045952],[121.504673,25.049793],[121.506228,25.053634],[121.505395,25.059338],[121.506933,25.067042],[121.505817,25.07552],[121.499767,25.087235],[121.488748,25.09714],[121.480752,25.100946],[121.466099,25.101723],[121.461396,25.103853],[121.457169,25.107733],[121.460935,25.116196],[121.458793,25.12294],[121.464826,25.124256],[121.464298,25.127574],[121.465714,25.131686],[121.482864,25.150221],[121.487469,25.151439],[121.492366,25.160372],[121.498786,25.165001],[121.501846,25.169425],[121.502571,25.173253],[121.504846,25.173247],[121.505752,25.171081],[121.510423,25.169436],[121.513537,25.170994],[121.519948,25.169273],[121.522562,25.174681],[121.521737,25.17913],[121.526006,25.182976],[121.533374,25.183577],[121.535811,25.186672],[121.541095,25.187378],[121.542827,25.188952],[121.543373,25.194033],[121.54812,25.197997],[121.551862,25.197747],[121.551742,25.20355],[121.555009,25.20843],[121.559173,25.210136],[121.562675,25.20944],[121.564843,25.201009],[121.570989,25.197165]]]},"properties":{"code":"65000","name":"新北市","countyCode":"65000","countyName":"新北市","level":"county","unassigned":false,"note":"","label":[121.55455546923812,24.874882255210686],"bounds":[121.282752,24.673243,122.007503,25.300303],"focusBounds":[121.282752,24.673243,122.007503,25.300303],"color":"#c38cb8","childCount":29}},{"type":"Feature","id":"66000","geometry":{"type":"Polygon","coordinates":[[[121.452012,24.36468],[121.447978,24.374826],[121.442556,24.373127],[121.438302,24.382616],[121.43397,24.383233],[121.423346,24.381404],[121.419099,24.379052],[121.412771,24.379742],[121.407907,24.377548],[121.404407,24.377717],[121.400886,24.379674],[121.398119,24.377763],[121.395468,24.377848],[121.393045,24.375206],[121.389965,24.375147],[121.387622,24.369685],[121.381839,24.367007],[121.373738,24.368053],[121.369293,24.372457],[121.367107,24.378974],[121.369803,24.38259],[121.364888,24.389074],[121.35939,24.390446],[121.354692,24.393272],[121.352394,24.39224],[121.342968,24.392842],[121.339135,24.389604],[121.333601,24.395003],[121.332335,24.397943],[121.326846,24.399399],[121.324996,24.406912],[121.327441,24.413021],[121.328349,24.433038],[121.321675,24.440368],[121.317665,24.441489],[121.313449,24.437065],[121.310033,24.436218],[121.305504,24.432581],[121.296754,24.433027],[121.292755,24.430921],[121.271527,24.429747],[121.269901,24.427375],[121.260218,24.429009],[121.257613,24.425046],[121.249998,24.424907],[121.243897,24.420076],[121.241988,24.414094],[121.243569,24.405717],[121.234661,24.397337],[121.234977,24.391923],[121.231655,24.387707],[121.231861,24.383858],[121.218458,24.381262],[121.215876,24.379455],[121.213503,24.381852],[121.211249,24.388392],[121.210292,24.396121],[121.207197,24.397905],[121.197187,24.396588],[121.196715,24.391519],[121.190236,24.381622],[121.183297,24.381011],[121.173424,24.373344],[121.174177,24.36892],[121.169005,24.364313],[121.168369,24.360912],[121.159415,24.360797],[121.148408,24.35788],[121.14096,24.359643],[121.136443,24.353132],[121.131227,24.349357],[121.12844,24.342171],[121.125299,24.34199],[121.124126,24.340554],[121.121503,24.334293],[121.12158,24.330679],[121.114873,24.328637],[121.108477,24.330954],[121.102256,24.324584],[121.095713,24.322568],[121.094352,24.319811],[121.091926,24.31863],[121.086443,24.317679],[121.081473,24.324136],[121.078462,24.322807],[121.073076,24.322823],[121.073855,24.319195],[121.070213,24.315759],[121.064802,24.315437],[121.055354,24.3104],[121.052563,24.304241],[121.052244,24.299327],[121.049305,24.296048],[121.045192,24.295326],[121.034134,24.297817],[121.029366,24.304708],[121.018019,24.311296],[121.014495,24.320114],[121.004152,24.3323],[121.000481,24.332662],[120.997563,24.330142],[120.991778,24.32962],[120.985586,24.33166],[120.981985,24.335904],[120.979621,24.334419],[120.966488,24.33346],[120.960161,24.335054],[120.956786,24.339298],[120.942459,24.339136],[120.935644,24.342915],[120.916606,24.335128],[120.920503,24.320107],[120.920171,24.310626],[120.922499,24.303944],[120.911906,24.294064],[120.902989,24.292178],[120.876117,24.295004],[120.866843,24.293073],[120.857229,24.289109],[120.849903,24.288514],[120.833565,24.290472],[120.825272,24.296822],[120.817571,24.30742],[120.806532,24.31568],[120.783827,24.318352],[120.773121,24.321735],[120.767053,24.325573],[120.763003,24.326013],[120.746791,24.33759],[120.730406,24.351808],[120.723153,24.354672],[120.707297,24.357865],[120.707427,24.361726],[120.703414,24.361798],[120.693042,24.366949],[120.689945,24.374337],[120.685749,24.378902],[120.677278,24.384156],[120.678649,24.38707],[120.670108,24.391956],[120.663894,24.40206],[120.658004,24.406718],[120.648839,24.409492],[120.64597,24.412293],[120.645257,24.414569],[120.643344,24.415342],[120.643197,24.421707],[120.640289,24.424119],[120.639665,24.427766],[120.6321,24.432422],[120.6286,24.438036],[120.621861,24.440287],[120.619294,24.434892],[120.615189,24.432104],[120.614662,24.428741],[120.610269,24.425863],[120.610198,24.423298],[120.607571,24.419525],[120.601774,24.414515],[120.598849,24.407847],[120.589877,24.399296],[120.586712,24.392319],[120.573069,24.377235],[120.570214,24.369166],[120.566702,24.365562],[120.56901,24.366667],[120.565036,24.363243],[120.566246,24.36532],[120.56138,24.3595],[120.562245,24.358926],[120.559276,24.354123],[120.559208,24.349796],[120.55585,24.347739],[120.545794,24.334873],[120.539889,24.33512],[120.53232,24.320507],[120.52602,24.317715],[120.521759,24.312132],[120.519486,24.312957],[120.521678,24.311856],[120.516814,24.298455],[120.511131,24.29273],[120.508091,24.293413],[120.510836,24.292224],[120.508263,24.283904],[120.500065,24.267636],[120.499044,24.267857],[120.499861,24.267411],[120.498195,24.263928],[120.493108,24.266141],[120.48901,24.256378],[120.486212,24.257316],[120.490491,24.255279],[120.476329,24.22433],[120.472336,24.222328],[120.468822,24.214465],[120.461287,24.216753],[120.460786,24.2156],[120.464915,24.214275],[120.46033,24.211644],[120.45656,24.207183],[120.504388,24.191143],[120.508111,24.187164],[120.525479,24.149901],[120.525672,24.146039],[120.523552,24.139675],[120.532684,24.126428],[120.540922,24.123659],[120.545385,24.116471],[120.54969,24.11388],[120.572614,24.108315],[120.576921,24.109624],[120.583524,24.109547],[120.588363,24.10623],[120.599961,24.105185],[120.602896,24.102891],[120.612493,24.102566],[120.614944,24.085041],[120.617004,24.079422],[120.619666,24.073044],[120.623717,24.071696],[120.625383,24.068737],[120.625691,24.057026],[120.623431,24.052119],[120.625798,24.046812],[120.626018,24.04162],[120.628113,24.03835],[120.624229,24.033371],[120.624469,24.030989],[120.628658,24.02962],[120.636146,24.03105],[120.637537,24.028529],[120.644643,24.025878],[120.64626,24.026901],[120.644613,24.033436],[120.646405,24.034024],[120.651753,24.028534],[120.65579,24.030663],[120.660914,24.025891],[120.678646,24.014031],[120.694883,24.007118],[120.706383,24.005191],[120.719242,24.009659],[120.731731,24.009003],[120.74365,24.002169],[120.74599,23.998556],[120.751035,24.002826],[120.755896,24.003531],[120.757974,24.006095],[120.762675,24.006257],[120.767777,24.009151],[120.770562,24.009074],[120.771255,24.014201],[120.775202,24.018552],[120.779702,24.020189],[120.783125,24.024777],[120.784646,24.024079],[120.786062,24.029248],[120.78947,24.031228],[120.79154,24.030674],[120.792899,24.032433],[120.791694,24.035262],[120.797362,24.041098],[120.796701,24.043061],[120.800653,24.048647],[120.800884,24.051376],[120.803419,24.052359],[120.803292,24.056262],[120.807825,24.065208],[120.811866,24.066069],[120.814457,24.069895],[120.816351,24.068463],[120.819246,24.068465],[120.8207,24.0698],[120.8293,24.071509],[120.828375,24.093945],[120.832488,24.098747],[120.830318,24.102588],[120.834506,24.107613],[120.834477,24.113005],[120.836276,24.11695],[120.842124,24.120682],[120.84485,24.124526],[120.853871,24.124509],[120.858605,24.116208],[120.864432,24.115368],[120.868867,24.117601],[120.872451,24.116836],[120.874132,24.113534],[120.879143,24.109303],[120.881499,24.100578],[120.879092,24.098251],[120.876861,24.091192],[120.878017,24.085028],[120.880311,24.088574],[120.882007,24.088325],[120.885874,24.095409],[120.891325,24.097799],[120.891092,24.102029],[120.894253,24.106847],[120.894175,24.110744],[120.890244,24.113547],[120.891529,24.115908],[120.896163,24.116452],[120.904887,24.114486],[120.907205,24.110595],[120.909563,24.10923],[120.919882,24.107441],[120.927146,24.111724],[120.932554,24.112581],[120.948381,24.124939],[120.950109,24.127862],[120.956343,24.124679],[120.96121,24.120152],[120.971163,24.120242],[120.974146,24.11922],[120.975689,24.116867],[120.985427,24.120222],[120.989085,24.118767],[120.99202,24.121055],[120.992025,24.125254],[120.999554,24.127762],[121.000361,24.132284],[121.00325,24.13353],[121.006807,24.140944],[121.008169,24.14704],[121.012248,24.153325],[121.019543,24.158714],[121.024901,24.157967],[121.02776,24.159556],[121.03122,24.153526],[121.031,24.149336],[121.033335,24.148582],[121.035696,24.150914],[121.038046,24.158176],[121.047586,24.160024],[121.050554,24.158347],[121.05266,24.154796],[121.05795,24.159234],[121.059402,24.162781],[121.0646,24.163021],[121.066337,24.165515],[121.07242,24.16987],[121.075254,24.170195],[121.080959,24.175424],[121.084879,24.175923],[121.091348,24.18273],[121.091066,24.184816],[121.094412,24.190148],[121.101692,24.195635],[121.108419,24.198011],[121.122951,24.196028],[121.136358,24.196338],[121.141365,24.199649],[121.143206,24.205853],[121.14789,24.212912],[121.160985,24.215184],[121.167644,24.225392],[121.181457,24.212049],[121.191559,24.216586],[121.192317,24.219041],[121.196343,24.223],[121.208237,24.221704],[121.21581,24.225347],[121.219427,24.229204],[121.228342,24.224706],[121.228344,24.225933],[121.230771,24.226052],[121.230413,24.223527],[121.237956,24.219708],[121.244165,24.222495],[121.254653,24.242838],[121.258796,24.245117],[121.264658,24.245874],[121.26592,24.241104],[121.2685,24.239949],[121.268919,24.237916],[121.276778,24.235531],[121.277637,24.231967],[121.280035,24.229766],[121.282835,24.231038],[121.285889,24.229093],[121.288885,24.230161],[121.293135,24.229164],[121.295458,24.232498],[121.298777,24.233202],[121.298749,24.235614],[121.301172,24.236693],[121.303894,24.233682],[121.313521,24.235028],[121.319653,24.231869],[121.326498,24.232528],[121.335686,24.228589],[121.34302,24.223554],[121.352333,24.234632],[121.352606,24.243855],[121.360669,24.243943],[121.364423,24.247273],[121.366892,24.2521],[121.372679,24.25412],[121.378425,24.252815],[121.385058,24.254988],[121.38566,24.264155],[121.38327,24.267979],[121.380546,24.279756],[121.387243,24.284706],[121.39084,24.289744],[121.393517,24.288232],[121.396584,24.288738],[121.403455,24.296883],[121.405103,24.308252],[121.411435,24.307264],[121.416781,24.309176],[121.420242,24.307622],[121.423234,24.308216],[121.428495,24.317359],[121.434854,24.322194],[121.432519,24.330269],[121.434306,24.33827],[121.437775,24.342218],[121.435618,24.347246],[121.437794,24.352052],[121.441575,24.358593],[121.44727,24.359545],[121.448665,24.362781],[121.452012,24.36468]]]},"properties":{"code":"66000","name":"臺中市","countyCode":"66000","countyName":"臺中市","level":"county","unassigned":false,"note":"","label":[120.7183852639693,24.182877093799494],"bounds":[120.45656,23.998556,121.452012,24.441489],"focusBounds":[120.45656,23.998556,121.452012,24.441489],"color":"#98b69b","childCount":29}},{"type":"Feature","id":"67000","geometry":{"type":"Polygon","coordinates":[[[120.653445,23.224538],[120.651383,23.224086],[120.646908,23.227133],[120.644174,23.225317],[120.634109,23.229225],[120.62838,23.229447],[120.624764,23.227175],[120.618389,23.225645],[120.616762,23.223545],[120.613078,23.223995],[120.609825,23.222636],[120.606518,23.225777],[120.602722,23.22608],[120.59724,23.229042],[120.595793,23.236727],[120.592489,23.239854],[120.586613,23.224164],[120.579681,23.218991],[120.57826,23.214783],[120.574874,23.217698],[120.565288,23.22098],[120.561372,23.217414],[120.554981,23.217473],[120.549785,23.221338],[120.548534,23.223988],[120.541508,23.227829],[120.531958,23.229665],[120.529679,23.232548],[120.52682,23.230933],[120.525744,23.231532],[120.519037,23.239256],[120.527909,23.24536],[120.530319,23.248526],[120.532295,23.255052],[120.52932,23.257874],[120.526092,23.266489],[120.520426,23.271776],[120.522323,23.27429],[120.520968,23.279686],[120.522943,23.28206],[120.521861,23.288091],[120.526009,23.292226],[120.526279,23.295334],[120.522551,23.311754],[120.530853,23.317107],[120.53195,23.321148],[120.535108,23.323246],[120.537056,23.326538],[120.539996,23.32787],[120.533723,23.336471],[120.526931,23.339385],[120.524745,23.338202],[120.523112,23.340678],[120.521417,23.340461],[120.52068,23.341947],[120.515584,23.343739],[120.510429,23.344091],[120.50786,23.342995],[120.505091,23.344815],[120.503562,23.350288],[120.504719,23.35468],[120.50616,23.355297],[120.50809,23.35276],[120.512464,23.356299],[120.510539,23.36436],[120.504927,23.367432],[120.504836,23.368902],[120.502596,23.369536],[120.501788,23.367825],[120.499473,23.368035],[120.496055,23.369951],[120.494271,23.369488],[120.491502,23.372487],[120.490097,23.371121],[120.488725,23.373068],[120.483935,23.369567],[120.482941,23.372327],[120.484402,23.379481],[120.490278,23.383071],[120.496819,23.384245],[120.499029,23.387398],[120.49494,23.394357],[120.490325,23.395624],[120.488654,23.393608],[120.489164,23.392446],[120.48554,23.393062],[120.485674,23.391438],[120.484004,23.391517],[120.479419,23.387589],[120.477471,23.390711],[120.475385,23.391001],[120.476145,23.39383],[120.4734,23.398073],[120.467688,23.401122],[120.464954,23.40077],[120.461842,23.402439],[120.460938,23.404707],[120.453982,23.40722],[120.454325,23.406341],[120.453267,23.406476],[120.450085,23.409231],[120.439998,23.413731],[120.432246,23.410815],[120.430314,23.406484],[120.421952,23.407044],[120.420062,23.403464],[120.416303,23.410417],[120.414491,23.41124],[120.410492,23.410168],[120.408109,23.413426],[120.404173,23.410046],[120.38425,23.404085],[120.34902,23.401218],[120.343101,23.398284],[120.34272,23.396222],[120.333862,23.3861],[120.328935,23.384879],[120.328444,23.386064],[120.3235,23.383617],[120.321694,23.383591],[120.317844,23.388434],[120.314774,23.38846],[120.311005,23.385568],[120.310946,23.375437],[120.29274,23.375318],[120.285891,23.367216],[120.283675,23.359998],[120.28621,23.350273],[120.277737,23.347716],[120.273316,23.35273],[120.270494,23.353689],[120.266037,23.35258],[120.260711,23.344471],[120.267499,23.344757],[120.267051,23.340632],[120.256395,23.331072],[120.245867,23.326852],[120.239697,23.327556],[120.237592,23.326647],[120.222638,23.298319],[120.220874,23.296],[120.21239,23.291701],[120.211826,23.292707],[120.208605,23.291295],[120.204275,23.2919],[120.19169,23.30027],[120.18841,23.301233],[120.185791,23.296603],[120.189355,23.292349],[120.189047,23.290216],[120.17868,23.291727],[120.17592,23.294016],[120.173923,23.299902],[120.168336,23.307012],[120.160582,23.310645],[120.156221,23.310041],[120.154131,23.31309],[120.149663,23.313249],[120.14837,23.315273],[120.148582,23.319573],[120.147082,23.321067],[120.132289,23.329756],[120.118078,23.340162],[120.111018,23.33183],[120.113613,23.322264],[120.110139,23.309139],[120.106841,23.305279],[120.103115,23.304519],[120.101868,23.302284],[120.0969,23.299611],[120.09458,23.2959],[120.09503,23.281225],[120.092177,23.259611],[120.089351,23.249633],[120.080618,23.23757],[120.081863,23.222285],[120.08005,23.209012],[120.077507,23.200473],[120.071579,23.189734],[120.06942,23.182173],[120.060473,23.163444],[120.05583,23.137145],[120.052843,23.130641],[120.055038,23.125696],[120.05092,23.122386],[120.054221,23.125721],[120.051451,23.125582],[120.043941,23.119194],[120.037897,23.108467],[120.034718,23.100809],[120.026912,23.067925],[120.029416,23.066413],[120.038979,23.068045],[120.049834,23.052207],[120.057956,23.043098],[120.06189,23.044252],[120.065175,23.043253],[120.067706,23.040969],[120.075832,23.038271],[120.094141,23.028821],[120.111123,23.01818],[120.137571,22.99692],[120.139097,22.997712],[120.141088,22.995981],[120.140346,22.993341],[120.147491,22.987783],[120.159501,22.973142],[120.159787,22.971223],[120.155415,22.967463],[120.155362,22.964738],[120.159672,22.96355],[120.162815,22.964985],[120.169433,22.955695],[120.172009,22.949695],[120.175176,22.932981],[120.172998,22.919285],[120.174049,22.914416],[120.17685,22.912639],[120.174749,22.911704],[120.17675,22.912338],[120.186573,22.919646],[120.192056,22.921194],[120.202353,22.915441],[120.208071,22.915239],[120.213291,22.911029],[120.218111,22.909623],[120.221026,22.909993],[120.226657,22.916278],[120.229727,22.916865],[120.231694,22.915397],[120.231571,22.908664],[120.23291,22.905547],[120.242863,22.903512],[120.247609,22.898188],[120.254159,22.894261],[120.258686,22.895178],[120.256829,22.899541],[120.258775,22.901865],[120.272988,22.895412],[120.279496,22.896294],[120.277988,22.904407],[120.284565,22.904722],[120.301709,22.900586],[120.314165,22.899781],[120.319691,22.894947],[120.32488,22.90046],[120.332265,22.889324],[120.345137,22.889437],[120.349089,22.890573],[120.351978,22.887502],[120.351731,22.889097],[120.355167,22.890429],[120.353279,22.891147],[120.353287,22.892381],[120.355434,22.891948],[120.354497,22.892685],[120.3554,22.893935],[120.356895,22.892921],[120.357975,22.895856],[120.361083,22.897805],[120.361614,22.90051],[120.359672,22.899784],[120.359468,22.90142],[120.365986,22.902233],[120.366292,22.905067],[120.368148,22.903902],[120.370718,22.907097],[120.372488,22.906636],[120.373138,22.909326],[120.371162,22.912272],[120.376513,22.914348],[120.377289,22.917981],[120.380169,22.918455],[120.381662,22.921164],[120.386802,22.91826],[120.392169,22.922291],[120.398633,22.92243],[120.401106,22.91852],[120.405445,22.918048],[120.406317,22.914648],[120.408681,22.912338],[120.410603,22.914316],[120.416168,22.916095],[120.422761,22.930956],[120.424886,22.933168],[120.425908,22.939042],[120.428521,22.940616],[120.432994,22.956085],[120.437248,22.96218],[120.442644,22.977324],[120.444685,22.97954],[120.44963,22.977242],[120.451718,22.978627],[120.452954,22.97771],[120.454693,22.980757],[120.45319,22.984806],[120.454714,22.990622],[120.459633,22.989903],[120.46111,22.99077],[120.459101,22.995739],[120.461478,22.998119],[120.4595,23.00103],[120.460499,23.003592],[120.479891,23.002707],[120.480998,23.011571],[120.484073,23.017063],[120.503717,23.028645],[120.519666,23.044975],[120.522308,23.045672],[120.523654,23.047442],[120.523031,23.049567],[120.530073,23.055819],[120.535303,23.057491],[120.539736,23.061932],[120.554497,23.06883],[120.559053,23.07344],[120.558897,23.075649],[120.566892,23.081827],[120.574402,23.09073],[120.574126,23.094858],[120.58808,23.114097],[120.588448,23.123359],[120.594652,23.131593],[120.596283,23.136862],[120.598475,23.138577],[120.601108,23.144166],[120.605607,23.146474],[120.60557,23.148526],[120.607854,23.14844],[120.611846,23.151702],[120.61111,23.155899],[120.613432,23.159246],[120.61504,23.159534],[120.616538,23.163096],[120.621237,23.162958],[120.625225,23.167761],[120.630658,23.170064],[120.6292,23.174253],[120.63606,23.175006],[120.637298,23.180396],[120.6411,23.182959],[120.63656,23.190248],[120.638995,23.192735],[120.643454,23.203541],[120.648359,23.208577],[120.651461,23.20851],[120.653838,23.215306],[120.65625,23.217638],[120.655515,23.222792],[120.653445,23.224538]]]},"properties":{"code":"67000","name":"臺南市","countyCode":"67000","countyName":"臺南市","level":"county","unassigned":false,"note":"","label":[120.33074113562938,23.13966033567734],"bounds":[120.026912,22.887502,120.65625,23.413731],"focusBounds":[120.026912,22.887502,120.65625,23.413731],"color":"#58b99d","childCount":37}},{"type":"Feature","id":"68000","geometry":{"type":"Polygon","coordinates":[[[121.283387,25.117809],[121.269018,25.119917],[121.25978,25.123613],[121.253092,25.120785],[121.249816,25.121421],[121.24835,25.119503],[121.243738,25.118564],[121.239767,25.123177],[121.239617,25.115653],[121.2294,25.115193],[121.212845,25.11058],[121.209992,25.108139],[121.197751,25.104076],[121.197251,25.102334],[121.193026,25.101782],[121.184309,25.095849],[121.174736,25.093683],[121.160588,25.085649],[121.144077,25.080623],[121.125014,25.076803],[121.109263,25.071209],[121.100232,25.067625],[121.093948,25.062844],[121.090016,25.062992],[121.08665,25.056442],[121.0721,25.049871],[121.056062,25.046169],[121.048752,25.040763],[121.028631,25.020582],[121.019271,25.006863],[121.016219,24.995356],[121.014341,24.992605],[121.009372,24.990273],[121.012251,24.988759],[121.010443,24.987292],[121.01112,24.980211],[121.009899,24.975047],[121.003499,24.96761],[120.998427,24.958573],[120.986465,24.948274],[120.982033,24.939974],[120.987385,24.939046],[120.99218,24.935007],[120.9942,24.939137],[120.999065,24.94092],[121.002929,24.940013],[121.0071,24.946219],[121.019369,24.940416],[121.021539,24.941404],[121.025798,24.940482],[121.028846,24.945151],[121.030765,24.943898],[121.037941,24.94638],[121.040552,24.943271],[121.046292,24.943548],[121.048623,24.939427],[121.055448,24.93624],[121.058337,24.936841],[121.057571,24.930451],[121.060961,24.923557],[121.058239,24.913902],[121.059179,24.908051],[121.057588,24.905968],[121.058293,24.905213],[121.060705,24.90366],[121.062453,24.904597],[121.069095,24.902776],[121.071107,24.899478],[121.083449,24.898852],[121.09128,24.89336],[121.109079,24.897736],[121.111024,24.89122],[121.107774,24.886067],[121.116334,24.881678],[121.123902,24.879933],[121.12815,24.880952],[121.135589,24.877988],[121.136761,24.880926],[121.139093,24.882437],[121.144662,24.880204],[121.148547,24.881248],[121.15567,24.880709],[121.157885,24.877271],[121.158064,24.874604],[121.156211,24.874435],[121.159447,24.868731],[121.161384,24.859469],[121.15925,24.859022],[121.160232,24.857798],[121.156508,24.855908],[121.157059,24.852434],[121.152836,24.846164],[121.15004,24.844288],[121.154416,24.844059],[121.154743,24.8423],[121.16011,24.837363],[121.166445,24.836208],[121.168797,24.833984],[121.169922,24.834806],[121.176186,24.832133],[121.173663,24.827708],[121.18591,24.823822],[121.196518,24.817812],[121.198776,24.81496],[121.200802,24.817814],[121.203314,24.817314],[121.202246,24.81643],[121.203149,24.81457],[121.205864,24.81265],[121.202905,24.810306],[121.204669,24.807248],[121.208051,24.807156],[121.20954,24.809482],[121.214896,24.811971],[121.219588,24.811789],[121.218724,24.808646],[121.221606,24.799378],[121.228489,24.802912],[121.238244,24.804653],[121.243442,24.80869],[121.247442,24.803492],[121.246623,24.800072],[121.247727,24.796719],[121.253176,24.793654],[121.260314,24.793218],[121.261174,24.789956],[121.258483,24.785873],[121.260013,24.781959],[121.264859,24.781377],[121.266026,24.779793],[121.2706,24.778351],[121.2713,24.774818],[121.273552,24.774592],[121.277167,24.771004],[121.285559,24.77008],[121.292458,24.767725],[121.29419,24.763866],[121.301544,24.763008],[121.304142,24.757445],[121.307716,24.754982],[121.305107,24.750201],[121.305286,24.746281],[121.30113,24.741993],[121.298231,24.732236],[121.29867,24.73071],[121.305396,24.725993],[121.307617,24.719904],[121.299841,24.694959],[121.303904,24.692917],[121.312848,24.697524],[121.317185,24.698137],[121.320274,24.695793],[121.324169,24.694972],[121.329766,24.690966],[121.338577,24.679958],[121.339204,24.66656],[121.343668,24.669395],[121.345481,24.666436],[121.348992,24.667912],[121.351682,24.666099],[121.353519,24.667798],[121.352396,24.643541],[121.355928,24.641054],[121.357815,24.633712],[121.366418,24.631791],[121.363062,24.620671],[121.361693,24.620581],[121.358806,24.616679],[121.361301,24.609877],[121.364018,24.60725],[121.363331,24.603128],[121.366798,24.599185],[121.371824,24.597004],[121.372783,24.593747],[121.387208,24.586562],[121.393716,24.587104],[121.403046,24.591707],[121.408471,24.598981],[121.41229,24.600937],[121.412782,24.60365],[121.418287,24.601034],[121.424405,24.603006],[121.427689,24.605849],[121.430617,24.614509],[121.43259,24.615636],[121.435661,24.621326],[121.434838,24.624455],[121.436086,24.627402],[121.440548,24.635096],[121.445021,24.637295],[121.445077,24.643177],[121.448763,24.646014],[121.451339,24.650918],[121.447932,24.655106],[121.44797,24.658854],[121.449593,24.662222],[121.453906,24.664404],[121.457616,24.671224],[121.459771,24.673264],[121.469207,24.671831],[121.479996,24.673849],[121.47596,24.67927],[121.473945,24.685333],[121.47304,24.689802],[121.474793,24.693478],[121.474236,24.696102],[121.469496,24.696151],[121.46255,24.701637],[121.450225,24.705675],[121.448792,24.712189],[121.444897,24.715152],[121.440962,24.726083],[121.43832,24.726591],[121.434206,24.73013],[121.435352,24.733311],[121.428685,24.748065],[121.428487,24.753454],[121.425567,24.758399],[121.425839,24.760588],[121.423304,24.762017],[121.426233,24.767826],[121.431432,24.771938],[121.436921,24.77372],[121.440575,24.77914],[121.445965,24.781722],[121.449605,24.786189],[121.448843,24.788244],[121.450385,24.790917],[121.445708,24.790133],[121.437601,24.79638],[121.436566,24.812053],[121.42957,24.815276],[121.425289,24.820109],[121.423645,24.825432],[121.416917,24.825572],[121.41385,24.831959],[121.415605,24.835598],[121.402845,24.84355],[121.399903,24.841561],[121.397989,24.841778],[121.397043,24.843796],[121.388079,24.84241],[121.385041,24.840808],[121.383347,24.836985],[121.373618,24.833281],[121.370122,24.836224],[121.360059,24.838177],[121.354823,24.843972],[121.346745,24.845887],[121.340009,24.843388],[121.336141,24.8438],[121.337272,24.84841],[121.342949,24.848771],[121.347639,24.849934],[121.347863,24.850945],[121.348723,24.848353],[121.350379,24.848768],[121.349858,24.849648],[121.352735,24.849119],[121.351864,24.850605],[121.353345,24.85059],[121.354794,24.853352],[121.358074,24.853284],[121.353432,24.858652],[121.348354,24.86073],[121.345048,24.866939],[121.353118,24.871102],[121.354449,24.873466],[121.353465,24.876517],[121.34567,24.879985],[121.344732,24.885764],[121.34114,24.887993],[121.342126,24.892591],[121.338551,24.893363],[121.333655,24.891536],[121.332076,24.893513],[121.333246,24.899434],[121.33179,24.899812],[121.327166,24.895901],[121.320322,24.900196],[121.321898,24.903599],[121.326215,24.907193],[121.326206,24.909181],[121.323587,24.909909],[121.322453,24.912588],[121.317585,24.916359],[121.324755,24.923433],[121.327959,24.924741],[121.33518,24.92492],[121.339803,24.9285],[121.333249,24.929828],[121.322058,24.92804],[121.32322,24.931279],[121.31815,24.934794],[121.315781,24.938473],[121.324144,24.943292],[121.331629,24.945642],[121.327995,24.949188],[121.329154,24.960576],[121.32805,24.965452],[121.329806,24.966893],[121.328852,24.967884],[121.326934,24.966589],[121.328594,24.96847],[121.328536,24.971934],[121.328051,24.972873],[121.324041,24.971109],[121.323679,24.972819],[121.328609,24.976265],[121.327494,24.978492],[121.333829,24.978689],[121.336796,24.98068],[121.341029,24.980242],[121.342682,24.982317],[121.347147,24.978843],[121.352349,24.980849],[121.354096,24.977799],[121.361224,24.977808],[121.363906,24.979587],[121.369363,24.976899],[121.372404,24.979939],[121.38546,24.986044],[121.383411,24.988607],[121.384185,24.995715],[121.388036,24.996396],[121.390496,24.993316],[121.394024,24.993424],[121.396843,24.997302],[121.403037,24.999049],[121.399518,25.00697],[121.39116,25.012096],[121.392654,25.01558],[121.39466,25.014644],[121.397251,25.016218],[121.40163,25.015772],[121.412126,25.018845],[121.410614,25.021049],[121.408683,25.020862],[121.401334,25.02638],[121.401079,25.028785],[121.39827,25.030096],[121.398574,25.034754],[121.401207,25.034452],[121.399593,25.035876],[121.401203,25.036367],[121.401074,25.037728],[121.394378,25.040088],[121.393553,25.041997],[121.390682,25.041853],[121.393872,25.04378],[121.400689,25.043237],[121.398298,25.044106],[121.403067,25.045661],[121.399941,25.044917],[121.397701,25.046288],[121.399429,25.047815],[121.396033,25.048561],[121.394414,25.047501],[121.393923,25.049193],[121.394419,25.050427],[121.39853,25.048473],[121.397589,25.050531],[121.398619,25.050969],[121.399755,25.049363],[121.400704,25.051386],[121.39104,25.053583],[121.392622,25.055067],[121.38987,25.052839],[121.38444,25.052562],[121.387451,25.054982],[121.385598,25.058111],[121.388589,25.056849],[121.389737,25.059056],[121.387684,25.059718],[121.390925,25.060808],[121.388174,25.061555],[121.388309,25.063063],[121.382908,25.062933],[121.382161,25.064299],[121.376682,25.066092],[121.354888,25.065148],[121.353774,25.068583],[121.352137,25.067924],[121.34645,25.0703],[121.34894,25.072414],[121.349853,25.071302],[121.351722,25.073565],[121.353461,25.073292],[121.351761,25.074459],[121.349897,25.073538],[121.349922,25.076629],[121.348035,25.073819],[121.341854,25.072671],[121.342603,25.073497],[121.340529,25.07408],[121.34046,25.076357],[121.344606,25.07503],[121.346232,25.075641],[121.344475,25.076059],[121.344221,25.077843],[121.346355,25.076784],[121.345246,25.078544],[121.347982,25.078798],[121.342471,25.080093],[121.349428,25.080748],[121.349496,25.082248],[121.343598,25.084216],[121.338298,25.083742],[121.325023,25.092549],[121.318239,25.093008],[121.310517,25.096545],[121.302786,25.09679],[121.301223,25.101674],[121.298306,25.104492],[121.29162,25.102639],[121.290246,25.106859],[121.287145,25.106816],[121.282752,25.109633],[121.283906,25.112444],[121.283387,25.117809]]]},"properties":{"code":"68000","name":"桃園市","countyCode":"68000","countyName":"桃園市","level":"county","unassigned":false,"note":"","label":[121.21236511270207,24.981748183654588],"bounds":[120.982033,24.586562,121.479996,25.123613],"focusBounds":[120.982033,24.586562,121.479996,25.123613],"color":"#efb44f","childCount":13}}]}
