{"type":"FeatureCollection","features":[{"type":"Feature","id":"10008130001","geometry":{"type":"Polygon","coordinates":[[[121.05386,23.926387],[121.051659,23.925938],[121.049452,23.926084],[121.048743,23.926736],[121.047325,23.926845],[121.043148,23.928332],[121.03834,23.929746],[121.036173,23.929963],[121.034754,23.929456],[121.03432,23.928878],[121.033651,23.928986],[121.032626,23.929747],[121.031798,23.92982],[121.031365,23.929492],[121.030971,23.929565],[121.030813,23.930362],[121.030459,23.930436],[121.030025,23.93029],[121.028724,23.92924],[121.028409,23.928407],[121.028212,23.926378],[121.027987,23.926112],[121.027712,23.925929],[121.027018,23.926098],[121.026613,23.925751],[121.026084,23.925577],[121.025833,23.925611],[121.025159,23.926349],[121.024052,23.926331],[121.02366,23.926038],[121.023674,23.925595],[121.024008,23.925083],[121.024594,23.924717],[121.024603,23.924516],[121.024202,23.924543],[121.023775,23.924157],[121.02387,23.923597],[121.023084,23.923015],[121.02268,23.921936],[121.021001,23.920997],[121.020162,23.920828],[121.020185,23.92058],[121.020736,23.920264],[121.020898,23.919501],[121.021898,23.91934],[121.022036,23.918494],[121.021811,23.917324],[121.02205,23.917026],[121.022622,23.916846],[121.022287,23.916214],[121.022459,23.915597],[121.02211,23.914593],[121.021142,23.913719],[121.021466,23.91283],[121.020932,23.912324],[121.020993,23.91136],[121.020769,23.911455],[121.020414,23.912523],[121.019481,23.912625],[121.019399,23.913365],[121.01808,23.914659],[121.017135,23.914724],[121.015908,23.914458],[121.015423,23.914515],[121.015002,23.914892],[121.014794,23.915662],[121.014306,23.915788],[121.01321,23.91517],[121.0124,23.915233],[121.011963,23.915102],[121.011611,23.914714],[121.011598,23.914499],[121.01222,23.91358],[121.012866,23.912982],[121.013574,23.912594],[121.013597,23.911783],[121.014237,23.911298],[121.014223,23.910474],[121.014492,23.91028],[121.014648,23.909702],[121.014024,23.908928],[121.014688,23.908548],[121.015299,23.908481],[121.015484,23.908277],[121.015464,23.907566],[121.015761,23.906964],[121.01567,23.906255],[121.016645,23.905074],[121.017183,23.903837],[121.017194,23.902496],[121.016903,23.902313],[121.016844,23.901984],[121.016449,23.901848],[121.017011,23.901453],[121.01705,23.901155],[121.017519,23.900699],[121.017277,23.900417],[121.01733,23.8999],[121.017816,23.899044],[121.017559,23.898611],[121.017754,23.897735],[121.017587,23.897466],[121.018002,23.89513],[121.017894,23.894771],[121.018476,23.892787],[121.023554,23.886021],[121.024693,23.885054],[121.036507,23.880295],[121.037381,23.879139],[121.038632,23.878455],[121.040379,23.877868],[121.042343,23.877592],[121.042443,23.877416],[121.042061,23.876542],[121.042215,23.876154],[121.044774,23.874325],[121.045924,23.872767],[121.046019,23.872322],[121.045789,23.872024],[121.043605,23.871587],[121.040168,23.872543],[121.03954,23.872543],[121.037895,23.871505],[121.03653,23.869717],[121.036548,23.869081],[121.036966,23.868162],[121.037394,23.867618],[121.037903,23.867617],[121.038467,23.868678],[121.038749,23.868629],[121.039088,23.867786],[121.040917,23.864736],[121.041338,23.862799],[121.041211,23.862461],[121.040856,23.862169],[121.038065,23.861746],[121.037601,23.861186],[121.037747,23.860459],[121.039947,23.859296],[121.040448,23.858799],[121.040965,23.857749],[121.041028,23.857013],[121.040419,23.856485],[121.038573,23.856143],[121.037381,23.854757],[121.036584,23.854265],[121.035554,23.853879],[121.035217,23.853477],[121.035418,23.853267],[121.036927,23.853242],[121.038349,23.852064],[121.039137,23.850901],[121.039431,23.849998],[121.039461,23.849381],[121.039192,23.848133],[121.038581,23.84656],[121.037497,23.8451],[121.033727,23.841775],[121.03266,23.8412],[121.032269,23.83983],[121.032287,23.839342],[121.03305,23.837613],[121.035176,23.836091],[121.03588,23.835109],[121.036737,23.833171],[121.036705,23.832736],[121.036395,23.832205],[121.035499,23.831853],[121.034791,23.831756],[121.034229,23.831359],[121.033684,23.830328],[121.033105,23.828531],[121.032838,23.827061],[121.032551,23.82659],[121.031587,23.826258],[121.030422,23.8271],[121.028293,23.827466],[121.027684,23.827053],[121.027023,23.825941],[121.027734,23.824891],[121.027721,23.823645],[121.028018,23.823362],[121.028577,23.823304],[121.029107,23.823642],[121.029408,23.823513],[121.030039,23.82243],[121.030225,23.821617],[121.030645,23.820992],[121.031394,23.820511],[121.033357,23.820269],[121.034768,23.819794],[121.035666,23.818455],[121.036338,23.818044],[121.03706,23.817297],[121.037494,23.81634],[121.037427,23.816132],[121.037874,23.815562],[121.038036,23.814743],[121.038576,23.814241],[121.039538,23.813908],[121.041892,23.81382],[121.043724,23.812796],[121.045657,23.81248],[121.047046,23.811819],[121.055307,23.811649],[121.05856,23.810022],[121.059736,23.809862],[121.063304,23.809893],[121.067135,23.809122],[121.0678,23.809204],[121.068366,23.809513],[121.070003,23.811353],[121.070985,23.811553],[121.07367,23.811462],[121.075198,23.812254],[121.07946,23.813775],[121.080571,23.81381],[121.083775,23.81429],[121.085965,23.814269],[121.087622,23.815115],[121.088852,23.815478],[121.093989,23.814652],[121.095279,23.814769],[121.095755,23.815051],[121.097732,23.816958],[121.100996,23.818365],[121.102353,23.818666],[121.105131,23.819746],[121.108452,23.820218],[121.110338,23.821204],[121.112415,23.821947],[121.112493,23.824126],[121.112375,23.825459],[121.111623,23.828502],[121.111477,23.82973],[121.110927,23.831251],[121.11116,23.831892],[121.112324,23.833595],[121.112566,23.833737],[121.114838,23.834072],[121.11568,23.834035],[121.117765,23.835815],[121.117949,23.836135],[121.118549,23.836578],[121.119777,23.837146],[121.121324,23.837384],[121.123051,23.837426],[121.125354,23.837977],[121.127346,23.838943],[121.129652,23.83903],[121.131073,23.839366],[121.132368,23.839284],[121.133055,23.839878],[121.135255,23.840954],[121.136609,23.841832],[121.137324,23.842426],[121.138788,23.844191],[121.139455,23.844821],[121.140693,23.845574],[121.14106,23.846134],[121.142293,23.846572],[121.143743,23.84736],[121.146227,23.847835],[121.147128,23.848428],[121.147863,23.848711],[121.149644,23.850326],[121.150402,23.851385],[121.150692,23.852868],[121.150739,23.855019],[121.151651,23.856476],[121.151469,23.857651],[121.152477,23.859294],[121.153516,23.86039],[121.154384,23.861712],[121.154138,23.864103],[121.15309,23.865535],[121.150403,23.867163],[121.142112,23.874449],[121.140039,23.875652],[121.134124,23.878059],[121.132971,23.878344],[121.131819,23.878273],[121.128667,23.877499],[121.127207,23.877358],[121.125824,23.877926],[121.124364,23.877927],[121.11983,23.877506],[121.117831,23.876871],[121.115217,23.875318],[121.112807,23.872141],[121.112972,23.871522],[121.112559,23.871263],[121.112385,23.870864],[121.112102,23.870803],[121.111798,23.870465],[121.110624,23.869806],[121.109733,23.869726],[121.107776,23.86821],[121.106906,23.867651],[121.106124,23.86745],[121.105124,23.866652],[121.10458,23.866673],[121.103756,23.86796],[121.102388,23.869128],[121.101892,23.869103],[121.101023,23.868761],[121.099938,23.868687],[121.09947,23.868441],[121.099173,23.867827],[121.098524,23.867356],[121.096247,23.866836],[121.095843,23.866875],[121.095015,23.8673],[121.092803,23.86729],[121.09227,23.86741],[121.089192,23.86933],[121.088706,23.869956],[121.088858,23.870287],[121.08977,23.870684],[121.090637,23.870663],[121.091676,23.871324],[121.091839,23.871672],[121.091344,23.873227],[121.090632,23.873481],[121.090075,23.874113],[121.088912,23.874518],[121.088133,23.875112],[121.086414,23.877337],[121.086377,23.877799],[121.086919,23.878366],[121.08798,23.878686],[121.088403,23.879074],[121.088137,23.880207],[121.088295,23.881695],[121.087723,23.88316],[121.086648,23.882847],[121.08463,23.883455],[121.083354,23.88295],[121.081671,23.883962],[121.078171,23.885217],[121.076761,23.885062],[121.075344,23.884074],[121.0745,23.883731],[121.072717,23.884524],[121.071911,23.886286],[121.067688,23.891599],[121.063185,23.900796],[121.060933,23.904424],[121.05671,23.912455],[121.056148,23.914268],[121.056007,23.916081],[121.056431,23.918413],[121.055869,23.922688],[121.054743,23.925278],[121.05386,23.926387]]]},"properties":{"code":"10008130001","name":"法治村","countyCode":"10008","countyName":"南投縣","townCode":"10008130","townName":"仁愛鄉","level":"village","unassigned":false,"note":"","label":[121.06918850045504,23.84668767916373],"bounds":[121.011598,23.809122,121.154384,23.930436],"focusBounds":[121.011598,23.809122,121.154384,23.930436],"color":"#df9f6a"}},{"type":"Feature","id":"10008130002","geometry":{"type":"Polygon","coordinates":[[[121.05386,23.926387],[121.047841,23.928777],[121.043755,23.93137],[121.042347,23.932664],[121.039107,23.9372],[121.036149,23.940826],[121.03474,23.941991],[121.032204,23.943028],[121.030513,23.943288],[121.028258,23.944712],[121.024595,23.945749],[121.020367,23.946138],[121.01783,23.94601],[121.014871,23.946398],[121.013952,23.946137],[121.014443,23.945325],[121.014379,23.944887],[121.012843,23.941733],[121.011971,23.940719],[121.010628,23.939778],[121.010039,23.939543],[121.009164,23.939573],[121.008094,23.939913],[121.007076,23.940031],[121.006331,23.939729],[121.005159,23.93954],[121.003052,23.937458],[121.001683,23.935838],[121.000645,23.933977],[121.000133,23.933357],[120.998212,23.932132],[120.997543,23.931283],[120.996785,23.930667],[120.996691,23.93045],[120.997937,23.929916],[120.998268,23.929236],[120.999575,23.929204],[120.999849,23.929067],[121.001188,23.927072],[121.002396,23.926929],[121.003873,23.92592],[121.004147,23.925885],[121.004479,23.925949],[121.005262,23.927003],[121.005801,23.926926],[121.006341,23.92665],[121.006816,23.926646],[121.008094,23.927241],[121.009644,23.928886],[121.010386,23.930108],[121.010835,23.930405],[121.012551,23.930725],[121.01315,23.9311],[121.014327,23.932266],[121.01465,23.933136],[121.01558,23.933129],[121.016411,23.93271],[121.016816,23.930955],[121.016713,23.930395],[121.016202,23.929416],[121.015745,23.92925],[121.015101,23.92924],[121.01415,23.928465],[121.012591,23.928375],[121.011972,23.928201],[121.011573,23.927804],[121.011078,23.926733],[121.008776,23.92459],[121.008606,23.924234],[121.008647,23.923763],[121.008384,23.922923],[121.008533,23.922237],[121.009149,23.92177],[121.010484,23.921286],[121.010615,23.920988],[121.010383,23.920709],[121.010163,23.920679],[121.008119,23.920868],[121.008201,23.910593],[121.008395,23.909746],[121.009647,23.908447],[121.009989,23.90764],[121.008117,23.908156],[121.007574,23.909423],[121.007694,23.910184],[121.006742,23.911934],[121.005978,23.912283],[121.005383,23.912793],[121.004654,23.913666],[121.003934,23.914955],[121.003357,23.91634],[121.003447,23.918168],[121.003017,23.920818],[121.00215,23.922475],[121.00236,23.923387],[121.002265,23.923654],[121.001947,23.92388],[121.001251,23.924122],[121.000428,23.924197],[120.999372,23.923858],[120.998294,23.924012],[120.998035,23.924234],[120.998071,23.925009],[120.997631,23.925397],[120.995563,23.924812],[120.993415,23.92478],[120.992775,23.924342],[120.991925,23.924551],[120.991293,23.924225],[120.990931,23.923132],[120.99001,23.923127],[120.989611,23.92288],[120.989737,23.922138],[120.989401,23.921288],[120.988955,23.9211],[120.988305,23.920393],[120.988014,23.920515],[120.987828,23.920992],[120.987559,23.92124],[120.986816,23.921521],[120.986466,23.921447],[120.986102,23.921129],[120.985601,23.91998],[120.985189,23.920028],[120.983836,23.921177],[120.983203,23.920981],[120.982414,23.919958],[120.981893,23.919053],[120.981931,23.91887],[120.985045,23.916605],[120.985824,23.915753],[120.986281,23.914516],[120.987207,23.914394],[120.988615,23.91275],[120.988884,23.912049],[120.988992,23.910979],[120.988601,23.910227],[120.987332,23.911548],[120.986302,23.911844],[120.985483,23.912423],[120.98481,23.912177],[120.984293,23.911768],[120.982806,23.911293],[120.981391,23.910347],[120.982374,23.909872],[120.98293,23.90976],[120.982202,23.908621],[120.984408,23.908005],[120.984935,23.907696],[120.986047,23.907576],[120.987017,23.906572],[120.987066,23.906018],[120.986555,23.904947],[120.98707,23.903578],[120.987251,23.902311],[120.987937,23.901103],[120.988486,23.900638],[120.989002,23.899663],[120.989758,23.898746],[120.989788,23.898244],[120.990096,23.897687],[120.991089,23.896604],[120.991144,23.895526],[120.990866,23.894725],[120.989773,23.893525],[120.989572,23.892247],[120.988331,23.890312],[120.988527,23.887872],[120.989473,23.887453],[120.98997,23.886811],[120.990492,23.885644],[120.990376,23.885109],[120.989903,23.885001],[120.988553,23.885527],[120.986753,23.885431],[120.983097,23.884288],[120.980402,23.883696],[120.980193,23.883531],[120.980247,23.883374],[120.980643,23.882997],[120.980721,23.882868],[120.98086,23.88254],[120.981009,23.881144],[120.981871,23.879176],[120.982626,23.874871],[120.985267,23.873021],[120.986252,23.872608],[120.987256,23.871599],[120.988227,23.869987],[120.988998,23.867748],[120.991119,23.864717],[120.99283,23.861293],[120.993957,23.860189],[120.994944,23.858615],[120.994417,23.857015],[120.993237,23.855332],[120.992734,23.853049],[120.992727,23.8516],[120.993158,23.847394],[120.992914,23.845653],[120.993093,23.84415],[120.99261,23.842651],[120.992676,23.841393],[120.992515,23.839386],[120.993475,23.839117],[120.994408,23.838497],[120.995766,23.837945],[120.996525,23.837336],[120.997498,23.836124],[120.99845,23.834376],[120.999283,23.833857],[121.000203,23.832725],[121.001961,23.829303],[121.00437,23.825674],[121.005235,23.825366],[121.006569,23.825284],[121.009328,23.824775],[121.010172,23.824415],[121.011085,23.824607],[121.01169,23.822957],[121.012431,23.822099],[121.012836,23.820884],[121.013242,23.82062],[121.015301,23.82039],[121.018997,23.820523],[121.021408,23.819881],[121.022714,23.819167],[121.023324,23.818988],[121.025757,23.818843],[121.026377,23.818324],[121.027263,23.81816],[121.027674,23.817847],[121.029766,23.818],[121.032062,23.817487],[121.034492,23.81631],[121.034979,23.81628],[121.036028,23.816513],[121.037427,23.816132],[121.037494,23.81634],[121.03706,23.817297],[121.036338,23.818044],[121.035666,23.818455],[121.034768,23.819794],[121.033357,23.820269],[121.031394,23.820511],[121.030645,23.820992],[121.030225,23.821617],[121.030039,23.82243],[121.029408,23.823513],[121.029107,23.823642],[121.028577,23.823304],[121.028018,23.823362],[121.027721,23.823645],[121.027734,23.824891],[121.027023,23.825941],[121.027684,23.827053],[121.028293,23.827466],[121.030422,23.8271],[121.031587,23.826258],[121.032551,23.82659],[121.032838,23.827061],[121.033105,23.828531],[121.033684,23.830328],[121.034229,23.831359],[121.034791,23.831756],[121.035499,23.831853],[121.036395,23.832205],[121.036705,23.832736],[121.036737,23.833171],[121.03588,23.835109],[121.035176,23.836091],[121.03305,23.837613],[121.032287,23.839342],[121.032269,23.83983],[121.03266,23.8412],[121.033727,23.841775],[121.037497,23.8451],[121.038581,23.84656],[121.039192,23.848133],[121.039461,23.849381],[121.039431,23.849998],[121.039137,23.850901],[121.038349,23.852064],[121.036927,23.853242],[121.035418,23.853267],[121.035217,23.853477],[121.035554,23.853879],[121.036584,23.854265],[121.037381,23.854757],[121.038573,23.856143],[121.040419,23.856485],[121.041028,23.857013],[121.040965,23.857749],[121.040448,23.858799],[121.039947,23.859296],[121.037747,23.860459],[121.037601,23.861186],[121.038065,23.861746],[121.040856,23.862169],[121.041211,23.862461],[121.041338,23.862799],[121.040917,23.864736],[121.039088,23.867786],[121.038749,23.868629],[121.038467,23.868678],[121.037903,23.867617],[121.037394,23.867618],[121.036966,23.868162],[121.036548,23.869081],[121.03653,23.869717],[121.037895,23.871505],[121.03954,23.872543],[121.040168,23.872543],[121.043605,23.871587],[121.045789,23.872024],[121.046019,23.872322],[121.045924,23.872767],[121.044774,23.874325],[121.042215,23.876154],[121.042061,23.876542],[121.042443,23.877416],[121.042343,23.877592],[121.040379,23.877868],[121.038632,23.878455],[121.037381,23.879139],[121.036507,23.880295],[121.024693,23.885054],[121.023554,23.886021],[121.018476,23.892787],[121.017894,23.894771],[121.018002,23.89513],[121.017587,23.897466],[121.017754,23.897735],[121.017559,23.898611],[121.017816,23.899044],[121.01733,23.8999],[121.017277,23.900417],[121.017519,23.900699],[121.01705,23.901155],[121.017011,23.901453],[121.016449,23.901848],[121.016844,23.901984],[121.016903,23.902313],[121.017194,23.902496],[121.017183,23.903837],[121.016645,23.905074],[121.01567,23.906255],[121.015761,23.906964],[121.015464,23.907566],[121.015484,23.908277],[121.015299,23.908481],[121.014688,23.908548],[121.014024,23.908928],[121.014648,23.909702],[121.014492,23.91028],[121.014223,23.910474],[121.014237,23.911298],[121.013597,23.911783],[121.013574,23.912594],[121.012866,23.912982],[121.01222,23.91358],[121.011598,23.914499],[121.011611,23.914714],[121.011963,23.915102],[121.0124,23.915233],[121.01321,23.91517],[121.014306,23.915788],[121.014794,23.915662],[121.015002,23.914892],[121.015423,23.914515],[121.015908,23.914458],[121.017135,23.914724],[121.01808,23.914659],[121.019399,23.913365],[121.019481,23.912625],[121.020414,23.912523],[121.020769,23.911455],[121.020993,23.91136],[121.020932,23.912324],[121.021466,23.91283],[121.021142,23.913719],[121.02211,23.914593],[121.022459,23.915597],[121.022287,23.916214],[121.022622,23.916846],[121.02205,23.917026],[121.021811,23.917324],[121.022036,23.918494],[121.021898,23.91934],[121.020898,23.919501],[121.020736,23.920264],[121.020185,23.92058],[121.020162,23.920828],[121.021001,23.920997],[121.02268,23.921936],[121.023084,23.923015],[121.02387,23.923597],[121.023775,23.924157],[121.024202,23.924543],[121.024603,23.924516],[121.024594,23.924717],[121.024008,23.925083],[121.023674,23.925595],[121.02366,23.926038],[121.024052,23.926331],[121.025159,23.926349],[121.025833,23.925611],[121.026084,23.925577],[121.026613,23.925751],[121.027018,23.926098],[121.027712,23.925929],[121.027987,23.926112],[121.028212,23.926378],[121.028409,23.928407],[121.028724,23.92924],[121.030025,23.93029],[121.030459,23.930436],[121.030813,23.930362],[121.030971,23.929565],[121.031365,23.929492],[121.031798,23.92982],[121.032626,23.929747],[121.033651,23.928986],[121.03432,23.928878],[121.034754,23.929456],[121.036173,23.929963],[121.03834,23.929746],[121.043148,23.928332],[121.047325,23.926845],[121.048743,23.926736],[121.049452,23.926084],[121.051659,23.925938],[121.05386,23.926387]]]},"properties":{"code":"10008130002","name":"中正村","countyCode":"10008","countyName":"南投縣","townCode":"10008130","townName":"仁愛鄉","level":"village","unassigned":false,"note":"","label":[121.01510454012889,23.866153438465936],"bounds":[120.980193,23.816132,121.05386,23.946398],"focusBounds":[120.980193,23.816132,121.05386,23.946398],"color":"#c38cb8"}},{"type":"Feature","id":"10008130003","geometry":{"type":"Polygon","coordinates":[[[120.987405,24.119565],[120.985817,24.120182],[120.985223,24.120185],[120.98371,24.119161],[120.981232,24.118829],[120.979277,24.118327],[120.977952,24.117537],[120.976766,24.117044],[120.976142,24.116873],[120.975535,24.116886],[120.975167,24.117046],[120.97483,24.11835],[120.974146,24.11922],[120.973583,24.119595],[120.972314,24.119598],[120.971163,24.120242],[120.969842,24.120343],[120.968373,24.120184],[120.967046,24.120297],[120.9653,24.120168],[120.963991,24.119879],[120.962141,24.120298],[120.96121,24.120152],[120.960074,24.120885],[120.958002,24.123333],[120.957047,24.124182],[120.956562,24.123239],[120.956333,24.120989],[120.955808,24.119573],[120.955528,24.115997],[120.953187,24.113635],[120.951875,24.110943],[120.950864,24.109537],[120.949875,24.10731],[120.949834,24.105559],[120.94886,24.105183],[120.946113,24.103064],[120.94444,24.098938],[120.944293,24.098236],[120.944418,24.097813],[120.944174,24.097255],[120.944208,24.096573],[120.942967,24.094616],[120.94353,24.094058],[120.944194,24.093805],[120.944479,24.093192],[120.944402,24.092938],[120.943598,24.092691],[120.943601,24.091749],[120.943981,24.091217],[120.943946,24.090631],[120.944306,24.090662],[120.944495,24.091126],[120.945268,24.091214],[120.94547,24.091077],[120.945989,24.089399],[120.946011,24.088353],[120.946478,24.08762],[120.946863,24.086602],[120.945473,24.082723],[120.945253,24.081648],[120.94499,24.081291],[120.944511,24.081061],[120.943503,24.081298],[120.943096,24.080544],[120.94216,24.07952],[120.941784,24.078834],[120.940273,24.077204],[120.940209,24.076946],[120.9395,24.076545],[120.938994,24.076002],[120.938604,24.074742],[120.93833,24.074548],[120.937734,24.074497],[120.937526,24.074242],[120.937505,24.073607],[120.938143,24.072605],[120.938772,24.071048],[120.938774,24.070732],[120.938527,24.070281],[120.939216,24.069217],[120.939226,24.068582],[120.940181,24.067443],[120.94035,24.066983],[120.941477,24.066392],[120.942919,24.066932],[120.94408,24.067073],[120.945885,24.066634],[120.947765,24.065671],[120.949271,24.064011],[120.949085,24.063275],[120.950345,24.062832],[120.950365,24.062714],[120.950166,24.06265],[120.946924,24.062536],[120.945137,24.062869],[120.9444,24.062513],[120.943957,24.062021],[120.944398,24.06011],[120.944175,24.05918],[120.944348,24.058288],[120.944176,24.057882],[120.943612,24.057559],[120.943424,24.056963],[120.943493,24.056057],[120.943968,24.054503],[120.943983,24.053437],[120.943658,24.053042],[120.943743,24.052235],[120.944496,24.051166],[120.944689,24.04965],[120.945134,24.049484],[120.94659,24.049418],[120.948232,24.049691],[120.950073,24.049444],[120.950315,24.049091],[120.950466,24.048245],[120.950804,24.047811],[120.952053,24.046707],[120.95391,24.046051],[120.954252,24.045137],[120.954466,24.044921],[120.955726,24.044981],[120.956606,24.045334],[120.957067,24.045363],[120.958527,24.045098],[120.959092,24.044824],[120.962834,24.039904],[120.963781,24.039089],[120.965016,24.038339],[120.965228,24.037675],[120.965148,24.03667],[120.965368,24.035655],[120.965202,24.0344],[120.966511,24.033903],[120.971473,24.030895],[120.972292,24.030784],[120.974472,24.0308],[120.974931,24.031247],[120.975859,24.032678],[120.976101,24.03281],[120.976603,24.032823],[120.977967,24.032484],[120.978731,24.032078],[120.979421,24.032083],[120.981237,24.031472],[120.981411,24.031324],[120.981806,24.029488],[120.982732,24.028501],[120.983702,24.02653],[120.98503,24.025581],[120.987011,24.024723],[120.987903,24.023628],[120.988917,24.023021],[120.989638,24.022381],[120.990164,24.021598],[120.99061,24.020488],[120.990911,24.020205],[120.993723,24.020486],[120.996173,24.020449],[120.998304,24.0196],[120.999074,24.019488],[121.000761,24.01988],[121.00218,24.020556],[121.002764,24.020449],[121.004285,24.019149],[121.005815,24.017303],[121.006495,24.014194],[121.00487,24.012096],[121.004123,24.010886],[121.00368,24.009933],[121.003232,24.00827],[121.003224,24.007346],[121.003988,24.005884],[121.006524,24.002585],[121.008771,24.000432],[121.009373,24.000178],[121.010148,24.000106],[121.012419,24.000395],[121.014428,23.999995],[121.015645,24.000049],[121.004534,24.022692],[121.003114,24.024153],[121.002367,24.025148],[121.001862,24.026209],[121.000658,24.02727],[120.999575,24.029636],[120.999647,24.030255],[120.999128,24.031503],[120.998846,24.032909],[120.997659,24.033133],[120.997238,24.033377],[120.995175,24.035801],[120.994,24.036688],[120.992569,24.036984],[120.991054,24.036916],[120.990657,24.037325],[120.98998,24.037697],[120.98961,24.038616],[120.988412,24.040022],[120.987472,24.042121],[120.987858,24.042812],[120.9878,24.044223],[120.986684,24.044783],[120.98545,24.045794],[120.984538,24.045807],[120.983946,24.046376],[120.983226,24.046615],[120.983051,24.047013],[120.982552,24.047423],[120.982573,24.04794],[120.982395,24.048331],[120.981839,24.048509],[120.980662,24.049525],[120.980503,24.052913],[120.980799,24.053757],[120.980327,24.055216],[120.980311,24.058315],[120.979986,24.060281],[120.979348,24.061367],[120.97944,24.062272],[120.979263,24.063159],[120.979524,24.063793],[120.979372,24.063972],[120.978872,24.064035],[120.978037,24.0648],[120.977248,24.066597],[120.977294,24.066847],[120.977968,24.067592],[120.978119,24.06801],[120.978059,24.068678],[120.97778,24.068917],[120.9772,24.069037],[120.975985,24.069933],[120.973648,24.070587],[120.975045,24.071912],[120.976039,24.073788],[120.977432,24.074845],[120.977838,24.075552],[120.979302,24.077064],[120.981172,24.079753],[120.982271,24.080372],[120.983519,24.080618],[120.986408,24.081586],[120.987611,24.081765],[120.987309,24.08269],[120.987454,24.08297],[120.987962,24.083302],[120.988049,24.083769],[120.989531,24.084277],[120.990533,24.085903],[120.990635,24.087199],[120.990515,24.087898],[120.989575,24.088731],[120.989301,24.089693],[120.987947,24.089984],[120.987642,24.090451],[120.987642,24.091185],[120.98807,24.091907],[120.98796,24.092869],[120.987211,24.09409],[120.987525,24.094862],[120.987422,24.095305],[120.987538,24.096729],[120.988575,24.098408],[120.988453,24.100984],[120.98772,24.103113],[120.987354,24.104736],[120.987415,24.105575],[120.987781,24.106864],[120.987781,24.108095],[120.986927,24.112352],[120.985828,24.114758],[120.985706,24.115542],[120.987414,24.11823],[120.987405,24.119565]]]},"properties":{"code":"10008130003","name":"互助村","countyCode":"10008","countyName":"南投縣","townCode":"10008130","townName":"仁愛鄉","level":"village","unassigned":false,"note":"","label":[120.96649510381792,24.093065655791047],"bounds":[120.937505,23.999995,121.015645,24.124182],"focusBounds":[120.937505,23.999995,121.015645,24.124182],"color":"#98b69b"}},{"type":"Feature","id":"10008130004","geometry":{"type":"Polygon","coordinates":[[[121.103461,24.195843],[121.102696,24.1959],[121.10184,24.195724],[121.101542,24.195485],[121.101435,24.194882],[121.101136,24.194601],[121.100134,24.19402],[121.09873,24.193492],[121.097379,24.192563],[121.09633,24.19207],[121.094412,24.190148],[121.094175,24.189685],[121.09419,24.188512],[121.093988,24.187885],[121.091066,24.184816],[121.091069,24.184352],[121.091521,24.183613],[121.091348,24.18273],[121.090761,24.18203],[121.088884,24.180576],[121.087121,24.177976],[121.084879,24.175923],[121.083753,24.175629],[121.081573,24.175586],[121.080959,24.175424],[121.080954,24.174815],[121.080811,24.17462],[121.079725,24.173861],[121.079101,24.173053],[121.078502,24.172611],[121.076632,24.171707],[121.075254,24.170195],[121.074665,24.169972],[121.073294,24.170037],[121.07242,24.16987],[121.070164,24.168392],[121.069704,24.167364],[121.068374,24.16685],[121.067398,24.165779],[121.066337,24.165515],[121.066222,24.164879],[121.06594,24.164386],[121.0646,24.163021],[121.064298,24.162897],[121.063109,24.163255],[121.061354,24.163251],[121.060775,24.163001],[121.059402,24.162781],[121.058828,24.160316],[121.058292,24.159847],[121.05795,24.159234],[121.057472,24.158782],[121.056571,24.158262],[121.05531,24.156904],[121.05266,24.154796],[121.052251,24.154749],[121.051977,24.155096],[121.050554,24.158347],[121.049282,24.158763],[121.047586,24.160024],[121.046466,24.160052],[121.044144,24.159661],[121.043453,24.158841],[121.042909,24.15861],[121.040769,24.158589],[121.038046,24.158176],[121.037385,24.157035],[121.03577,24.15307],[121.0359,24.151755],[121.035696,24.150914],[121.033696,24.148792],[121.033335,24.148582],[121.031483,24.14898],[121.031,24.149336],[121.03089,24.149626],[121.030962,24.150704],[121.031361,24.152573],[121.03122,24.153526],[121.030847,24.154205],[121.030082,24.15506],[121.029904,24.155544],[121.029767,24.157346],[121.028221,24.159215],[121.02776,24.159556],[121.027611,24.159464],[121.027627,24.159],[121.027358,24.158739],[121.024901,24.157967],[121.023341,24.157956],[121.020233,24.158874],[121.019543,24.158714],[121.017425,24.156985],[121.015511,24.156007],[121.014363,24.154393],[121.013358,24.15352],[121.012248,24.153325],[121.012195,24.152505],[121.011837,24.1516],[121.01037,24.150119],[121.010202,24.149258],[121.009715,24.148305],[121.009011,24.147372],[121.008169,24.14704],[121.007734,24.145622],[121.007071,24.144794],[121.007554,24.143782],[121.007032,24.142632],[121.006807,24.140944],[121.005949,24.139998],[121.005715,24.138932],[121.004862,24.13812],[121.004615,24.137686],[121.004159,24.135601],[121.00325,24.13353],[121.002399,24.132948],[121.001003,24.132613],[121.000361,24.132284],[121.000048,24.131171],[121.000148,24.129724],[120.999554,24.127762],[120.998259,24.126712],[120.996418,24.126714],[120.993688,24.125633],[120.992025,24.125254],[120.991721,24.124792],[120.991602,24.124201],[120.992203,24.122116],[120.99189,24.120861],[120.989085,24.118767],[120.988595,24.118865],[120.987405,24.119565],[120.987414,24.11823],[120.985706,24.115542],[120.985828,24.114758],[120.986927,24.112352],[120.987781,24.108095],[120.987781,24.106864],[120.987415,24.105575],[120.987354,24.104736],[120.98772,24.103113],[120.988453,24.100984],[120.988575,24.098408],[120.987538,24.096729],[120.987422,24.095305],[120.987525,24.094862],[120.987211,24.09409],[120.98796,24.092869],[120.98807,24.091907],[120.987642,24.091185],[120.987642,24.090451],[120.987947,24.089984],[120.989301,24.089693],[120.989575,24.088731],[120.990515,24.087898],[120.990635,24.087199],[120.990533,24.085903],[120.989531,24.084277],[120.988049,24.083769],[120.987962,24.083302],[120.987454,24.08297],[120.987309,24.08269],[120.987611,24.081765],[120.986408,24.081586],[120.983519,24.080618],[120.982271,24.080372],[120.981172,24.079753],[120.979302,24.077064],[120.977838,24.075552],[120.977432,24.074845],[120.976039,24.073788],[120.975045,24.071912],[120.973648,24.070587],[120.975985,24.069933],[120.9772,24.069037],[120.97778,24.068917],[120.978059,24.068678],[120.978119,24.06801],[120.977968,24.067592],[120.977294,24.066847],[120.977248,24.066597],[120.978037,24.0648],[120.978872,24.064035],[120.979372,24.063972],[120.979524,24.063793],[120.979263,24.063159],[120.97944,24.062272],[120.979348,24.061367],[120.979986,24.060281],[120.980311,24.058315],[120.980327,24.055216],[120.980799,24.053757],[120.980503,24.052913],[120.980662,24.049525],[120.981839,24.048509],[120.982395,24.048331],[120.982573,24.04794],[120.982552,24.047423],[120.983051,24.047013],[120.983226,24.046615],[120.983946,24.046376],[120.984538,24.045807],[120.98545,24.045794],[120.986684,24.044783],[120.9878,24.044223],[120.987858,24.042812],[120.987472,24.042121],[120.988412,24.040022],[120.98961,24.038616],[120.98998,24.037697],[120.990657,24.037325],[120.991054,24.036916],[120.992569,24.036984],[120.994,24.036688],[120.995175,24.035801],[120.997238,24.033377],[120.997659,24.033133],[120.998846,24.032909],[120.999128,24.031503],[120.999647,24.030255],[120.999575,24.029636],[121.000658,24.02727],[121.001862,24.026209],[121.002367,24.025148],[121.003114,24.024153],[121.004534,24.022692],[121.015645,24.000049],[121.019405,24.000563],[121.019672,24.000836],[121.019883,24.001435],[121.02029,24.001757],[121.022148,24.002429],[121.023952,24.00262],[121.025666,24.003779],[121.026201,24.003963],[121.029172,24.002136],[121.030298,24.000941],[121.031744,23.999925],[121.032854,23.999285],[121.034569,23.99877],[121.039303,23.999463],[121.040231,23.999001],[121.041638,23.998689],[121.042533,23.998626],[121.044813,23.998983],[121.045943,23.998925],[121.048658,23.997954],[121.049684,23.997998],[121.050018,23.998142],[121.050278,23.998544],[121.050593,24.000134],[121.052117,24.001177],[121.054413,24.013452],[121.053584,24.016066],[121.051096,24.020424],[121.051098,24.023582],[121.050507,24.027501],[121.048256,24.03175],[121.047426,24.03262],[121.045887,24.037956],[121.047073,24.039371],[121.047193,24.042094],[121.047549,24.043509],[121.049328,24.04536],[121.049803,24.046341],[121.050278,24.048736],[121.05099,24.049824],[121.052057,24.050043],[121.053006,24.049388],[121.054073,24.049931],[121.05514,24.050258],[121.055378,24.051674],[121.056446,24.053524],[121.057751,24.054723],[121.058345,24.056246],[121.058938,24.057225],[121.062141,24.059075],[121.063564,24.05951],[121.064156,24.057659],[121.064986,24.056898],[121.066053,24.056354],[121.067238,24.05461],[121.070558,24.054282],[121.073285,24.05428],[121.075302,24.055259],[121.077199,24.05515],[121.080163,24.054604],[121.083956,24.051661],[121.086562,24.048285],[121.08834,24.047848],[121.091187,24.048499],[121.092966,24.049805],[121.094271,24.050023],[121.098538,24.047406],[121.099842,24.047514],[121.102571,24.049038],[121.10435,24.049797],[121.1085,24.049578],[121.111226,24.048596],[121.116261,24.046035],[121.116958,24.04733],[121.118521,24.051774],[121.119836,24.053657],[121.123426,24.062406],[121.12436,24.066085],[121.127566,24.072259],[121.129707,24.074729],[121.129764,24.075322],[121.130003,24.075735],[121.129709,24.076489],[121.130007,24.076839],[121.130005,24.077372],[121.130228,24.077333],[121.130412,24.076884],[121.131889,24.076259],[121.134207,24.074928],[121.134281,24.075467],[121.134611,24.075456],[121.134927,24.075101],[121.134977,24.075333],[121.134511,24.076415],[121.133968,24.07656],[121.134125,24.076892],[121.133614,24.076908],[121.134089,24.077113],[121.135472,24.076292],[121.136513,24.074946],[121.136894,24.074828],[121.137052,24.075395],[121.136728,24.075894],[121.136716,24.07644],[121.136871,24.076661],[121.137597,24.076667],[121.13845,24.07647],[121.139011,24.076727],[121.139533,24.077293],[121.140447,24.077283],[121.141195,24.077508],[121.140704,24.078039],[121.140662,24.07834],[121.140951,24.078856],[121.141628,24.079427],[121.142859,24.079148],[121.144519,24.079343],[121.1449,24.080774],[121.144723,24.081413],[121.144888,24.081575],[121.145333,24.081421],[121.145345,24.080796],[121.145874,24.081136],[121.146004,24.080969],[121.14543,24.079843],[121.145246,24.078552],[121.144579,24.078474],[121.145329,24.078259],[121.145576,24.078967],[121.146342,24.079601],[121.146707,24.080269],[121.14805,24.081367],[121.148796,24.081738],[121.150247,24.084019],[121.152299,24.085435],[121.155984,24.084925],[121.15724,24.085003],[121.158846,24.084875],[121.159817,24.084994],[121.161049,24.085604],[121.162289,24.085619],[121.163368,24.08585],[121.155989,24.087614],[121.155533,24.087806],[121.155287,24.088362],[121.155177,24.089353],[121.155271,24.089985],[121.155794,24.091165],[121.156391,24.091848],[121.156559,24.09241],[121.156517,24.092778],[121.156039,24.093659],[121.156394,24.094446],[121.156756,24.096019],[121.157105,24.096685],[121.157116,24.099816],[121.157047,24.100599],[121.156757,24.100997],[121.156006,24.101494],[121.155532,24.101596],[121.154326,24.101385],[121.15383,24.101882],[121.153242,24.101766],[121.152389,24.101182],[121.152177,24.101171],[121.151568,24.1016],[121.150752,24.101703],[121.150304,24.101951],[121.150016,24.102703],[121.149565,24.10325],[121.1488,24.103305],[121.148388,24.103574],[121.146545,24.104228],[121.145901,24.103985],[121.145477,24.104123],[121.144647,24.105451],[121.143931,24.105897],[121.143468,24.106389],[121.143062,24.106624],[121.141882,24.10661],[121.14,24.107738],[121.139505,24.109138],[121.139816,24.110718],[121.139325,24.111763],[121.139494,24.112632],[121.139389,24.112815],[121.139022,24.112951],[121.138731,24.112635],[121.136937,24.112625],[121.13728,24.113736],[121.13757,24.114099],[121.137958,24.114234],[121.138561,24.113922],[121.139731,24.115081],[121.140751,24.115441],[121.141176,24.115443],[121.141761,24.115176],[121.142254,24.114462],[121.142628,24.1135],[121.143086,24.112954],[121.143465,24.11282],[121.144831,24.113492],[121.146172,24.113375],[121.147033,24.114034],[121.147844,24.113965],[121.148198,24.113775],[121.148713,24.114179],[121.149482,24.114363],[121.150234,24.115412],[121.150974,24.115836],[121.151063,24.116081],[121.150665,24.11712],[121.151055,24.117553],[121.151158,24.118005],[121.15081,24.118946],[121.150908,24.119535],[121.150732,24.120134],[121.15082,24.120292],[121.151132,24.120267],[121.151258,24.120397],[121.151444,24.121101],[121.151299,24.12172],[121.151535,24.12228],[121.15119,24.122885],[121.150315,24.123572],[121.149927,24.124284],[121.149487,24.124659],[121.149563,24.125557],[121.148668,24.126194],[121.148419,24.126195],[121.148035,24.125827],[121.147623,24.125749],[121.146047,24.126247],[121.14555,24.126541],[121.144968,24.127205],[121.144302,24.127512],[121.143977,24.128316],[121.143218,24.128568],[121.143167,24.129324],[121.142772,24.129886],[121.14248,24.130015],[121.141924,24.129996],[121.141682,24.130233],[121.14132,24.130258],[121.141066,24.130459],[121.140446,24.130275],[121.139999,24.130611],[121.139525,24.130677],[121.139433,24.130842],[121.139605,24.132102],[121.139368,24.132587],[121.138917,24.132599],[121.138566,24.132841],[121.137966,24.13406],[121.137854,24.134164],[121.137391,24.134063],[121.137383,24.134607],[121.136956,24.135079],[121.134448,24.135309],[121.133472,24.135911],[121.132382,24.135494],[121.131326,24.136188],[121.130241,24.136169],[121.129218,24.136402],[121.128662,24.136373],[121.127479,24.136803],[121.124489,24.137234],[121.120261,24.141775],[121.119157,24.142198],[121.117959,24.141102],[121.115934,24.140681],[121.113724,24.140767],[121.112344,24.141445],[121.111792,24.142289],[121.11207,24.143978],[121.111715,24.159016],[121.112177,24.160113],[121.11227,24.161127],[121.109883,24.16983],[121.109332,24.170592],[121.107491,24.172112],[121.100497,24.176679],[121.098841,24.178202],[121.097922,24.180482],[121.097188,24.183778],[121.09811,24.18555],[121.103458,24.194248],[121.103461,24.195843]]]},"properties":{"code":"10008130004","name":"新生村","countyCode":"10008","countyName":"南投縣","townCode":"10008130","townName":"仁愛鄉","level":"village","unassigned":false,"note":"","label":[121.06921731187889,24.106410014218277],"bounds":[120.973648,23.997954,121.163368,24.1959],"focusBounds":[120.973648,23.997954,121.163368,24.1959],"color":"#58b99d"}},{"type":"Feature","id":"10008130005","geometry":{"type":"Polygon","coordinates":[[[121.269835,24.180312],[121.267263,24.179434],[121.265298,24.179133],[121.264111,24.179347],[121.26308,24.179746],[121.260549,24.17973],[121.258862,24.179968],[121.25701,24.180449],[121.255401,24.180269],[121.253981,24.180852],[121.251696,24.181354],[121.250285,24.180908],[121.247455,24.18077],[121.245322,24.179563],[121.244587,24.178637],[121.244193,24.177841],[121.243409,24.177427],[121.242831,24.177297],[121.242342,24.17688],[121.240799,24.176891],[121.240401,24.177309],[121.23927,24.177903],[121.23804,24.179166],[121.237508,24.179402],[121.236332,24.179444],[121.235403,24.17776],[121.234888,24.177334],[121.234349,24.177177],[121.233148,24.176167],[121.232315,24.175922],[121.231777,24.175923],[121.228864,24.176196],[121.227865,24.175845],[121.224481,24.175376],[121.223314,24.175347],[121.219799,24.176011],[121.217432,24.176136],[121.213549,24.176049],[121.208983,24.176148],[121.206371,24.174955],[121.205669,24.174807],[121.203883,24.175328],[121.200152,24.175834],[121.198946,24.176208],[121.198314,24.176015],[121.197833,24.175372],[121.19752,24.17519],[121.196083,24.175752],[121.194158,24.176205],[121.193077,24.175927],[121.192295,24.176086],[121.191434,24.176746],[121.190327,24.175872],[121.190226,24.175292],[121.189695,24.174536],[121.190201,24.173741],[121.19012,24.17331],[121.189025,24.172051],[121.188632,24.171192],[121.188094,24.170716],[121.187707,24.170602],[121.187388,24.170688],[121.185857,24.171967],[121.184734,24.172061],[121.183738,24.172363],[121.182909,24.171926],[121.182854,24.171643],[121.18315,24.171219],[121.183732,24.170861],[121.184075,24.170902],[121.1847,24.170628],[121.185394,24.170146],[121.186043,24.169337],[121.186537,24.16838],[121.186068,24.168032],[121.185537,24.168191],[121.185237,24.16762],[121.183643,24.166911],[121.183399,24.166539],[121.18383,24.165724],[121.18378,24.165518],[121.182699,24.165547],[121.182238,24.164604],[121.18158,24.164374],[121.180899,24.164409],[121.180299,24.165032],[121.178749,24.164908],[121.178196,24.164624],[121.177939,24.163999],[121.178012,24.163565],[121.179774,24.162512],[121.180301,24.1621],[121.180365,24.16173],[121.180377,24.16105],[121.180142,24.160572],[121.179425,24.159891],[121.179099,24.159165],[121.179059,24.158472],[121.179591,24.157216],[121.179264,24.156356],[121.179147,24.155494],[121.179606,24.15515],[121.180619,24.155012],[121.181681,24.153378],[121.18155,24.153137],[121.180668,24.152486],[121.180512,24.152061],[121.180587,24.151632],[121.181255,24.150864],[121.181443,24.15025],[121.181111,24.149717],[121.180555,24.149404],[121.179739,24.148213],[121.179179,24.147783],[121.178684,24.147108],[121.178819,24.145971],[121.178479,24.145278],[121.178098,24.143836],[121.17848,24.143567],[121.179345,24.142489],[121.180445,24.141935],[121.181869,24.141637],[121.183147,24.141823],[121.184673,24.141203],[121.185598,24.14124],[121.185832,24.140768],[121.186081,24.140621],[121.187412,24.140349],[121.189189,24.140401],[121.18975,24.140867],[121.190023,24.140919],[121.190952,24.14027],[121.191796,24.139996],[121.192316,24.13948],[121.193057,24.139768],[121.193408,24.139725],[121.194184,24.138733],[121.194514,24.138552],[121.195343,24.138583],[121.195584,24.138433],[121.196155,24.137243],[121.198023,24.136712],[121.199243,24.137239],[121.200466,24.13835],[121.201837,24.138628],[121.202941,24.137776],[121.204211,24.137639],[121.204433,24.137083],[121.204871,24.136834],[121.205137,24.136215],[121.206281,24.135733],[121.208163,24.136697],[121.208795,24.136806],[121.209151,24.136641],[121.210006,24.137175],[121.211098,24.137284],[121.212458,24.136815],[121.212858,24.137176],[121.213282,24.137949],[121.21463,24.137767],[121.214867,24.137855],[121.215248,24.138484],[121.215247,24.139407],[121.215466,24.139761],[121.215734,24.13982],[121.216733,24.13959],[121.217307,24.138784],[121.219086,24.137754],[121.220753,24.135952],[121.221614,24.1355],[121.222082,24.134521],[121.222295,24.134406],[121.222619,24.13471],[121.2228,24.134699],[121.223025,24.134414],[121.223268,24.133326],[121.224504,24.132662],[121.225129,24.131987],[121.226171,24.132211],[121.227257,24.132011],[121.228205,24.131433],[121.228548,24.131526],[121.229734,24.133016],[121.229945,24.133589],[121.230576,24.133841],[121.231131,24.134488],[121.23158,24.134609],[121.23251,24.134082],[121.233034,24.133975],[121.23336,24.132972],[121.234814,24.132446],[121.236337,24.132419],[121.237067,24.133147],[121.238265,24.132856],[121.238889,24.132433],[121.239638,24.131522],[121.239376,24.131064],[121.238726,24.131332],[121.238439,24.13131],[121.238365,24.131057],[121.238595,24.130702],[121.239257,24.130227],[121.241112,24.129434],[121.24135,24.129547],[121.241945,24.130839],[121.242884,24.130863],[121.243282,24.131187],[121.243819,24.131353],[121.244175,24.131267],[121.244794,24.130799],[121.245719,24.131088],[121.247045,24.130937],[121.247332,24.130508],[121.247449,24.12984],[121.247919,24.12955],[121.248316,24.128782],[121.249543,24.127978],[121.249858,24.128043],[121.251024,24.12933],[121.251559,24.128966],[121.252996,24.128485],[121.253346,24.127385],[121.254713,24.127033],[121.257171,24.126903],[121.258999,24.127297],[121.261106,24.128655],[121.263885,24.13202],[121.264512,24.133021],[121.26695,24.141295],[121.268439,24.143981],[121.270444,24.149926],[121.271318,24.157055],[121.272107,24.160744],[121.271932,24.170205],[121.271128,24.174915],[121.27031,24.178417],[121.269835,24.180312]]]},"properties":{"code":"10008130005","name":"力行村","countyCode":"10008","countyName":"南投縣","townCode":"10008130","townName":"仁愛鄉","level":"village","unassigned":false,"note":"","label":[121.23288675236556,24.15507999342558],"bounds":[121.177939,24.126903,121.272107,24.181354],"focusBounds":[121.177939,24.126903,121.272107,24.181354],"color":"#efb44f"}},{"type":"Feature","id":"10008130006","geometry":{"type":"Polygon","coordinates":[[[121.203229,24.221864],[121.201566,24.221645],[121.199686,24.222497],[121.198428,24.222894],[121.196702,24.223144],[121.196343,24.223],[121.195054,24.221596],[121.193792,24.220587],[121.192317,24.219041],[121.191802,24.218173],[121.191844,24.216909],[121.191559,24.216586],[121.190185,24.215682],[121.188509,24.214915],[121.185191,24.214451],[121.183514,24.213411],[121.182165,24.212141],[121.181457,24.212049],[121.180739,24.21228],[121.179886,24.213042],[121.178879,24.213615],[121.178092,24.214767],[121.177685,24.215729],[121.175992,24.217128],[121.173492,24.220326],[121.170172,24.22346],[121.167644,24.225392],[121.16666,24.223646],[121.165941,24.223296],[121.165,24.222237],[121.164374,24.221787],[121.16407,24.219851],[121.163325,24.219066],[121.162598,24.217395],[121.161764,24.216442],[121.160985,24.215184],[121.160213,24.214903],[121.158427,24.214584],[121.156521,24.214736],[121.155134,24.214176],[121.15195,24.213218],[121.15143,24.212882],[121.149146,24.213187],[121.148134,24.213067],[121.14789,24.212912],[121.147538,24.212385],[121.146151,24.208924],[121.145041,24.207656],[121.144097,24.207061],[121.143206,24.205853],[121.143005,24.205281],[121.143165,24.20431],[121.142694,24.202003],[121.141365,24.199649],[121.13967,24.198437],[121.137813,24.197606],[121.13739,24.197015],[121.136358,24.196338],[121.134891,24.196261],[121.132275,24.196901],[121.13089,24.196789],[121.129261,24.196052],[121.128746,24.196102],[121.12721,24.196771],[121.125006,24.196541],[121.122951,24.196028],[121.118754,24.197211],[121.116837,24.197213],[121.113412,24.196845],[121.11273,24.196982],[121.111317,24.197707],[121.109322,24.198017],[121.108419,24.198011],[121.10757,24.19787],[121.106292,24.197246],[121.105541,24.197159],[121.104347,24.196033],[121.103461,24.195843],[121.103458,24.194248],[121.09811,24.18555],[121.097188,24.183778],[121.097922,24.180482],[121.098841,24.178202],[121.100497,24.176679],[121.107491,24.172112],[121.109332,24.170592],[121.109883,24.16983],[121.11227,24.161127],[121.112177,24.160113],[121.111715,24.159016],[121.11207,24.143978],[121.111792,24.142289],[121.112344,24.141445],[121.113724,24.140767],[121.115934,24.140681],[121.117959,24.141102],[121.119157,24.142198],[121.120261,24.141775],[121.124489,24.137234],[121.127479,24.136803],[121.128662,24.136373],[121.129218,24.136402],[121.130241,24.136169],[121.131326,24.136188],[121.132382,24.135494],[121.133472,24.135911],[121.134448,24.135309],[121.136956,24.135079],[121.137383,24.134607],[121.137391,24.134063],[121.137854,24.134164],[121.137966,24.13406],[121.138566,24.132841],[121.138917,24.132599],[121.139368,24.132587],[121.139605,24.132102],[121.139433,24.130842],[121.139525,24.130677],[121.139999,24.130611],[121.140446,24.130275],[121.141066,24.130459],[121.14132,24.130258],[121.141682,24.130233],[121.141924,24.129996],[121.14248,24.130015],[121.142772,24.129886],[121.143167,24.129324],[121.143218,24.128568],[121.143977,24.128316],[121.144302,24.127512],[121.144968,24.127205],[121.14555,24.126541],[121.146047,24.126247],[121.147623,24.125749],[121.148035,24.125827],[121.148419,24.126195],[121.148668,24.126194],[121.149563,24.125557],[121.149487,24.124659],[121.149927,24.124284],[121.150315,24.123572],[121.15119,24.122885],[121.151535,24.12228],[121.151299,24.12172],[121.151444,24.121101],[121.151258,24.120397],[121.151132,24.120267],[121.15082,24.120292],[121.150732,24.120134],[121.150908,24.119535],[121.15081,24.118946],[121.151158,24.118005],[121.151055,24.117553],[121.150665,24.11712],[121.151063,24.116081],[121.150974,24.115836],[121.150234,24.115412],[121.149482,24.114363],[121.148713,24.114179],[121.148198,24.113775],[121.147844,24.113965],[121.147033,24.114034],[121.146172,24.113375],[121.144831,24.113492],[121.143465,24.11282],[121.143086,24.112954],[121.142628,24.1135],[121.142254,24.114462],[121.141761,24.115176],[121.141176,24.115443],[121.140751,24.115441],[121.139731,24.115081],[121.138561,24.113922],[121.137958,24.114234],[121.13757,24.114099],[121.13728,24.113736],[121.136937,24.112625],[121.138731,24.112635],[121.139022,24.112951],[121.139389,24.112815],[121.139494,24.112632],[121.139325,24.111763],[121.139816,24.110718],[121.139505,24.109138],[121.14,24.107738],[121.141882,24.10661],[121.143062,24.106624],[121.143468,24.106389],[121.143931,24.105897],[121.144647,24.105451],[121.145477,24.104123],[121.145901,24.103985],[121.146545,24.104228],[121.148388,24.103574],[121.1488,24.103305],[121.149565,24.10325],[121.150016,24.102703],[121.150304,24.101951],[121.150752,24.101703],[121.151568,24.1016],[121.152177,24.101171],[121.152389,24.101182],[121.153242,24.101766],[121.15383,24.101882],[121.154326,24.101385],[121.155532,24.101596],[121.156006,24.101494],[121.156757,24.100997],[121.157047,24.100599],[121.157116,24.099816],[121.157105,24.096685],[121.156756,24.096019],[121.156394,24.094446],[121.156039,24.093659],[121.156517,24.092778],[121.156559,24.09241],[121.156391,24.091848],[121.155794,24.091165],[121.155271,24.089985],[121.155177,24.089353],[121.155287,24.088362],[121.155533,24.087806],[121.155989,24.087614],[121.163368,24.08585],[121.163032,24.086144],[121.162392,24.086264],[121.162059,24.086508],[121.159991,24.087269],[121.159317,24.088035],[121.158369,24.08855],[121.158207,24.088792],[121.158207,24.089201],[121.159195,24.0902],[121.160382,24.090765],[121.161501,24.090944],[121.161838,24.091183],[121.161834,24.091484],[121.161269,24.092396],[121.161301,24.092635],[121.160872,24.09318],[121.161138,24.093511],[121.161841,24.093843],[121.162052,24.094711],[121.163271,24.094599],[121.164119,24.095012],[121.16586,24.09538],[121.165955,24.095759],[121.166344,24.096106],[121.166712,24.096862],[121.166413,24.098734],[121.165264,24.100094],[121.16514,24.101207],[121.165652,24.101249],[121.166207,24.100732],[121.166627,24.100634],[121.168782,24.101108],[121.168911,24.101492],[121.168749,24.102149],[121.168876,24.102837],[121.170396,24.104998],[121.170305,24.105187],[121.168833,24.105681],[121.168654,24.105986],[121.170112,24.106957],[121.170888,24.108333],[121.172285,24.108431],[121.171888,24.109326],[121.172152,24.109966],[121.172895,24.110085],[121.173728,24.109691],[121.174342,24.110237],[121.174917,24.110345],[121.175762,24.109208],[121.175924,24.109174],[121.17675,24.110421],[121.177059,24.11183],[121.178618,24.111218],[121.179641,24.111278],[121.181015,24.112407],[121.181011,24.113502],[121.181171,24.113516],[121.181663,24.112987],[121.183129,24.113096],[121.183238,24.113716],[121.183386,24.113838],[121.184365,24.113999],[121.184505,24.114274],[121.185352,24.11445],[121.189885,24.116166],[121.194611,24.117289],[121.197458,24.117046],[121.198688,24.117521],[121.202122,24.120011],[121.203029,24.120901],[121.204457,24.123335],[121.205818,24.124817],[121.207762,24.126182],[121.213073,24.128371],[121.218382,24.129791],[121.22272,24.130496],[121.225957,24.131324],[121.227257,24.132011],[121.226171,24.132211],[121.225129,24.131987],[121.224504,24.132662],[121.223268,24.133326],[121.223025,24.134414],[121.2228,24.134699],[121.222619,24.13471],[121.222295,24.134406],[121.222082,24.134521],[121.221614,24.1355],[121.220753,24.135952],[121.219086,24.137754],[121.217307,24.138784],[121.216733,24.13959],[121.215734,24.13982],[121.215466,24.139761],[121.215247,24.139407],[121.215248,24.138484],[121.214867,24.137855],[121.21463,24.137767],[121.213282,24.137949],[121.212858,24.137176],[121.212458,24.136815],[121.211098,24.137284],[121.210006,24.137175],[121.209151,24.136641],[121.208795,24.136806],[121.208163,24.136697],[121.206281,24.135733],[121.205137,24.136215],[121.204871,24.136834],[121.204433,24.137083],[121.204211,24.137639],[121.202941,24.137776],[121.201837,24.138628],[121.200466,24.13835],[121.199243,24.137239],[121.198023,24.136712],[121.196155,24.137243],[121.195584,24.138433],[121.195343,24.138583],[121.194514,24.138552],[121.194184,24.138733],[121.193408,24.139725],[121.193057,24.139768],[121.192316,24.13948],[121.191796,24.139996],[121.190952,24.14027],[121.190023,24.140919],[121.18975,24.140867],[121.189189,24.140401],[121.187412,24.140349],[121.186081,24.140621],[121.185832,24.140768],[121.185598,24.14124],[121.184673,24.141203],[121.183147,24.141823],[121.181869,24.141637],[121.180445,24.141935],[121.179345,24.142489],[121.17848,24.143567],[121.178098,24.143836],[121.178479,24.145278],[121.178819,24.145971],[121.178684,24.147108],[121.179179,24.147783],[121.179739,24.148213],[121.180555,24.149404],[121.181111,24.149717],[121.181443,24.15025],[121.181255,24.150864],[121.180587,24.151632],[121.180512,24.152061],[121.180668,24.152486],[121.18155,24.153137],[121.181681,24.153378],[121.180619,24.155012],[121.179606,24.15515],[121.179147,24.155494],[121.179264,24.156356],[121.179591,24.157216],[121.179059,24.158472],[121.179099,24.159165],[121.179425,24.159891],[121.180142,24.160572],[121.180377,24.16105],[121.180365,24.16173],[121.180301,24.1621],[121.179774,24.162512],[121.178012,24.163565],[121.177939,24.163999],[121.178196,24.164624],[121.178749,24.164908],[121.180299,24.165032],[121.180899,24.164409],[121.18158,24.164374],[121.182238,24.164604],[121.182699,24.165547],[121.18378,24.165518],[121.18383,24.165724],[121.183399,24.166539],[121.183643,24.166911],[121.185237,24.16762],[121.185537,24.168191],[121.186068,24.168032],[121.186537,24.16838],[121.186043,24.169337],[121.185394,24.170146],[121.1847,24.170628],[121.184075,24.170902],[121.183732,24.170861],[121.18315,24.171219],[121.182854,24.171643],[121.182909,24.171926],[121.183738,24.172363],[121.184734,24.172061],[121.185857,24.171967],[121.187388,24.170688],[121.187707,24.170602],[121.188094,24.170716],[121.188632,24.171192],[121.189025,24.172051],[121.19012,24.17331],[121.190201,24.173741],[121.189695,24.174536],[121.190226,24.175292],[121.190327,24.175872],[121.191434,24.176746],[121.192121,24.177422],[121.192691,24.178625],[121.193429,24.180852],[121.194123,24.181912],[121.194436,24.18304],[121.196918,24.185358],[121.197487,24.187041],[121.198107,24.188117],[121.199546,24.189691],[121.199258,24.191244],[121.199222,24.192854],[121.199691,24.194239],[121.200277,24.19487],[121.200526,24.195479],[121.202809,24.19777],[121.202953,24.19816],[121.202857,24.198989],[121.202432,24.199567],[121.202628,24.19998],[121.203256,24.200641],[121.203419,24.201198],[121.202419,24.202538],[121.202682,24.203161],[121.202528,24.203466],[121.202248,24.203667],[121.200664,24.2041],[121.200847,24.204739],[121.200841,24.20552],[121.200627,24.206373],[121.200206,24.206967],[121.200045,24.20757],[121.200065,24.20867],[121.199605,24.209697],[121.199632,24.210318],[121.200717,24.213628],[121.201535,24.21479],[121.201238,24.21598],[121.202,24.216696],[121.202681,24.21812],[121.202577,24.220075],[121.203229,24.221864]]]},"properties":{"code":"10008130006","name":"發祥村","countyCode":"10008","countyName":"南投縣","townCode":"10008130","townName":"仁愛鄉","level":"village","unassigned":false,"note":"","label":[121.1462649207072,24.164794560424884],"bounds":[121.097188,24.08585,121.227257,24.225392],"focusBounds":[121.097188,24.08585,121.227257,24.225392],"color":"#78a7e3"}},{"type":"Feature","id":"10008130008","geometry":{"type":"Polygon","coordinates":[[[121.26309,23.978911],[121.257906,23.978486],[121.256649,23.978525],[121.255988,23.978634],[121.254155,23.97945],[121.25302,23.97937],[121.251462,23.979955],[121.250158,23.980134],[121.24946,23.979099],[121.247981,23.979022],[121.246495,23.979577],[121.245727,23.980249],[121.245134,23.980546],[121.244316,23.98245],[121.24375,23.982751],[121.243399,23.982804],[121.242715,23.98238],[121.242031,23.982268],[121.240777,23.98258],[121.239336,23.982593],[121.238558,23.982371],[121.237968,23.982428],[121.237625,23.982713],[121.237751,23.9833],[121.236685,23.983493],[121.236222,23.984004],[121.236114,23.984889],[121.23554,23.985256],[121.234242,23.985059],[121.233434,23.985444],[121.232465,23.98566],[121.231603,23.986215],[121.229617,23.986543],[121.22874,23.986244],[121.227417,23.986875],[121.226866,23.986777],[121.226475,23.986385],[121.225997,23.986338],[121.224563,23.987534],[121.222524,23.987763],[121.221364,23.988611],[121.220248,23.988917],[121.219355,23.989634],[121.218471,23.989283],[121.218262,23.989331],[121.217744,23.99023],[121.217027,23.990852],[121.21706,23.991606],[121.217394,23.992341],[121.216595,23.993074],[121.212476,23.993725],[121.211404,23.993612],[121.210625,23.994186],[121.20805,23.995591],[121.207513,23.995603],[121.206704,23.996151],[121.205489,23.996346],[121.204805,23.996742],[121.203919,23.996877],[121.203036,23.997481],[121.202425,23.997709],[121.202101,23.998204],[121.201585,23.998582],[121.201495,23.999097],[121.201971,23.999694],[121.203295,24.000767],[121.203372,24.001324],[121.203237,24.00158],[121.202271,24.002224],[121.201326,24.003095],[121.198058,24.003293],[121.197442,24.003887],[121.196761,24.004983],[121.196373,24.004663],[121.195499,24.004328],[121.194642,24.004453],[121.19445,24.004038],[121.194159,24.003874],[121.191702,24.00338],[121.187257,24.002171],[121.186156,24.000371],[121.184263,23.993525],[121.183791,23.993092],[121.179082,23.992953],[121.175207,23.992287],[121.174138,23.9926],[121.161227,23.989002],[121.159437,23.98925],[121.158523,23.988763],[121.157469,23.988509],[121.152571,23.989356],[121.150908,23.989857],[121.148257,23.990076],[121.148044,23.990178],[121.147833,23.9906],[121.147345,23.990734],[121.145222,23.990628],[121.14357,23.990747],[121.140154,23.991504],[121.138932,23.991573],[121.13815,23.991833],[121.135775,23.991819],[121.136102,23.984778],[121.137147,23.98096],[121.13712,23.979563],[121.136534,23.979403],[121.134661,23.979727],[121.132845,23.979566],[121.13185,23.979676],[121.131382,23.97989],[121.125646,23.983446],[121.124768,23.983609],[121.124416,23.983447],[121.123012,23.984311],[121.12272,23.985385],[121.122369,23.985817],[121.121784,23.985871],[121.11833,23.98808],[121.117394,23.988403],[121.116281,23.98835],[121.115285,23.987651],[121.114523,23.9869],[121.11382,23.9869],[121.105154,23.987658],[121.099219,23.989795],[121.091123,23.985662],[121.08472,23.981499],[121.082856,23.980829],[121.079048,23.980757],[121.07621,23.977632],[121.075319,23.977259],[121.07224,23.976591],[121.070295,23.975772],[121.066163,23.975553],[121.063137,23.975651],[121.062202,23.975352],[121.062037,23.974983],[121.061954,23.973164],[121.061699,23.972392],[121.068753,23.969967],[121.070858,23.969072],[121.073045,23.967285],[121.07855,23.960732],[121.083166,23.958571],[121.090374,23.956183],[121.092398,23.95529],[121.093127,23.954545],[121.094017,23.952682],[121.094176,23.94963],[121.092469,23.940475],[121.092792,23.939432],[121.093682,23.938316],[121.093548,23.9306],[121.093941,23.929176],[121.094542,23.928455],[121.094706,23.928543],[121.094668,23.92874],[121.095686,23.928204],[121.097969,23.928101],[121.098777,23.927654],[121.099489,23.927502],[121.101329,23.927625],[121.101574,23.92713],[121.101764,23.927148],[121.102164,23.927572],[121.1028,23.927552],[121.103542,23.927059],[121.103272,23.926344],[121.102488,23.925793],[121.102475,23.925414],[121.103484,23.923641],[121.103619,23.922844],[121.104926,23.922031],[121.104339,23.92141],[121.104297,23.921137],[121.104417,23.920916],[121.105238,23.920405],[121.103849,23.920079],[121.10342,23.919693],[121.103703,23.919311],[121.103751,23.918853],[121.102421,23.918436],[121.103116,23.918009],[121.103786,23.918144],[121.104089,23.917528],[121.104918,23.91701],[121.104954,23.916739],[121.106125,23.917134],[121.106283,23.917465],[121.106782,23.917312],[121.108286,23.917812],[121.109566,23.918459],[121.110122,23.918174],[121.110619,23.918383],[121.111092,23.91837],[121.111894,23.917899],[121.11201,23.916028],[121.111755,23.915254],[121.111794,23.916019],[121.111603,23.91678],[121.11107,23.917593],[121.110877,23.917534],[121.111171,23.916442],[121.110826,23.915981],[121.110754,23.915209],[121.110615,23.915347],[121.110519,23.91646],[121.109781,23.916876],[121.109467,23.916863],[121.109949,23.916589],[121.11008,23.916262],[121.109905,23.915084],[121.110108,23.912925],[121.110849,23.912503],[121.111346,23.911924],[121.112003,23.911576],[121.11297,23.910418],[121.113826,23.910243],[121.114125,23.910004],[121.113778,23.909139],[121.112721,23.907962],[121.112357,23.906533],[121.112409,23.906041],[121.112959,23.905077],[121.113267,23.904088],[121.11366,23.9036],[121.114811,23.902788],[121.115518,23.902722],[121.115028,23.901511],[121.115027,23.900368],[121.115438,23.899585],[121.116133,23.899722],[121.116775,23.899498],[121.117483,23.898757],[121.117849,23.89812],[121.117689,23.897384],[121.117234,23.896861],[121.116792,23.896611],[121.11593,23.896453],[121.114944,23.895109],[121.11403,23.894658],[121.113855,23.894238],[121.113637,23.891999],[121.113969,23.891777],[121.114204,23.89101],[121.114437,23.890743],[121.116459,23.890015],[121.11733,23.889303],[121.117945,23.88821],[121.117846,23.886673],[121.118991,23.885457],[121.118532,23.884925],[121.116046,23.883986],[121.11566,23.883656],[121.115545,23.883386],[121.115794,23.882277],[121.115607,23.882056],[121.114785,23.881989],[121.113944,23.881093],[121.113305,23.87973],[121.113196,23.878525],[121.113071,23.878376],[121.111013,23.878183],[121.110456,23.878278],[121.109359,23.878839],[121.108178,23.878765],[121.108181,23.878939],[121.109396,23.87923],[121.109043,23.879399],[121.108227,23.879115],[121.107854,23.879375],[121.10746,23.879375],[121.106918,23.878516],[121.106474,23.875803],[121.106867,23.875215],[121.110554,23.873992],[121.111832,23.873221],[121.112807,23.872141],[121.115217,23.875318],[121.117831,23.876871],[121.11983,23.877506],[121.124364,23.877927],[121.125824,23.877926],[121.127207,23.877358],[121.128667,23.877499],[121.131819,23.878273],[121.132971,23.878344],[121.134124,23.878059],[121.140039,23.875652],[121.142112,23.874449],[121.150403,23.867163],[121.15309,23.865535],[121.154138,23.864103],[121.154242,23.864649],[121.154492,23.864804],[121.15574,23.864533],[121.157575,23.863235],[121.158634,23.8627],[121.159931,23.86272],[121.160827,23.86255],[121.162003,23.862056],[121.16433,23.861765],[121.168791,23.860704],[121.169487,23.860343],[121.170127,23.859776],[121.171668,23.859197],[121.172779,23.858188],[121.176214,23.856459],[121.177568,23.854857],[121.17844,23.854473],[121.179407,23.853412],[121.181176,23.853219],[121.182781,23.852457],[121.185166,23.852079],[121.186347,23.851578],[121.187628,23.851569],[121.189582,23.851883],[121.192157,23.851907],[121.194558,23.8515],[121.195983,23.851432],[121.197499,23.851051],[121.198019,23.850609],[121.199689,23.848583],[121.20072,23.848206],[121.20161,23.848102],[121.202296,23.847456],[121.20303,23.846315],[121.204531,23.845375],[121.205043,23.845159],[121.206925,23.845187],[121.208414,23.844547],[121.20959,23.844313],[121.211294,23.84314],[121.212078,23.842383],[121.213307,23.840598],[121.214589,23.839438],[121.217211,23.839004],[121.218097,23.838725],[121.219442,23.837815],[121.220401,23.836687],[121.22058,23.835584],[121.220037,23.832423],[121.218825,23.830723],[121.218695,23.830067],[121.219051,23.829274],[121.220189,23.827802],[121.220913,23.826437],[121.220842,23.824089],[121.221061,23.822404],[121.221829,23.821463],[121.222417,23.819511],[121.222756,23.819307],[121.224565,23.819134],[121.22591,23.818528],[121.226871,23.818878],[121.227819,23.818831],[121.229219,23.817968],[121.230954,23.817722],[121.232891,23.818088],[121.234914,23.818114],[121.236118,23.819078],[121.236529,23.819922],[121.237427,23.820589],[121.237535,23.821042],[121.237873,23.821383],[121.238406,23.821691],[121.239134,23.821863],[121.238169,23.822462],[121.237147,23.823512],[121.236788,23.824214],[121.236677,23.825213],[121.237175,23.826138],[121.237601,23.828388],[121.238113,23.829625],[121.237731,23.832493],[121.239126,23.836354],[121.239285,23.837142],[121.239272,23.839465],[121.239423,23.840423],[121.239767,23.841051],[121.241682,23.842877],[121.243481,23.844985],[121.244063,23.846236],[121.243826,23.847535],[121.244518,23.848913],[121.245101,23.849516],[121.245878,23.850016],[121.247351,23.85068],[121.248924,23.852132],[121.248679,23.852874],[121.248684,23.853657],[121.249482,23.854562],[121.250216,23.856779],[121.250241,23.857706],[121.24989,23.859081],[121.249967,23.85982],[121.250498,23.860969],[121.250973,23.861193],[121.252143,23.861302],[121.252629,23.862106],[121.252921,23.862955],[121.252965,23.863676],[121.252665,23.865361],[121.252845,23.867301],[121.253036,23.867895],[121.253624,23.868396],[121.255193,23.868571],[121.256939,23.869456],[121.257308,23.870032],[121.257626,23.871485],[121.258151,23.87251],[121.260074,23.872668],[121.261674,23.872284],[121.263406,23.872639],[121.264987,23.872749],[121.265252,23.872905],[121.26447,23.874783],[121.264209,23.876625],[121.263376,23.877923],[121.262927,23.8795],[121.263372,23.881224],[121.264679,23.882213],[121.265318,23.883031],[121.268094,23.883358],[121.268451,23.883753],[121.268359,23.884946],[121.267764,23.885539],[121.267583,23.886045],[121.267315,23.887494],[121.267413,23.889],[121.266651,23.89008],[121.265711,23.890761],[121.265508,23.891242],[121.265475,23.892408],[121.26595,23.893512],[121.266044,23.894197],[121.265178,23.896719],[121.265448,23.897283],[121.266263,23.897961],[121.266536,23.898411],[121.266351,23.89862],[121.265979,23.898681],[121.264303,23.898584],[121.263659,23.898686],[121.26244,23.89908],[121.262328,23.899251],[121.262699,23.900143],[121.261701,23.901266],[121.261239,23.901994],[121.261062,23.902602],[121.262716,23.904334],[121.263891,23.904947],[121.265262,23.905933],[121.266271,23.907266],[121.266991,23.90728],[121.267727,23.90704],[121.270433,23.906497],[121.271308,23.906636],[121.272666,23.907105],[121.274453,23.907318],[121.274902,23.907535],[121.275973,23.909514],[121.276108,23.910119],[121.27538,23.912055],[121.275436,23.914696],[121.275514,23.915043],[121.276155,23.915793],[121.276295,23.916221],[121.275244,23.917427],[121.275068,23.918584],[121.275734,23.920249],[121.275936,23.921682],[121.27641,23.922559],[121.276515,23.923163],[121.276314,23.923939],[121.275237,23.924775],[121.274557,23.926517],[121.273547,23.928138],[121.273422,23.928777],[121.273675,23.929257],[121.274601,23.929998],[121.274841,23.930599],[121.27485,23.931542],[121.273944,23.933077],[121.273749,23.933748],[121.273857,23.93622],[121.272057,23.938345],[121.272284,23.938783],[121.272874,23.939239],[121.273143,23.93964],[121.273963,23.941585],[121.274036,23.942001],[121.273517,23.943707],[121.273526,23.944143],[121.273802,23.944884],[121.274334,23.94564],[121.272851,23.946621],[121.271752,23.948505],[121.272165,23.949051],[121.272997,23.949597],[121.274214,23.950758],[121.274705,23.951446],[121.275504,23.953856],[121.275817,23.955865],[121.275716,23.95668],[121.275179,23.9582],[121.275173,23.960101],[121.276259,23.963406],[121.277954,23.96558],[121.27775,23.966024],[121.276011,23.967694],[121.275617,23.968359],[121.27508,23.971874],[121.274417,23.973735],[121.273567,23.975252],[121.273216,23.975367],[121.269851,23.975186],[121.266498,23.975223],[121.264867,23.975365],[121.264421,23.975701],[121.264024,23.976317],[121.26309,23.978911]]]},"properties":{"code":"10008130008","name":"親愛村","countyCode":"10008","countyName":"南投縣","townCode":"10008130","townName":"仁愛鄉","level":"village","unassigned":false,"note":"","label":[121.18540267949268,23.924931812154455],"bounds":[121.061699,23.817722,121.277954,24.004983],"focusBounds":[121.061699,23.817722,121.277954,24.004983],"color":"#dd8590"}},{"type":"Feature","id":"10008130009","geometry":{"type":"Polygon","coordinates":[[[121.298296,24.179678],[121.29497,24.182315],[121.289312,24.185057],[121.285555,24.186721],[121.283408,24.187398],[121.281553,24.187446],[121.279793,24.186822],[121.276272,24.184544],[121.274854,24.183337],[121.27304,24.18034],[121.271817,24.179268],[121.27031,24.178417],[121.271128,24.174915],[121.271932,24.170205],[121.272107,24.160744],[121.271318,24.157055],[121.270444,24.149926],[121.268439,24.143981],[121.26695,24.141295],[121.264512,24.133021],[121.263885,24.13202],[121.261106,24.128655],[121.258999,24.127297],[121.257171,24.126903],[121.254713,24.127033],[121.253346,24.127385],[121.252996,24.128485],[121.251559,24.128966],[121.251024,24.12933],[121.249858,24.128043],[121.249543,24.127978],[121.248316,24.128782],[121.247919,24.12955],[121.247449,24.12984],[121.247332,24.130508],[121.247045,24.130937],[121.245719,24.131088],[121.244794,24.130799],[121.244175,24.131267],[121.243819,24.131353],[121.243282,24.131187],[121.242884,24.130863],[121.241945,24.130839],[121.24135,24.129547],[121.241112,24.129434],[121.239257,24.130227],[121.238595,24.130702],[121.238365,24.131057],[121.238439,24.13131],[121.238726,24.131332],[121.239376,24.131064],[121.239638,24.131522],[121.238889,24.132433],[121.238265,24.132856],[121.237067,24.133147],[121.236337,24.132419],[121.234814,24.132446],[121.23336,24.132972],[121.233034,24.133975],[121.23251,24.134082],[121.23158,24.134609],[121.231131,24.134488],[121.230576,24.133841],[121.229945,24.133589],[121.229734,24.133016],[121.228548,24.131526],[121.228205,24.131433],[121.227257,24.132011],[121.225957,24.131324],[121.22272,24.130496],[121.218382,24.129791],[121.213073,24.128371],[121.207762,24.126182],[121.205818,24.124817],[121.204457,24.123335],[121.203029,24.120901],[121.202122,24.120011],[121.198688,24.117521],[121.197458,24.117046],[121.194611,24.117289],[121.189885,24.116166],[121.185352,24.11445],[121.184505,24.114274],[121.184365,24.113999],[121.183386,24.113838],[121.183238,24.113716],[121.183129,24.113096],[121.181663,24.112987],[121.181171,24.113516],[121.181011,24.113502],[121.181015,24.112407],[121.179641,24.111278],[121.178618,24.111218],[121.177059,24.11183],[121.17675,24.110421],[121.175924,24.109174],[121.175762,24.109208],[121.174917,24.110345],[121.174342,24.110237],[121.173728,24.109691],[121.172895,24.110085],[121.172152,24.109966],[121.171888,24.109326],[121.172285,24.108431],[121.170888,24.108333],[121.170112,24.106957],[121.168654,24.105986],[121.168833,24.105681],[121.170305,24.105187],[121.170396,24.104998],[121.168876,24.102837],[121.168749,24.102149],[121.168911,24.101492],[121.168782,24.101108],[121.166627,24.100634],[121.166207,24.100732],[121.165652,24.101249],[121.16514,24.101207],[121.165264,24.100094],[121.166413,24.098734],[121.166712,24.096862],[121.166344,24.096106],[121.165955,24.095759],[121.16586,24.09538],[121.164119,24.095012],[121.163271,24.094599],[121.162052,24.094711],[121.161841,24.093843],[121.161138,24.093511],[121.160872,24.09318],[121.161301,24.092635],[121.161269,24.092396],[121.161834,24.091484],[121.161838,24.091183],[121.161501,24.090944],[121.160382,24.090765],[121.159195,24.0902],[121.158207,24.089201],[121.158207,24.088792],[121.158369,24.08855],[121.159317,24.088035],[121.159991,24.087269],[121.162059,24.086508],[121.162392,24.086264],[121.163032,24.086144],[121.163368,24.08585],[121.162289,24.085619],[121.161049,24.085604],[121.159817,24.084994],[121.158846,24.084875],[121.15724,24.085003],[121.155984,24.084925],[121.152299,24.085435],[121.150247,24.084019],[121.148796,24.081738],[121.14805,24.081367],[121.146707,24.080269],[121.146342,24.079601],[121.145576,24.078967],[121.145329,24.078259],[121.144579,24.078474],[121.145246,24.078552],[121.14543,24.079843],[121.146004,24.080969],[121.145874,24.081136],[121.145345,24.080796],[121.145333,24.081421],[121.144888,24.081575],[121.144723,24.081413],[121.1449,24.080774],[121.144519,24.079343],[121.142859,24.079148],[121.141628,24.079427],[121.140951,24.078856],[121.140662,24.07834],[121.140704,24.078039],[121.141195,24.077508],[121.140447,24.077283],[121.139533,24.077293],[121.139011,24.076727],[121.13845,24.07647],[121.137597,24.076667],[121.136871,24.076661],[121.136716,24.07644],[121.136728,24.075894],[121.137052,24.075395],[121.136894,24.074828],[121.136513,24.074946],[121.135472,24.076292],[121.134089,24.077113],[121.133614,24.076908],[121.134125,24.076892],[121.133968,24.07656],[121.134511,24.076415],[121.134977,24.075333],[121.134927,24.075101],[121.134611,24.075456],[121.134281,24.075467],[121.134207,24.074928],[121.131889,24.076259],[121.130412,24.076884],[121.130228,24.077333],[121.130005,24.077372],[121.130007,24.076839],[121.129709,24.076489],[121.130003,24.075735],[121.129764,24.075322],[121.129707,24.074729],[121.127566,24.072259],[121.12436,24.066085],[121.123426,24.062406],[121.119836,24.053657],[121.118521,24.051774],[121.116958,24.04733],[121.116261,24.046035],[121.115705,24.045076],[121.115984,24.044455],[121.115965,24.044125],[121.115083,24.04209],[121.114055,24.040646],[121.113454,24.039012],[121.112322,24.03748],[121.111092,24.035014],[121.1104,24.032346],[121.110503,24.031773],[121.111322,24.030865],[121.111322,24.030567],[121.110672,24.029574],[121.109304,24.02911],[121.108784,24.028573],[121.108591,24.026063],[121.108131,24.025867],[121.107863,24.025571],[121.107728,24.025063],[121.107377,24.024599],[121.107466,24.024287],[121.108389,24.023828],[121.108112,24.023043],[121.108699,24.022584],[121.109418,24.021473],[121.11059,24.018075],[121.111197,24.015478],[121.111109,24.014718],[121.110717,24.013799],[121.11119,24.007803],[121.110885,24.006885],[121.110406,24.006206],[121.105922,24.003531],[121.104269,24.002774],[121.103268,24.002055],[121.102919,24.001454],[121.102613,23.999057],[121.100958,23.99674],[121.099562,23.992185],[121.099219,23.989795],[121.105154,23.987658],[121.11382,23.9869],[121.114523,23.9869],[121.115285,23.987651],[121.116281,23.98835],[121.117394,23.988403],[121.11833,23.98808],[121.121784,23.985871],[121.122369,23.985817],[121.12272,23.985385],[121.123012,23.984311],[121.124416,23.983447],[121.124768,23.983609],[121.125646,23.983446],[121.131382,23.97989],[121.13185,23.979676],[121.132845,23.979566],[121.134661,23.979727],[121.136534,23.979403],[121.13712,23.979563],[121.137147,23.98096],[121.136102,23.984778],[121.135775,23.991819],[121.135629,23.99744],[121.136218,24.007246],[121.137714,24.012446],[121.139889,24.015769],[121.140572,24.017488],[121.140744,24.019326],[121.140305,24.023976],[121.139871,24.024376],[121.139164,24.024551],[121.135057,24.024381],[121.134768,24.02448],[121.134743,24.024665],[121.137217,24.025261],[121.137479,24.025399],[121.137664,24.025814],[121.13835,24.025707],[121.138288,24.025827],[121.137647,24.025952],[121.137333,24.025564],[121.137064,24.025462],[121.136331,24.025587],[121.135684,24.025992],[121.135671,24.026157],[121.135948,24.026337],[121.137398,24.026746],[121.138761,24.026495],[121.139511,24.02697],[121.139878,24.027028],[121.140493,24.026685],[121.140716,24.026301],[121.141595,24.026187],[121.142304,24.026667],[121.142737,24.027367],[121.143034,24.027398],[121.143257,24.027258],[121.143284,24.026192],[121.144253,24.025939],[121.144752,24.026026],[121.144135,24.027234],[121.143578,24.027894],[121.143271,24.028675],[121.143951,24.028914],[121.14528,24.029019],[121.145567,24.02933],[121.143677,24.03],[121.142742,24.031037],[121.142631,24.031541],[121.142159,24.032132],[121.141924,24.032724],[121.141838,24.033819],[121.142269,24.034676],[121.143729,24.035707],[121.144177,24.036345],[121.144302,24.037523],[121.144632,24.038004],[121.14502,24.039105],[121.145021,24.039525],[121.145439,24.039387],[121.145296,24.039204],[121.14534,24.038211],[121.144954,24.037468],[121.145063,24.036771],[121.145331,24.036718],[121.146239,24.037158],[121.146529,24.037169],[121.147291,24.036475],[121.147886,24.036325],[121.148379,24.036004],[121.149018,24.03511],[121.149117,24.034645],[121.149825,24.034179],[121.151374,24.034274],[121.152692,24.032964],[121.153337,24.032713],[121.15443,24.033538],[121.154834,24.035406],[121.15532,24.036124],[121.155498,24.036927],[121.155953,24.036983],[121.15608,24.03729],[121.156661,24.037341],[121.156923,24.037601],[121.15821,24.038087],[121.158219,24.04006],[121.15793,24.041697],[121.160475,24.040999],[121.162112,24.04072],[121.161925,24.042161],[121.160542,24.042939],[121.159448,24.04377],[121.159276,24.045023],[121.159412,24.0461],[121.160162,24.046541],[121.161086,24.047705],[121.161222,24.048835],[121.162018,24.05145],[121.162713,24.051577],[121.162998,24.051809],[121.162957,24.052159],[121.162106,24.053839],[121.162077,24.054449],[121.162396,24.055302],[121.163212,24.056993],[121.164709,24.057345],[121.170878,24.057649],[121.177277,24.052684],[121.180024,24.054109],[121.180211,24.057302],[121.183148,24.063516],[121.183981,24.069733],[121.187463,24.072921],[121.187894,24.078139],[121.185969,24.078763],[121.170706,24.082451],[121.169366,24.083372],[121.16939,24.083952],[121.169589,24.084202],[121.170516,24.084619],[121.170925,24.084984],[121.171187,24.08592],[121.171251,24.087419],[121.171844,24.089084],[121.17275,24.089776],[121.17305,24.090293],[121.173503,24.090229],[121.174294,24.089659],[121.174446,24.08975],[121.174813,24.091284],[121.175818,24.093014],[121.176629,24.093918],[121.177741,24.094411],[121.178209,24.095088],[121.178479,24.096207],[121.179066,24.09685],[121.179598,24.096788],[121.180276,24.096275],[121.180752,24.096385],[121.181232,24.098197],[121.182188,24.098327],[121.183013,24.100035],[121.184598,24.100599],[121.186347,24.100635],[121.187476,24.101505],[121.1879,24.10148],[121.188709,24.100996],[121.189377,24.101514],[121.189882,24.101694],[121.191273,24.101588],[121.192455,24.102108],[121.193337,24.102096],[121.193923,24.102599],[121.194342,24.103393],[121.194811,24.103893],[121.197996,24.105454],[121.198445,24.105945],[121.19935,24.107377],[121.199585,24.108497],[121.199954,24.109343],[121.20001,24.11021],[121.200424,24.110119],[121.200604,24.109933],[121.200314,24.108446],[121.20037,24.107846],[121.200612,24.107708],[121.20154,24.107664],[121.204432,24.108353],[121.205114,24.108307],[121.205931,24.108796],[121.207579,24.109306],[121.208598,24.109298],[121.209785,24.108574],[121.210957,24.108629],[121.21116,24.108861],[121.211354,24.109752],[121.211948,24.109761],[121.212218,24.110133],[121.213749,24.110625],[121.214656,24.111267],[121.214957,24.111917],[121.214914,24.112255],[121.2146,24.112048],[121.214557,24.111687],[121.214289,24.111405],[121.213801,24.111449],[121.21376,24.111808],[121.214373,24.112288],[121.214668,24.112818],[121.215885,24.113672],[121.216476,24.113827],[121.217666,24.113674],[121.217931,24.114087],[121.219229,24.114261],[121.220492,24.115065],[121.220928,24.114764],[121.221464,24.114727],[121.221503,24.11438],[121.222042,24.114388],[121.222629,24.114096],[121.223488,24.114137],[121.224199,24.113678],[121.225338,24.112347],[121.225544,24.11236],[121.226324,24.112982],[121.227236,24.112701],[121.228408,24.113792],[121.228578,24.114365],[121.2295,24.115226],[121.23126,24.115986],[121.231609,24.115938],[121.231856,24.115568],[121.232117,24.115533],[121.232346,24.115725],[121.232601,24.116352],[121.233818,24.116447],[121.234254,24.117203],[121.236318,24.117624],[121.236965,24.117874],[121.237683,24.118667],[121.238926,24.118835],[121.23994,24.120122],[121.241302,24.120845],[121.242654,24.121046],[121.242941,24.120905],[121.243148,24.120573],[121.243839,24.120439],[121.245063,24.119595],[121.245161,24.119401],[121.245041,24.11899],[121.245233,24.118461],[121.245793,24.117919],[121.246234,24.117913],[121.247008,24.118436],[121.247558,24.11818],[121.248043,24.118391],[121.248535,24.118325],[121.249037,24.11862],[121.250397,24.118329],[121.250977,24.118493],[121.252667,24.117989],[121.253736,24.116992],[121.253998,24.117045],[121.254,24.117438],[121.254753,24.118098],[121.255677,24.118264],[121.256162,24.118667],[121.257184,24.118864],[121.257456,24.119148],[121.259506,24.119571],[121.260861,24.120413],[121.261361,24.120331],[121.262403,24.119709],[121.262899,24.12048],[121.264042,24.120561],[121.265353,24.121713],[121.267071,24.121414],[121.268818,24.120576],[121.270064,24.120993],[121.270952,24.121129],[121.271193,24.121328],[121.270871,24.121407],[121.268934,24.121167],[121.268795,24.121325],[121.268964,24.121453],[121.271212,24.121736],[121.271588,24.122],[121.272737,24.121765],[121.272068,24.122942],[121.270982,24.124037],[121.27071,24.124577],[121.270779,24.125717],[121.270436,24.126537],[121.270341,24.129086],[121.270673,24.129959],[121.271131,24.132296],[121.272473,24.135969],[121.272673,24.13698],[121.273206,24.137403],[121.273501,24.138044],[121.273778,24.138044],[121.275633,24.137356],[121.276616,24.137334],[121.277915,24.136553],[121.278708,24.136515],[121.279052,24.136806],[121.279223,24.137555],[121.279667,24.138042],[121.279958,24.139053],[121.281787,24.141668],[121.282225,24.141846],[121.282811,24.141745],[121.283624,24.143318],[121.284222,24.145851],[121.284243,24.1484],[121.28468,24.152289],[121.284504,24.152841],[121.283225,24.153837],[121.28103,24.154493],[121.280702,24.155694],[121.280725,24.156693],[121.280335,24.157866],[121.280653,24.158118],[121.281978,24.158194],[121.283206,24.15791],[121.285364,24.157141],[121.286726,24.157076],[121.2878,24.15721],[121.288281,24.157585],[121.288395,24.158095],[121.287935,24.161658],[121.288018,24.164626],[121.288296,24.166556],[121.287836,24.172458],[121.287351,24.174007],[121.286217,24.17603],[121.286073,24.176651],[121.286204,24.177361],[121.286612,24.177634],[121.287182,24.177704],[121.291532,24.177122],[121.29299,24.177202],[121.294811,24.177639],[121.296096,24.178155],[121.297282,24.178841],[121.298296,24.179678]]]},"properties":{"code":"10008130009","name":"大同村","countyCode":"10008","countyName":"南投縣","townCode":"10008130","townName":"仁愛鄉","level":"village","unassigned":false,"note":"","label":[121.15655241008326,24.070240055355136],"bounds":[121.099219,23.979403,121.298296,24.187446],"focusBounds":[121.099219,23.979403,121.298296,24.187446],"color":"#a49ad4"}},{"type":"Feature","id":"10008130010","geometry":{"type":"Polygon","coordinates":[[[121.116261,24.046035],[121.111226,24.048596],[121.1085,24.049578],[121.10435,24.049797],[121.102571,24.049038],[121.099842,24.047514],[121.098538,24.047406],[121.094271,24.050023],[121.092966,24.049805],[121.091187,24.048499],[121.08834,24.047848],[121.086562,24.048285],[121.083956,24.051661],[121.080163,24.054604],[121.077199,24.05515],[121.075302,24.055259],[121.073285,24.05428],[121.070558,24.054282],[121.067238,24.05461],[121.066053,24.056354],[121.064986,24.056898],[121.064156,24.057659],[121.063564,24.05951],[121.062141,24.059075],[121.058938,24.057225],[121.058345,24.056246],[121.057751,24.054723],[121.056446,24.053524],[121.055378,24.051674],[121.05514,24.050258],[121.054073,24.049931],[121.053006,24.049388],[121.052057,24.050043],[121.05099,24.049824],[121.050278,24.048736],[121.049803,24.046341],[121.049328,24.04536],[121.047549,24.043509],[121.047193,24.042094],[121.047073,24.039371],[121.045887,24.037956],[121.047426,24.03262],[121.048256,24.03175],[121.050507,24.027501],[121.051098,24.023582],[121.051096,24.020424],[121.053584,24.016066],[121.054413,24.013452],[121.052117,24.001177],[121.052978,24.002985],[121.054132,24.003443],[121.055555,24.004587],[121.056559,24.004816],[121.05736,24.003895],[121.058132,24.002111],[121.058685,24.001436],[121.058374,24.000732],[121.057781,24.00004],[121.057603,23.999223],[121.057765,23.997482],[121.058363,23.996075],[121.058755,23.995664],[121.059458,23.995337],[121.061385,23.994908],[121.062394,23.993691],[121.064484,23.992625],[121.065543,23.99182],[121.065908,23.991376],[121.066414,23.990196],[121.067181,23.989215],[121.067892,23.98589],[121.068266,23.98532],[121.068505,23.984543],[121.06939,23.983746],[121.069445,23.983209],[121.067992,23.982095],[121.067159,23.981101],[121.066684,23.980095],[121.066492,23.97893],[121.06609,23.978327],[121.064579,23.976705],[121.063904,23.976328],[121.063137,23.975651],[121.066163,23.975553],[121.070295,23.975772],[121.07224,23.976591],[121.075319,23.977259],[121.07621,23.977632],[121.079048,23.980757],[121.082856,23.980829],[121.08472,23.981499],[121.091123,23.985662],[121.099219,23.989795],[121.099562,23.992185],[121.100958,23.99674],[121.102613,23.999057],[121.102919,24.001454],[121.103268,24.002055],[121.104269,24.002774],[121.105922,24.003531],[121.110406,24.006206],[121.110885,24.006885],[121.11119,24.007803],[121.110717,24.013799],[121.111109,24.014718],[121.111197,24.015478],[121.11059,24.018075],[121.109418,24.021473],[121.108699,24.022584],[121.108112,24.023043],[121.108389,24.023828],[121.107466,24.024287],[121.107377,24.024599],[121.107728,24.025063],[121.107863,24.025571],[121.108131,24.025867],[121.108591,24.026063],[121.108784,24.028573],[121.109304,24.02911],[121.110672,24.029574],[121.111322,24.030567],[121.111322,24.030865],[121.110503,24.031773],[121.1104,24.032346],[121.111092,24.035014],[121.112322,24.03748],[121.113454,24.039012],[121.114055,24.040646],[121.115083,24.04209],[121.115965,24.044125],[121.115984,24.044455],[121.115705,24.045076],[121.116261,24.046035]]]},"properties":{"code":"10008130010","name":"南豐村","countyCode":"10008","countyName":"南投縣","townCode":"10008130","townName":"仁愛鄉","level":"village","unassigned":false,"note":"","label":[121.07999577825606,24.02172613522462],"bounds":[121.045887,23.975553,121.116261,24.05951],"focusBounds":[121.045887,23.975553,121.116261,24.05951],"color":"#a8bf62"}},{"type":"Feature","id":"10008130011","geometry":{"type":"Polygon","coordinates":[[[121.162112,24.04072],[121.160475,24.040999],[121.15793,24.041697],[121.158219,24.04006],[121.15821,24.038087],[121.156923,24.037601],[121.156661,24.037341],[121.15608,24.03729],[121.155953,24.036983],[121.155498,24.036927],[121.15532,24.036124],[121.154834,24.035406],[121.15443,24.033538],[121.153337,24.032713],[121.152692,24.032964],[121.151374,24.034274],[121.149825,24.034179],[121.149117,24.034645],[121.149018,24.03511],[121.148379,24.036004],[121.147886,24.036325],[121.147291,24.036475],[121.146529,24.037169],[121.146239,24.037158],[121.145331,24.036718],[121.145063,24.036771],[121.144954,24.037468],[121.14534,24.038211],[121.145296,24.039204],[121.145439,24.039387],[121.145021,24.039525],[121.14502,24.039105],[121.144632,24.038004],[121.144302,24.037523],[121.144177,24.036345],[121.143729,24.035707],[121.142269,24.034676],[121.141838,24.033819],[121.141924,24.032724],[121.142159,24.032132],[121.142631,24.031541],[121.142742,24.031037],[121.143677,24.03],[121.145567,24.02933],[121.14528,24.029019],[121.143951,24.028914],[121.143271,24.028675],[121.143578,24.027894],[121.144135,24.027234],[121.144752,24.026026],[121.144253,24.025939],[121.143284,24.026192],[121.143257,24.027258],[121.143034,24.027398],[121.142737,24.027367],[121.142304,24.026667],[121.141595,24.026187],[121.140716,24.026301],[121.140493,24.026685],[121.139878,24.027028],[121.139511,24.02697],[121.138761,24.026495],[121.137398,24.026746],[121.135948,24.026337],[121.135671,24.026157],[121.135684,24.025992],[121.136331,24.025587],[121.137064,24.025462],[121.137333,24.025564],[121.137647,24.025952],[121.138288,24.025827],[121.13835,24.025707],[121.137664,24.025814],[121.137479,24.025399],[121.137217,24.025261],[121.134743,24.024665],[121.134768,24.02448],[121.135057,24.024381],[121.139164,24.024551],[121.139871,24.024376],[121.140305,24.023976],[121.140744,24.019326],[121.140572,24.017488],[121.139889,24.015769],[121.137714,24.012446],[121.136218,24.007246],[121.135629,23.99744],[121.135775,23.991819],[121.13815,23.991833],[121.138932,23.991573],[121.140154,23.991504],[121.14357,23.990747],[121.145222,23.990628],[121.147345,23.990734],[121.147833,23.9906],[121.148044,23.990178],[121.148257,23.990076],[121.150908,23.989857],[121.152571,23.989356],[121.157469,23.988509],[121.158523,23.988763],[121.159437,23.98925],[121.161227,23.989002],[121.174138,23.9926],[121.175207,23.992287],[121.179082,23.992953],[121.183791,23.993092],[121.184263,23.993525],[121.186156,24.000371],[121.187257,24.002171],[121.18679,24.004336],[121.182798,24.012127],[121.179116,24.016962],[121.176218,24.021724],[121.176063,24.023236],[121.177321,24.024318],[121.177699,24.025054],[121.177724,24.025453],[121.177543,24.02562],[121.176315,24.025109],[121.175591,24.025232],[121.175047,24.025881],[121.17411,24.027636],[121.174194,24.027864],[121.174952,24.027908],[121.175164,24.028129],[121.175145,24.028474],[121.173849,24.030148],[121.174016,24.030548],[121.174903,24.031249],[121.175249,24.032059],[121.175139,24.033045],[121.174564,24.034136],[121.174206,24.034552],[121.173282,24.035045],[121.171441,24.035539],[121.169924,24.036196],[121.169258,24.037158],[121.169259,24.03742],[121.16956,24.037813],[121.169369,24.038124],[121.166713,24.039242],[121.164865,24.040251],[121.162112,24.04072]]]},"properties":{"code":"10008130011","name":"春陽村","countyCode":"10008","countyName":"南投縣","townCode":"10008130","townName":"仁愛鄉","level":"village","unassigned":false,"note":"","label":[121.15921503455306,24.01076371025487],"bounds":[121.134743,23.988509,121.187257,24.041697],"focusBounds":[121.134743,23.988509,121.187257,24.041697],"color":"#68bec9"}},{"type":"Feature","id":"10008130012","geometry":{"type":"Polygon","coordinates":[[[121.276668,24.02469],[121.276225,24.024802],[121.27489,24.024635],[121.273851,24.024823],[121.271535,24.025606],[121.270178,24.025728],[121.269425,24.026086],[121.268061,24.02644],[121.266915,24.026228],[121.26628,24.026403],[121.265331,24.026371],[121.264033,24.025762],[121.262671,24.025712],[121.261458,24.025932],[121.25946,24.025917],[121.258848,24.025781],[121.258146,24.02587],[121.257564,24.026529],[121.256594,24.026265],[121.25564,24.026477],[121.254991,24.026933],[121.252978,24.026868],[121.252763,24.025702],[121.252478,24.025392],[121.252248,24.025483],[121.251898,24.026235],[121.251687,24.026357],[121.250308,24.026443],[121.249379,24.025776],[121.248723,24.025707],[121.248034,24.025902],[121.246803,24.026661],[121.245734,24.02709],[121.245041,24.027856],[121.24469,24.028032],[121.243023,24.02784],[121.241285,24.02793],[121.241218,24.027822],[121.241622,24.027127],[121.241535,24.026867],[121.240823,24.026934],[121.239962,24.026772],[121.239289,24.027307],[121.238881,24.027866],[121.236489,24.02845],[121.235429,24.029462],[121.234127,24.029457],[121.233579,24.029669],[121.233144,24.029965],[121.232373,24.030951],[121.231748,24.030499],[121.230211,24.03033],[121.229987,24.030618],[121.229704,24.031568],[121.228735,24.033124],[121.228415,24.035303],[121.228747,24.036118],[121.227759,24.038359],[121.227459,24.038633],[121.227323,24.040343],[121.226536,24.041647],[121.225923,24.043538],[121.225837,24.044286],[121.225335,24.04488],[121.225234,24.045328],[121.225373,24.046327],[121.224653,24.047171],[121.224433,24.047705],[121.224461,24.049322],[121.224779,24.050146],[121.224852,24.051184],[121.225203,24.052485],[121.225291,24.054296],[121.225627,24.05492],[121.226475,24.055656],[121.226896,24.056306],[121.225678,24.057296],[121.224391,24.057104],[121.222496,24.057389],[121.221487,24.057248],[121.220929,24.057003],[121.220178,24.057126],[121.219244,24.057019],[121.2186,24.057146],[121.217609,24.057694],[121.216988,24.057665],[121.216031,24.056525],[121.215222,24.056045],[121.214297,24.054997],[121.211752,24.05416],[121.21085,24.0531],[121.209906,24.052885],[121.20907,24.052253],[121.20799,24.051848],[121.207357,24.05102],[121.206364,24.050879],[121.205805,24.049356],[121.205207,24.048498],[121.204861,24.048109],[121.203816,24.047582],[121.202117,24.045373],[121.200068,24.045453],[121.199105,24.045841],[121.19812,24.046954],[121.197367,24.047028],[121.197172,24.047828],[121.196707,24.048302],[121.19602,24.04871],[121.195411,24.048806],[121.193976,24.049881],[121.193679,24.049958],[121.192673,24.049289],[121.191172,24.049311],[121.190786,24.049534],[121.190496,24.049496],[121.189631,24.050414],[121.188187,24.04922],[121.187837,24.047939],[121.187307,24.047628],[121.186352,24.047677],[121.184919,24.046976],[121.184164,24.047051],[121.183891,24.046705],[121.18293,24.046673],[121.181752,24.04759],[121.181082,24.047762],[121.179608,24.047709],[121.179503,24.047821],[121.179598,24.047937],[121.179016,24.048139],[121.178556,24.048506],[121.177793,24.048644],[121.177272,24.049199],[121.177081,24.049926],[121.17657,24.04998],[121.175925,24.050317],[121.174789,24.050601],[121.175073,24.050573],[121.174384,24.050824],[121.174234,24.051184],[121.174317,24.050788],[121.174085,24.050861],[121.17329,24.05146],[121.171028,24.052267],[121.16984,24.053],[121.168971,24.052979],[121.16841,24.05274],[121.167608,24.053168],[121.166998,24.053756],[121.166422,24.054811],[121.166153,24.055683],[121.166155,24.056299],[121.165783,24.056437],[121.164709,24.057345],[121.163212,24.056993],[121.162396,24.055302],[121.162077,24.054449],[121.162106,24.053839],[121.162957,24.052159],[121.162998,24.051809],[121.162713,24.051577],[121.162018,24.05145],[121.161222,24.048835],[121.161086,24.047705],[121.160162,24.046541],[121.159412,24.0461],[121.159276,24.045023],[121.159448,24.04377],[121.160542,24.042939],[121.161925,24.042161],[121.162112,24.04072],[121.164865,24.040251],[121.166713,24.039242],[121.169369,24.038124],[121.16956,24.037813],[121.169259,24.03742],[121.169258,24.037158],[121.169924,24.036196],[121.171441,24.035539],[121.173282,24.035045],[121.174206,24.034552],[121.174564,24.034136],[121.175139,24.033045],[121.175249,24.032059],[121.174903,24.031249],[121.174016,24.030548],[121.173849,24.030148],[121.175145,24.028474],[121.175164,24.028129],[121.174952,24.027908],[121.174194,24.027864],[121.17411,24.027636],[121.175047,24.025881],[121.175591,24.025232],[121.176315,24.025109],[121.177543,24.02562],[121.177724,24.025453],[121.177699,24.025054],[121.177321,24.024318],[121.176063,24.023236],[121.176218,24.021724],[121.179116,24.016962],[121.182798,24.012127],[121.18679,24.004336],[121.187257,24.002171],[121.191702,24.00338],[121.194159,24.003874],[121.19445,24.004038],[121.194642,24.004453],[121.195499,24.004328],[121.196373,24.004663],[121.196761,24.004983],[121.197442,24.003887],[121.198058,24.003293],[121.201326,24.003095],[121.202271,24.002224],[121.203237,24.00158],[121.203372,24.001324],[121.203295,24.000767],[121.201971,23.999694],[121.201495,23.999097],[121.201585,23.998582],[121.202101,23.998204],[121.202425,23.997709],[121.203036,23.997481],[121.203919,23.996877],[121.204805,23.996742],[121.205489,23.996346],[121.206704,23.996151],[121.207513,23.995603],[121.20805,23.995591],[121.210625,23.994186],[121.211404,23.993612],[121.212476,23.993725],[121.216595,23.993074],[121.217394,23.992341],[121.21706,23.991606],[121.217027,23.990852],[121.217744,23.99023],[121.218262,23.989331],[121.218471,23.989283],[121.219355,23.989634],[121.220248,23.988917],[121.221364,23.988611],[121.222524,23.987763],[121.224563,23.987534],[121.225997,23.986338],[121.226475,23.986385],[121.226866,23.986777],[121.227417,23.986875],[121.22874,23.986244],[121.229617,23.986543],[121.231603,23.986215],[121.232465,23.98566],[121.233434,23.985444],[121.234242,23.985059],[121.23554,23.985256],[121.236114,23.984889],[121.236222,23.984004],[121.236685,23.983493],[121.237751,23.9833],[121.237625,23.982713],[121.237968,23.982428],[121.238558,23.982371],[121.239336,23.982593],[121.240777,23.98258],[121.242031,23.982268],[121.242715,23.98238],[121.243399,23.982804],[121.24375,23.982751],[121.244316,23.98245],[121.245134,23.980546],[121.245727,23.980249],[121.246495,23.979577],[121.247981,23.979022],[121.24946,23.979099],[121.250158,23.980134],[121.251462,23.979955],[121.25302,23.97937],[121.254155,23.97945],[121.255988,23.978634],[121.256649,23.978525],[121.257906,23.978486],[121.26309,23.978911],[121.261607,23.981244],[121.261366,23.982051],[121.261271,23.983106],[121.261387,23.984848],[121.261141,23.987229],[121.26086,23.988428],[121.260334,23.98925],[121.259951,23.990237],[121.260112,23.992324],[121.261634,23.99501],[121.264176,23.998101],[121.26504,23.999532],[121.265575,24.001248],[121.267094,24.002606],[121.267993,24.003775],[121.268245,24.004602],[121.269421,24.006345],[121.270051,24.006711],[121.269565,24.008012],[121.270257,24.00912],[121.270314,24.010015],[121.271379,24.011382],[121.271787,24.013118],[121.272589,24.013706],[121.272809,24.014135],[121.273791,24.015169],[121.273754,24.01566],[121.273959,24.016278],[121.276316,24.020152],[121.276379,24.022904],[121.276668,24.02469]]]},"properties":{"code":"10008130012","name":"精英村","countyCode":"10008","countyName":"南投縣","townCode":"10008130","townName":"仁愛鄉","level":"village","unassigned":false,"note":"","label":[121.2191804923311,24.012690278722253],"bounds":[121.159276,23.978486,121.276668,24.057694],"focusBounds":[121.159276,23.978486,121.276668,24.057694],"color":"#df9f6a"}},{"type":"Feature","id":"10008130013","geometry":{"type":"Polygon","coordinates":[[[121.112807,23.872141],[121.111832,23.873221],[121.110554,23.873992],[121.106867,23.875215],[121.106474,23.875803],[121.106918,23.878516],[121.10746,23.879375],[121.107854,23.879375],[121.108227,23.879115],[121.109043,23.879399],[121.109396,23.87923],[121.108181,23.878939],[121.108178,23.878765],[121.109359,23.878839],[121.110456,23.878278],[121.111013,23.878183],[121.113071,23.878376],[121.113196,23.878525],[121.113305,23.87973],[121.113944,23.881093],[121.114785,23.881989],[121.115607,23.882056],[121.115794,23.882277],[121.115545,23.883386],[121.11566,23.883656],[121.116046,23.883986],[121.118532,23.884925],[121.118991,23.885457],[121.117846,23.886673],[121.117945,23.88821],[121.11733,23.889303],[121.116459,23.890015],[121.114437,23.890743],[121.114204,23.89101],[121.113969,23.891777],[121.113637,23.891999],[121.113855,23.894238],[121.11403,23.894658],[121.114944,23.895109],[121.11593,23.896453],[121.116792,23.896611],[121.117234,23.896861],[121.117689,23.897384],[121.117849,23.89812],[121.117483,23.898757],[121.116775,23.899498],[121.116133,23.899722],[121.115438,23.899585],[121.115027,23.900368],[121.115028,23.901511],[121.115518,23.902722],[121.114811,23.902788],[121.11366,23.9036],[121.113267,23.904088],[121.112959,23.905077],[121.112409,23.906041],[121.112357,23.906533],[121.112721,23.907962],[121.113778,23.909139],[121.114125,23.910004],[121.113826,23.910243],[121.11297,23.910418],[121.112003,23.911576],[121.111346,23.911924],[121.110849,23.912503],[121.110108,23.912925],[121.109905,23.915084],[121.11008,23.916262],[121.109949,23.916589],[121.109467,23.916863],[121.109781,23.916876],[121.110519,23.91646],[121.110615,23.915347],[121.110754,23.915209],[121.110826,23.915981],[121.111171,23.916442],[121.110877,23.917534],[121.11107,23.917593],[121.111603,23.91678],[121.111794,23.916019],[121.111755,23.915254],[121.11201,23.916028],[121.111894,23.917899],[121.111092,23.91837],[121.110619,23.918383],[121.110122,23.918174],[121.109566,23.918459],[121.108286,23.917812],[121.106782,23.917312],[121.106283,23.917465],[121.106125,23.917134],[121.104954,23.916739],[121.104918,23.91701],[121.104089,23.917528],[121.103786,23.918144],[121.103116,23.918009],[121.102421,23.918436],[121.103751,23.918853],[121.103703,23.919311],[121.10342,23.919693],[121.103849,23.920079],[121.105238,23.920405],[121.104417,23.920916],[121.104297,23.921137],[121.104339,23.92141],[121.104926,23.922031],[121.103619,23.922844],[121.103484,23.923641],[121.102475,23.925414],[121.102488,23.925793],[121.103272,23.926344],[121.103542,23.927059],[121.1028,23.927552],[121.102164,23.927572],[121.101764,23.927148],[121.101574,23.92713],[121.101329,23.927625],[121.099489,23.927502],[121.098777,23.927654],[121.097969,23.928101],[121.095686,23.928204],[121.094668,23.92874],[121.094706,23.928543],[121.094542,23.928455],[121.093941,23.929176],[121.093548,23.9306],[121.093682,23.938316],[121.092792,23.939432],[121.092469,23.940475],[121.094176,23.94963],[121.094017,23.952682],[121.093127,23.954545],[121.092398,23.95529],[121.090374,23.956183],[121.083166,23.958571],[121.07855,23.960732],[121.073045,23.967285],[121.070858,23.969072],[121.068753,23.969967],[121.061699,23.972392],[121.061325,23.971825],[121.061042,23.971674],[121.059152,23.971473],[121.058595,23.970174],[121.057527,23.969042],[121.057203,23.968869],[121.056051,23.969082],[121.053924,23.969742],[121.05337,23.969703],[121.053759,23.968947],[121.053804,23.967998],[121.05429,23.966817],[121.056246,23.964812],[121.056478,23.964355],[121.056457,23.96407],[121.056229,23.963677],[121.055388,23.963222],[121.055008,23.962669],[121.05482,23.961983],[121.053958,23.961211],[121.053615,23.959845],[121.052053,23.957352],[121.050926,23.956028],[121.049279,23.955053],[121.048785,23.954455],[121.048637,23.953679],[121.049606,23.951209],[121.04957,23.950112],[121.049147,23.949388],[121.047448,23.948203],[121.047119,23.947631],[121.046452,23.946262],[121.046154,23.943681],[121.045673,23.94324],[121.044341,23.942974],[121.044011,23.943084],[121.043558,23.943599],[121.043165,23.943722],[121.042205,23.943771],[121.041066,23.943476],[121.039684,23.943593],[121.038741,23.943885],[121.036859,23.944965],[121.03436,23.945227],[121.032681,23.944995],[121.030935,23.94406],[121.030384,23.947353],[121.029164,23.949882],[121.02887,23.951986],[121.027939,23.953871],[121.027723,23.955367],[121.026257,23.957214],[121.025058,23.95732],[121.024525,23.957549],[121.023877,23.958718],[121.023197,23.959233],[121.021506,23.961223],[121.020452,23.96217],[121.019819,23.96321],[121.018948,23.965435],[121.018182,23.965698],[121.01766,23.96625],[121.017499,23.967284],[121.017211,23.968023],[121.016317,23.968379],[121.015039,23.968322],[121.011367,23.967626],[121.009849,23.966261],[121.007916,23.965545],[121.008053,23.964148],[121.0069,23.963843],[121.006542,23.96399],[121.006357,23.964756],[121.005905,23.964811],[121.005815,23.965475],[121.006342,23.965971],[121.006415,23.966186],[121.006282,23.966305],[121.005833,23.96642],[121.00494,23.966299],[121.003671,23.966618],[121.003293,23.967025],[121.002532,23.966982],[121.002129,23.966808],[121.001687,23.966009],[121.001813,23.96518],[121.001552,23.964395],[121.001951,23.963889],[121.002527,23.963566],[121.00235,23.963142],[121.001845,23.962892],[121.002516,23.961386],[121.003176,23.960667],[121.004064,23.960627],[121.004681,23.960079],[121.005392,23.960032],[121.00549,23.959894],[121.00538,23.959543],[121.004209,23.958769],[121.003424,23.959038],[121.002756,23.959074],[121.001876,23.958748],[121.001643,23.958244],[121.001715,23.957432],[121.002599,23.957062],[121.002302,23.956572],[121.001667,23.95651],[121.001359,23.955796],[121.001481,23.955283],[121.001852,23.954816],[121.00175,23.954519],[121.001932,23.954046],[121.00247,23.953533],[121.003314,23.953142],[121.004123,23.952388],[121.00451,23.951129],[121.004506,23.95038],[121.004293,23.949648],[121.004359,23.94916],[121.004585,23.948497],[121.005249,23.947439],[121.006117,23.947092],[121.00737,23.946858],[121.008175,23.946415],[121.013095,23.946849],[121.013952,23.946137],[121.014871,23.946398],[121.01783,23.94601],[121.020367,23.946138],[121.024595,23.945749],[121.028258,23.944712],[121.030513,23.943288],[121.032204,23.943028],[121.03474,23.941991],[121.036149,23.940826],[121.039107,23.9372],[121.042347,23.932664],[121.043755,23.93137],[121.047841,23.928777],[121.05386,23.926387],[121.054743,23.925278],[121.055869,23.922688],[121.056431,23.918413],[121.056007,23.916081],[121.056148,23.914268],[121.05671,23.912455],[121.060933,23.904424],[121.063185,23.900796],[121.067688,23.891599],[121.071911,23.886286],[121.072717,23.884524],[121.0745,23.883731],[121.075344,23.884074],[121.076761,23.885062],[121.078171,23.885217],[121.081671,23.883962],[121.083354,23.88295],[121.08463,23.883455],[121.086648,23.882847],[121.087723,23.88316],[121.088295,23.881695],[121.088137,23.880207],[121.088403,23.879074],[121.08798,23.878686],[121.086919,23.878366],[121.086377,23.877799],[121.086414,23.877337],[121.088133,23.875112],[121.088912,23.874518],[121.090075,23.874113],[121.090632,23.873481],[121.091344,23.873227],[121.091839,23.871672],[121.091676,23.871324],[121.090637,23.870663],[121.08977,23.870684],[121.088858,23.870287],[121.088706,23.869956],[121.089192,23.86933],[121.09227,23.86741],[121.092803,23.86729],[121.095015,23.8673],[121.095843,23.866875],[121.096247,23.866836],[121.098524,23.867356],[121.099173,23.867827],[121.09947,23.868441],[121.099938,23.868687],[121.101023,23.868761],[121.101892,23.869103],[121.102388,23.869128],[121.103756,23.86796],[121.10458,23.866673],[121.105124,23.866652],[121.106124,23.86745],[121.106906,23.867651],[121.107776,23.86821],[121.109733,23.869726],[121.110624,23.869806],[121.111798,23.870465],[121.112102,23.870803],[121.112385,23.870864],[121.112559,23.871263],[121.112972,23.871522],[121.112807,23.872141]]]},"properties":{"code":"10008130013","name":"萬豐村","countyCode":"10008","countyName":"南投縣","townCode":"10008130","townName":"仁愛鄉","level":"village","unassigned":false,"note":"","label":[121.07472659211872,23.92473146584421],"bounds":[121.001359,23.866652,121.118991,23.972392],"focusBounds":[121.001359,23.866652,121.118991,23.972392],"color":"#98b69b"}},{"type":"Feature","id":"10008130014","geometry":{"type":"Polygon","coordinates":[[[121.311105,24.234962],[121.308567,24.234904],[121.307411,24.234473],[121.306201,24.233771],[121.303894,24.233682],[121.303673,24.23376],[121.303165,24.234419],[121.302519,24.236327],[121.302,24.236572],[121.301074,24.236686],[121.298749,24.235614],[121.298028,24.233995],[121.298138,24.23378],[121.298784,24.233445],[121.298777,24.233202],[121.298342,24.233013],[121.296706,24.232973],[121.295458,24.232498],[121.294988,24.232008],[121.294877,24.23117],[121.294103,24.229684],[121.293135,24.229164],[121.291022,24.230153],[121.290386,24.230099],[121.290064,24.229703],[121.289458,24.230114],[121.288885,24.230161],[121.287847,24.229734],[121.286979,24.229634],[121.285889,24.229093],[121.285305,24.229507],[121.284277,24.229547],[121.283986,24.229857],[121.283679,24.230651],[121.282835,24.231038],[121.280827,24.230608],[121.280258,24.229821],[121.280035,24.229766],[121.279049,24.231076],[121.277637,24.231967],[121.277126,24.234934],[121.27686,24.235469],[121.27662,24.235581],[121.275151,24.235482],[121.274082,24.235602],[121.273493,24.236447],[121.27255,24.236091],[121.271916,24.236527],[121.270725,24.236635],[121.269948,24.237383],[121.268919,24.237916],[121.2685,24.239949],[121.268157,24.240155],[121.266604,24.240554],[121.266048,24.240939],[121.265905,24.241329],[121.266396,24.242387],[121.265826,24.243698],[121.265734,24.244743],[121.265419,24.245668],[121.264986,24.245865],[121.264228,24.245859],[121.261495,24.245707],[121.260458,24.245492],[121.261949,24.244833],[121.262544,24.244283],[121.262817,24.243788],[121.260324,24.24372],[121.259043,24.243032],[121.258846,24.242804],[121.258844,24.242508],[121.259293,24.242289],[121.260688,24.242196],[121.262529,24.240744],[121.26378,24.240802],[121.26475,24.240101],[121.264849,24.23978],[121.264553,24.239356],[121.261979,24.238559],[121.261607,24.23863],[121.259877,24.23987],[121.259647,24.239823],[121.258903,24.238303],[121.257919,24.237309],[121.257975,24.236939],[121.258465,24.236329],[121.258514,24.236033],[121.25766,24.235481],[121.257866,24.235219],[121.259326,24.23497],[121.259531,24.234668],[121.258597,24.233875],[121.25798,24.233467],[121.256805,24.233009],[121.256532,24.232668],[121.257331,24.230954],[121.257291,24.230085],[121.256867,24.228772],[121.257086,24.228539],[121.258022,24.228679],[121.258545,24.22794],[121.259709,24.227661],[121.260103,24.226861],[121.260483,24.225501],[121.261423,24.225168],[121.263016,24.224235],[121.263818,24.224028],[121.265042,24.223992],[121.265466,24.223773],[121.265606,24.223508],[121.265624,24.223237],[121.265031,24.222137],[121.265628,24.221935],[121.265949,24.221652],[121.266268,24.220697],[121.266392,24.219581],[121.265648,24.218872],[121.265816,24.218424],[121.266254,24.218094],[121.266562,24.21727],[121.266565,24.216692],[121.266087,24.215611],[121.266603,24.214721],[121.26624,24.213871],[121.266739,24.213123],[121.266543,24.212762],[121.266106,24.212634],[121.264717,24.213072],[121.264256,24.213071],[121.263944,24.212821],[121.263665,24.212155],[121.263744,24.211835],[121.264812,24.210982],[121.265039,24.210144],[121.265808,24.209772],[121.266576,24.209053],[121.267437,24.208979],[121.268881,24.208539],[121.269343,24.207048],[121.268767,24.205049],[121.268599,24.203454],[121.268697,24.202266],[121.268129,24.201238],[121.267588,24.199595],[121.267484,24.198171],[121.267746,24.197295],[121.26884,24.196544],[121.269475,24.195504],[121.269365,24.19406],[121.268868,24.191659],[121.269646,24.190468],[121.269494,24.189904],[121.269694,24.188946],[121.269183,24.187654],[121.269,24.18539],[121.269106,24.183889],[121.270099,24.182246],[121.270287,24.18139],[121.269835,24.180312],[121.27031,24.178417],[121.271817,24.179268],[121.27304,24.18034],[121.274854,24.183337],[121.276272,24.184544],[121.279793,24.186822],[121.281553,24.187446],[121.283408,24.187398],[121.285555,24.186721],[121.289312,24.185057],[121.29497,24.182315],[121.298296,24.179678],[121.298788,24.180092],[121.30026,24.17993],[121.301508,24.180058],[121.305648,24.180047],[121.306828,24.180251],[121.307621,24.180606],[121.31103,24.183249],[121.314423,24.184719],[121.315787,24.185172],[121.316119,24.185528],[121.316442,24.186563],[121.316786,24.186949],[121.317367,24.188109],[121.318645,24.18925],[121.319764,24.190773],[121.319916,24.191236],[121.320301,24.191437],[121.322098,24.191516],[121.322711,24.19171],[121.323105,24.192101],[121.323401,24.193085],[121.324178,24.194675],[121.32524,24.195913],[121.32562,24.196125],[121.328248,24.196465],[121.32911,24.196767],[121.330698,24.197763],[121.331821,24.19785],[121.333945,24.198307],[121.335811,24.19911],[121.338252,24.199244],[121.340269,24.198505],[121.34086,24.19846],[121.343756,24.199144],[121.345086,24.199953],[121.347102,24.199977],[121.348765,24.199512],[121.349438,24.199775],[121.349677,24.200235],[121.349701,24.200769],[121.34931,24.203726],[121.348333,24.20719],[121.349321,24.209305],[121.349378,24.210438],[121.347866,24.21258],[121.347491,24.213637],[121.346573,24.21541],[121.34627,24.216586],[121.343326,24.222134],[121.34302,24.223554],[121.342428,24.223865],[121.339751,24.226318],[121.336925,24.227762],[121.335686,24.228589],[121.333171,24.229826],[121.331679,24.229875],[121.330226,24.231155],[121.326827,24.232418],[121.324444,24.233007],[121.322074,24.232061],[121.319653,24.231869],[121.318409,24.232549],[121.316258,24.234474],[121.314095,24.234997],[121.312124,24.235079],[121.311105,24.234962]]]},"properties":{"code":"10008130014","name":"榮興村","countyCode":"10008","countyName":"南投縣","townCode":"10008130","townName":"仁愛鄉","level":"village","unassigned":false,"note":"","label":[121.30082253600321,24.206161232206682],"bounds":[121.256532,24.178417,121.349701,24.245865],"focusBounds":[121.256532,24.178417,121.349701,24.245865],"color":"#98b69b"}},{"type":"Feature","id":"10008130015","geometry":{"type":"Polygon","coordinates":[[[121.269835,24.180312],[121.270287,24.18139],[121.270099,24.182246],[121.269106,24.183889],[121.269,24.18539],[121.269183,24.187654],[121.269694,24.188946],[121.269494,24.189904],[121.269646,24.190468],[121.268868,24.191659],[121.269365,24.19406],[121.269475,24.195504],[121.26884,24.196544],[121.267746,24.197295],[121.267484,24.198171],[121.267588,24.199595],[121.268129,24.201238],[121.268697,24.202266],[121.268599,24.203454],[121.268767,24.205049],[121.269343,24.207048],[121.268881,24.208539],[121.267437,24.208979],[121.266576,24.209053],[121.265808,24.209772],[121.265039,24.210144],[121.264812,24.210982],[121.263744,24.211835],[121.263665,24.212155],[121.263944,24.212821],[121.264256,24.213071],[121.264717,24.213072],[121.266106,24.212634],[121.266543,24.212762],[121.266739,24.213123],[121.26624,24.213871],[121.266603,24.214721],[121.266087,24.215611],[121.266565,24.216692],[121.266562,24.21727],[121.266254,24.218094],[121.265816,24.218424],[121.265648,24.218872],[121.266392,24.219581],[121.266268,24.220697],[121.265949,24.221652],[121.265628,24.221935],[121.265031,24.222137],[121.265624,24.223237],[121.265606,24.223508],[121.265466,24.223773],[121.265042,24.223992],[121.263818,24.224028],[121.263016,24.224235],[121.261423,24.225168],[121.260483,24.225501],[121.260103,24.226861],[121.259709,24.227661],[121.258545,24.22794],[121.258022,24.228679],[121.257086,24.228539],[121.256867,24.228772],[121.257291,24.230085],[121.257331,24.230954],[121.256532,24.232668],[121.256805,24.233009],[121.25798,24.233467],[121.258597,24.233875],[121.259531,24.234668],[121.259326,24.23497],[121.257866,24.235219],[121.25766,24.235481],[121.258514,24.236033],[121.258465,24.236329],[121.257975,24.236939],[121.257919,24.237309],[121.258903,24.238303],[121.259647,24.239823],[121.259877,24.23987],[121.261607,24.23863],[121.261979,24.238559],[121.264553,24.239356],[121.264849,24.23978],[121.26475,24.240101],[121.26378,24.240802],[121.262529,24.240744],[121.260688,24.242196],[121.259293,24.242289],[121.258844,24.242508],[121.258846,24.242804],[121.259043,24.243032],[121.260324,24.24372],[121.262817,24.243788],[121.262544,24.244283],[121.261949,24.244833],[121.260458,24.245492],[121.258796,24.245117],[121.256423,24.24417],[121.254653,24.242838],[121.253195,24.241029],[121.250905,24.237361],[121.248737,24.232514],[121.248198,24.230788],[121.247132,24.22822],[121.246212,24.226499],[121.245004,24.225268],[121.244611,24.223504],[121.244165,24.222495],[121.242591,24.221979],[121.240741,24.221707],[121.239849,24.221046],[121.238707,24.220479],[121.237956,24.219708],[121.237646,24.21969],[121.237344,24.219856],[121.235901,24.221247],[121.233143,24.222221],[121.232509,24.222309],[121.231158,24.223239],[121.230413,24.223527],[121.23092,24.225154],[121.230771,24.226052],[121.229275,24.225885],[121.228344,24.225933],[121.22825,24.225675],[121.228686,24.224931],[121.228605,24.224717],[121.228342,24.224706],[121.227124,24.225632],[121.226109,24.22584],[121.22373,24.227013],[121.221645,24.227826],[121.220584,24.22885],[121.219712,24.22924],[121.219143,24.229074],[121.218271,24.228421],[121.216768,24.226145],[121.21581,24.225347],[121.215164,24.225017],[121.213697,24.224644],[121.212671,24.224216],[121.208364,24.221752],[121.206274,24.221721],[121.204671,24.222139],[121.203229,24.221864],[121.202577,24.220075],[121.202681,24.21812],[121.202,24.216696],[121.201238,24.21598],[121.201535,24.21479],[121.200717,24.213628],[121.199632,24.210318],[121.199605,24.209697],[121.200065,24.20867],[121.200045,24.20757],[121.200206,24.206967],[121.200627,24.206373],[121.200841,24.20552],[121.200847,24.204739],[121.200664,24.2041],[121.202248,24.203667],[121.202528,24.203466],[121.202682,24.203161],[121.202419,24.202538],[121.203419,24.201198],[121.203256,24.200641],[121.202628,24.19998],[121.202432,24.199567],[121.202857,24.198989],[121.202953,24.19816],[121.202809,24.19777],[121.200526,24.195479],[121.200277,24.19487],[121.199691,24.194239],[121.199222,24.192854],[121.199258,24.191244],[121.199546,24.189691],[121.198107,24.188117],[121.197487,24.187041],[121.196918,24.185358],[121.194436,24.18304],[121.194123,24.181912],[121.193429,24.180852],[121.192691,24.178625],[121.192121,24.177422],[121.191434,24.176746],[121.192295,24.176086],[121.193077,24.175927],[121.194158,24.176205],[121.196083,24.175752],[121.19752,24.17519],[121.197833,24.175372],[121.198314,24.176015],[121.198946,24.176208],[121.200152,24.175834],[121.203883,24.175328],[121.205669,24.174807],[121.206371,24.174955],[121.208983,24.176148],[121.213549,24.176049],[121.217432,24.176136],[121.219799,24.176011],[121.223314,24.175347],[121.224481,24.175376],[121.227865,24.175845],[121.228864,24.176196],[121.231777,24.175923],[121.232315,24.175922],[121.233148,24.176167],[121.234349,24.177177],[121.234888,24.177334],[121.235403,24.17776],[121.236332,24.179444],[121.237508,24.179402],[121.23804,24.179166],[121.23927,24.177903],[121.240401,24.177309],[121.240799,24.176891],[121.242342,24.17688],[121.242831,24.177297],[121.243409,24.177427],[121.244193,24.177841],[121.244587,24.178637],[121.245322,24.179563],[121.247455,24.18077],[121.250285,24.180908],[121.251696,24.181354],[121.253981,24.180852],[121.255401,24.180269],[121.25701,24.180449],[121.258862,24.179968],[121.260549,24.17973],[121.26308,24.179746],[121.264111,24.179347],[121.265298,24.179133],[121.267263,24.179434],[121.269835,24.180312]]]},"properties":{"code":"10008130015","name":"翠華村","countyCode":"10008","countyName":"南投縣","townCode":"10008130","townName":"仁愛鄉","level":"village","unassigned":false,"note":"","label":[121.22620600991806,24.20071803666431],"bounds":[121.191434,24.174807,121.270287,24.245492],"focusBounds":[121.191434,24.174807,121.270287,24.245492],"color":"#58b99d"}},{"type":"Feature","id":"10008130016","geometry":{"type":"Polygon","coordinates":[[[121.304507,24.068316],[121.30165,24.071295],[121.300003,24.072619],[121.297504,24.074091],[121.293407,24.07532],[121.291014,24.075604],[121.287192,24.074993],[121.283741,24.073756],[121.280786,24.073648],[121.268843,24.074347],[121.264534,24.074806],[121.262932,24.07447],[121.260468,24.073684],[121.25468,24.073353],[121.252341,24.073357],[121.248402,24.074268],[121.247049,24.074835],[121.244956,24.075066],[121.239905,24.07383],[121.236703,24.073835],[121.22464,24.075887],[121.21836,24.076122],[121.215896,24.075674],[121.213186,24.07466],[121.209491,24.074213],[121.203826,24.074108],[121.200257,24.074903],[121.196809,24.075248],[121.187894,24.078139],[121.187463,24.072921],[121.183981,24.069733],[121.183148,24.063516],[121.180211,24.057302],[121.180024,24.054109],[121.177277,24.052684],[121.170878,24.057649],[121.164709,24.057345],[121.165783,24.056437],[121.166155,24.056299],[121.166153,24.055683],[121.166422,24.054811],[121.166998,24.053756],[121.167608,24.053168],[121.16841,24.05274],[121.168971,24.052979],[121.16984,24.053],[121.171028,24.052267],[121.17329,24.05146],[121.174085,24.050861],[121.174317,24.050788],[121.174234,24.051184],[121.174384,24.050824],[121.175073,24.050573],[121.174789,24.050601],[121.175925,24.050317],[121.17657,24.04998],[121.177081,24.049926],[121.177272,24.049199],[121.177793,24.048644],[121.178556,24.048506],[121.179016,24.048139],[121.179598,24.047937],[121.179503,24.047821],[121.179608,24.047709],[121.181082,24.047762],[121.181752,24.04759],[121.18293,24.046673],[121.183891,24.046705],[121.184164,24.047051],[121.184919,24.046976],[121.186352,24.047677],[121.187307,24.047628],[121.187837,24.047939],[121.188187,24.04922],[121.189631,24.050414],[121.190496,24.049496],[121.190786,24.049534],[121.191172,24.049311],[121.192673,24.049289],[121.193679,24.049958],[121.193976,24.049881],[121.195411,24.048806],[121.19602,24.04871],[121.196707,24.048302],[121.197172,24.047828],[121.197367,24.047028],[121.19812,24.046954],[121.199105,24.045841],[121.200068,24.045453],[121.202117,24.045373],[121.203816,24.047582],[121.204861,24.048109],[121.205207,24.048498],[121.205805,24.049356],[121.206364,24.050879],[121.207357,24.05102],[121.20799,24.051848],[121.20907,24.052253],[121.209906,24.052885],[121.21085,24.0531],[121.211752,24.05416],[121.214297,24.054997],[121.215222,24.056045],[121.216031,24.056525],[121.216988,24.057665],[121.217609,24.057694],[121.2186,24.057146],[121.219244,24.057019],[121.220178,24.057126],[121.220929,24.057003],[121.221487,24.057248],[121.222496,24.057389],[121.224391,24.057104],[121.225678,24.057296],[121.226896,24.056306],[121.226475,24.055656],[121.225627,24.05492],[121.225291,24.054296],[121.225203,24.052485],[121.224852,24.051184],[121.224779,24.050146],[121.224461,24.049322],[121.224433,24.047705],[121.224653,24.047171],[121.225373,24.046327],[121.225234,24.045328],[121.225335,24.04488],[121.225837,24.044286],[121.225923,24.043538],[121.226536,24.041647],[121.227323,24.040343],[121.227459,24.038633],[121.227759,24.038359],[121.228747,24.036118],[121.228415,24.035303],[121.228735,24.033124],[121.229704,24.031568],[121.229987,24.030618],[121.230211,24.03033],[121.231748,24.030499],[121.232373,24.030951],[121.233144,24.029965],[121.233579,24.029669],[121.234127,24.029457],[121.235429,24.029462],[121.236489,24.02845],[121.238881,24.027866],[121.239289,24.027307],[121.239962,24.026772],[121.240823,24.026934],[121.241535,24.026867],[121.241622,24.027127],[121.241218,24.027822],[121.241285,24.02793],[121.243023,24.02784],[121.24469,24.028032],[121.245041,24.027856],[121.245734,24.02709],[121.246803,24.026661],[121.248034,24.025902],[121.248723,24.025707],[121.249379,24.025776],[121.250308,24.026443],[121.251687,24.026357],[121.251898,24.026235],[121.252248,24.025483],[121.252478,24.025392],[121.252763,24.025702],[121.252978,24.026868],[121.254991,24.026933],[121.25564,24.026477],[121.256594,24.026265],[121.257564,24.026529],[121.258146,24.02587],[121.258848,24.025781],[121.25946,24.025917],[121.261458,24.025932],[121.262671,24.025712],[121.264033,24.025762],[121.265331,24.026371],[121.26628,24.026403],[121.266915,24.026228],[121.268061,24.02644],[121.269425,24.026086],[121.270178,24.025728],[121.271535,24.025606],[121.273851,24.024823],[121.27489,24.024635],[121.276225,24.024802],[121.276668,24.02469],[121.278656,24.026821],[121.279216,24.027874],[121.280182,24.030601],[121.280572,24.03113],[121.281856,24.032146],[121.282434,24.034688],[121.283996,24.036866],[121.285728,24.039722],[121.285437,24.042177],[121.285627,24.044948],[121.285498,24.045524],[121.284915,24.046666],[121.284977,24.04857],[121.284594,24.049156],[121.283571,24.04996],[121.282612,24.051278],[121.282611,24.052031],[121.282977,24.052707],[121.283106,24.053839],[121.283338,24.054482],[121.283707,24.05495],[121.28482,24.055331],[121.285703,24.05642],[121.286473,24.057959],[121.288146,24.058903],[121.289079,24.058719],[121.289426,24.058891],[121.290519,24.060342],[121.292076,24.061204],[121.293548,24.061692],[121.295544,24.06378],[121.295839,24.063792],[121.296492,24.062949],[121.298347,24.061797],[121.298923,24.061638],[121.299274,24.061731],[121.299888,24.062174],[121.300835,24.0633],[121.301396,24.06504],[121.302123,24.0658],[121.302329,24.066349],[121.304507,24.068316]]]},"properties":{"code":"10008130016","name":"都達村","countyCode":"10008","countyName":"南投縣","townCode":"10008130","townName":"仁愛鄉","level":"village","unassigned":false,"note":"","label":[121.24848867453979,24.050053802853974],"bounds":[121.164709,24.024635,121.304507,24.078139],"focusBounds":[121.164709,24.024635,121.304507,24.078139],"color":"#efb44f"}},{"type":"Feature","id":"10008130017","geometry":{"type":"Polygon","coordinates":[[[121.282811,24.141745],[121.282225,24.141846],[121.281787,24.141668],[121.279958,24.139053],[121.279667,24.138042],[121.279223,24.137555],[121.279052,24.136806],[121.278708,24.136515],[121.277915,24.136553],[121.276616,24.137334],[121.275633,24.137356],[121.273778,24.138044],[121.273501,24.138044],[121.273206,24.137403],[121.272673,24.13698],[121.272473,24.135969],[121.271131,24.132296],[121.270673,24.129959],[121.270341,24.129086],[121.270436,24.126537],[121.270779,24.125717],[121.27071,24.124577],[121.270982,24.124037],[121.272068,24.122942],[121.272737,24.121765],[121.271588,24.122],[121.271212,24.121736],[121.268964,24.121453],[121.268795,24.121325],[121.268934,24.121167],[121.270871,24.121407],[121.271193,24.121328],[121.270952,24.121129],[121.270064,24.120993],[121.268818,24.120576],[121.267071,24.121414],[121.265353,24.121713],[121.264042,24.120561],[121.262899,24.12048],[121.262403,24.119709],[121.261361,24.120331],[121.260861,24.120413],[121.259506,24.119571],[121.257456,24.119148],[121.257184,24.118864],[121.256162,24.118667],[121.255677,24.118264],[121.254753,24.118098],[121.254,24.117438],[121.253998,24.117045],[121.253736,24.116992],[121.252667,24.117989],[121.250977,24.118493],[121.250397,24.118329],[121.249037,24.11862],[121.248535,24.118325],[121.248043,24.118391],[121.247558,24.11818],[121.247008,24.118436],[121.246234,24.117913],[121.245793,24.117919],[121.245233,24.118461],[121.245041,24.11899],[121.245161,24.119401],[121.245063,24.119595],[121.243839,24.120439],[121.243148,24.120573],[121.242941,24.120905],[121.242654,24.121046],[121.241302,24.120845],[121.23994,24.120122],[121.238926,24.118835],[121.237683,24.118667],[121.236965,24.117874],[121.236318,24.117624],[121.234254,24.117203],[121.233818,24.116447],[121.232601,24.116352],[121.232346,24.115725],[121.232117,24.115533],[121.231856,24.115568],[121.231609,24.115938],[121.23126,24.115986],[121.2295,24.115226],[121.228578,24.114365],[121.228408,24.113792],[121.227236,24.112701],[121.226324,24.112982],[121.225544,24.11236],[121.225338,24.112347],[121.224199,24.113678],[121.223488,24.114137],[121.222629,24.114096],[121.222042,24.114388],[121.221503,24.11438],[121.221464,24.114727],[121.220928,24.114764],[121.220492,24.115065],[121.219229,24.114261],[121.217931,24.114087],[121.217666,24.113674],[121.216476,24.113827],[121.215885,24.113672],[121.214668,24.112818],[121.214373,24.112288],[121.21376,24.111808],[121.213801,24.111449],[121.214289,24.111405],[121.214557,24.111687],[121.2146,24.112048],[121.214914,24.112255],[121.214957,24.111917],[121.214656,24.111267],[121.213749,24.110625],[121.212218,24.110133],[121.211948,24.109761],[121.211354,24.109752],[121.21116,24.108861],[121.210957,24.108629],[121.209785,24.108574],[121.208598,24.109298],[121.207579,24.109306],[121.205931,24.108796],[121.205114,24.108307],[121.204432,24.108353],[121.20154,24.107664],[121.200612,24.107708],[121.20037,24.107846],[121.200314,24.108446],[121.200604,24.109933],[121.200424,24.110119],[121.20001,24.11021],[121.199954,24.109343],[121.199585,24.108497],[121.19935,24.107377],[121.198445,24.105945],[121.197996,24.105454],[121.194811,24.103893],[121.194342,24.103393],[121.193923,24.102599],[121.193337,24.102096],[121.192455,24.102108],[121.191273,24.101588],[121.189882,24.101694],[121.189377,24.101514],[121.188709,24.100996],[121.1879,24.10148],[121.187476,24.101505],[121.186347,24.100635],[121.184598,24.100599],[121.183013,24.100035],[121.182188,24.098327],[121.181232,24.098197],[121.180752,24.096385],[121.180276,24.096275],[121.179598,24.096788],[121.179066,24.09685],[121.178479,24.096207],[121.178209,24.095088],[121.177741,24.094411],[121.176629,24.093918],[121.175818,24.093014],[121.174813,24.091284],[121.174446,24.08975],[121.174294,24.089659],[121.173503,24.090229],[121.17305,24.090293],[121.17275,24.089776],[121.171844,24.089084],[121.171251,24.087419],[121.171187,24.08592],[121.170925,24.084984],[121.170516,24.084619],[121.169589,24.084202],[121.16939,24.083952],[121.169366,24.083372],[121.170706,24.082451],[121.185969,24.078763],[121.187894,24.078139],[121.196809,24.075248],[121.200257,24.074903],[121.203826,24.074108],[121.209491,24.074213],[121.213186,24.07466],[121.215896,24.075674],[121.21836,24.076122],[121.22464,24.075887],[121.236703,24.073835],[121.239905,24.07383],[121.244956,24.075066],[121.247049,24.074835],[121.248402,24.074268],[121.252341,24.073357],[121.25468,24.073353],[121.260468,24.073684],[121.262932,24.07447],[121.264534,24.074806],[121.268843,24.074347],[121.280786,24.073648],[121.283741,24.073756],[121.287192,24.074993],[121.291014,24.075604],[121.293407,24.07532],[121.297504,24.074091],[121.300003,24.072619],[121.30165,24.071295],[121.304507,24.068316],[121.30606,24.069504],[121.306438,24.070872],[121.308192,24.073307],[121.310246,24.074958],[121.311349,24.075306],[121.311954,24.075651],[121.314221,24.077646],[121.31565,24.078299],[121.316749,24.079093],[121.317708,24.079526],[121.318377,24.080061],[121.319503,24.081542],[121.320812,24.082406],[121.322685,24.084428],[121.323228,24.08518],[121.323297,24.086544],[121.321797,24.088],[121.321148,24.088872],[121.320115,24.091271],[121.319189,24.092767],[121.318903,24.09433],[121.318948,24.09501],[121.319121,24.095397],[121.31972,24.095934],[121.32022,24.096873],[121.322332,24.099488],[121.3243,24.100863],[121.325658,24.102463],[121.325816,24.104193],[121.326472,24.106001],[121.326193,24.107436],[121.326288,24.1083],[121.326931,24.110261],[121.328166,24.111645],[121.328186,24.112936],[121.328495,24.114409],[121.328404,24.114634],[121.327127,24.114743],[121.324997,24.116083],[121.323432,24.115941],[121.320989,24.116456],[121.319679,24.116561],[121.315662,24.116494],[121.314108,24.118336],[121.311626,24.12019],[121.309144,24.121601],[121.307992,24.122417],[121.305273,24.123475],[121.303542,24.124579],[121.302808,24.12545],[121.302423,24.126252],[121.30164,24.127296],[121.299825,24.129211],[121.298442,24.130406],[121.296689,24.131136],[121.295864,24.132443],[121.290798,24.133433],[121.286527,24.134487],[121.284809,24.134714],[121.281369,24.135873],[121.281808,24.136835],[121.282089,24.13969],[121.282811,24.141745]]]},"properties":{"code":"10008130017","name":"德鹿谷村","countyCode":"10008","countyName":"南投縣","townCode":"10008130","townName":"仁愛鄉","level":"village","unassigned":false,"note":"","label":[121.25956378842739,24.096619629592677],"bounds":[121.169366,24.068316,121.328495,24.141846],"focusBounds":[121.169366,24.068316,121.328495,24.141846],"color":"#dd8590"}}]}
