{"type":"FeatureCollection","features":[{"type":"Feature","id":"65000010001","geometry":{"type":"Polygon","coordinates":[[[121.4558,25.009955],[121.455699,25.010293],[121.455943,25.010376],[121.455799,25.010725],[121.456148,25.010864],[121.455897,25.011471],[121.455422,25.011413],[121.455256,25.011583],[121.454742,25.011293],[121.4542,25.011075],[121.453932,25.010658],[121.454362,25.009199],[121.453464,25.008906],[121.453312,25.008691],[121.454338,25.008681],[121.454466,25.008445],[121.454925,25.008399],[121.455981,25.007901],[121.45633,25.00759],[121.456375,25.009396],[121.455987,25.009402],[121.455588,25.009088],[121.455483,25.00944],[121.454796,25.009296],[121.454685,25.0097],[121.4558,25.009955]]]},"properties":{"code":"65000010001","name":"留侯里","countyCode":"65000","countyName":"新北市","townCode":"65000010","townName":"板橋區","level":"village","unassigned":false,"note":"","label":[121.45497418987866,25.010525575440134],"bounds":[121.453312,25.00759,121.456375,25.011583],"focusBounds":[121.453312,25.00759,121.456375,25.011583],"color":"#efb44f"}},{"type":"Feature","id":"65000010002","geometry":{"type":"Polygon","coordinates":[[[121.457416,25.009582],[121.457281,25.009593],[121.457279,25.009384],[121.456375,25.009396],[121.45633,25.00759],[121.45776,25.00661],[121.458439,25.007291],[121.458129,25.00835],[121.457789,25.008513],[121.457416,25.009582]]]},"properties":{"code":"65000010002","name":"流芳里","countyCode":"65000","countyName":"新北市","townCode":"65000010","townName":"板橋區","level":"village","unassigned":false,"note":"","label":[121.4572583548121,25.007928136121375],"bounds":[121.45633,25.00661,121.458439,25.009593],"focusBounds":[121.45633,25.00661,121.458439,25.009593],"color":"#78a7e3"}},{"type":"Feature","id":"65000010003","geometry":{"type":"Polygon","coordinates":[[[121.457281,25.009593],[121.457122,25.01018],[121.456974,25.010146],[121.456966,25.009859],[121.456808,25.009855],[121.456802,25.01011],[121.456023,25.010022],[121.45607,25.009779],[121.455925,25.00974],[121.455754,25.009791],[121.455904,25.009923],[121.4558,25.009955],[121.454685,25.0097],[121.454796,25.009296],[121.455483,25.00944],[121.455588,25.009088],[121.455987,25.009402],[121.456375,25.009396],[121.457279,25.009384],[121.457281,25.009593]]]},"properties":{"code":"65000010003","name":"赤松里","countyCode":"65000","countyName":"新北市","townCode":"65000010","townName":"板橋區","level":"village","unassigned":false,"note":"","label":[121.45641583702444,25.009730790843054],"bounds":[121.454685,25.009088,121.457281,25.01018],"focusBounds":[121.454685,25.009088,121.457281,25.01018],"color":"#dd8590"}},{"type":"Feature","id":"65000010004","geometry":{"type":"Polygon","coordinates":[[[121.459344,25.013505],[121.459246,25.01362],[121.456143,25.011985],[121.455256,25.011583],[121.455422,25.011413],[121.455897,25.011471],[121.456148,25.010864],[121.455799,25.010725],[121.455943,25.010376],[121.455699,25.010293],[121.4558,25.009955],[121.455904,25.009923],[121.455754,25.009791],[121.455925,25.00974],[121.45607,25.009779],[121.456023,25.010022],[121.456802,25.01011],[121.456808,25.009855],[121.456966,25.009859],[121.456974,25.010146],[121.457122,25.01018],[121.457281,25.009593],[121.457416,25.009582],[121.457396,25.010194],[121.457914,25.010353],[121.458026,25.010264],[121.460152,25.012622],[121.459344,25.013505]]]},"properties":{"code":"65000010004","name":"黃石里","countyCode":"65000","countyName":"新北市","townCode":"65000010","townName":"板橋區","level":"village","unassigned":false,"note":"","label":[121.45771854857081,25.01155416451336],"bounds":[121.455256,25.009582,121.460152,25.01362],"focusBounds":[121.455256,25.009582,121.460152,25.01362],"color":"#a49ad4"}},{"type":"Feature","id":"65000010005","geometry":{"type":"Polygon","coordinates":[[[121.461909,25.011278],[121.460152,25.012622],[121.458026,25.010264],[121.457914,25.010353],[121.457396,25.010194],[121.457416,25.009582],[121.457789,25.008513],[121.458129,25.00835],[121.458439,25.007291],[121.460337,25.009429],[121.461909,25.011278]]]},"properties":{"code":"65000010005","name":"挹秀里","countyCode":"65000","countyName":"新北市","townCode":"65000010","townName":"板橋區","level":"village","unassigned":false,"note":"","label":[121.45946648988685,25.010155338486648],"bounds":[121.457396,25.007291,121.461909,25.012622],"focusBounds":[121.457396,25.007291,121.461909,25.012622],"color":"#a8bf62"}},{"type":"Feature","id":"65000010006","geometry":{"type":"Polygon","coordinates":[[[121.452258,25.011529],[121.451948,25.01251],[121.451069,25.012443],[121.451399,25.009337],[121.451681,25.008002],[121.452298,25.006253],[121.45258,25.003621],[121.453863,25.00366],[121.454823,25.003991],[121.456015,25.004736],[121.456539,25.005239],[121.454411,25.006138],[121.453205,25.008534],[121.452258,25.011529]]]},"properties":{"code":"65000010006","name":"湳興里","countyCode":"65000","countyName":"新北市","townCode":"65000010","townName":"板橋區","level":"village","unassigned":false,"note":"","label":[121.45380084972177,25.0050072371411],"bounds":[121.451069,25.003621,121.456539,25.01251],"focusBounds":[121.451069,25.003621,121.456539,25.01251],"color":"#68bec9"}},{"type":"Feature","id":"65000010007","geometry":{"type":"Polygon","coordinates":[[[121.45633,25.00759],[121.455981,25.007901],[121.454925,25.008399],[121.454466,25.008445],[121.454338,25.008681],[121.453312,25.008691],[121.453205,25.008534],[121.454411,25.006138],[121.456539,25.005239],[121.457558,25.006393],[121.45776,25.00661],[121.45633,25.00759]]]},"properties":{"code":"65000010007","name":"新興里","countyCode":"65000","countyName":"新北市","townCode":"65000010","townName":"板橋區","level":"village","unassigned":false,"note":"","label":[121.45538095727412,25.00695623302596],"bounds":[121.453205,25.005239,121.45776,25.008691],"focusBounds":[121.453205,25.005239,121.45776,25.008691],"color":"#c38cb8"}},{"type":"Feature","id":"65000010008","geometry":{"type":"Polygon","coordinates":[[[121.455427,25.019214],[121.455092,25.019906],[121.454484,25.019523],[121.454267,25.019316],[121.454367,25.019152],[121.454008,25.018928],[121.454319,25.018306],[121.454024,25.018179],[121.454555,25.017115],[121.454162,25.016991],[121.454211,25.016883],[121.45458,25.016918],[121.454596,25.01641],[121.454924,25.015449],[121.454777,25.015201],[121.455175,25.015028],[121.45652,25.014771],[121.456143,25.011985],[121.459246,25.01362],[121.45688,25.016231],[121.456385,25.017182],[121.456293,25.017377],[121.455427,25.019214]]]},"properties":{"code":"65000010008","name":"社後里","countyCode":"65000","countyName":"新北市","townCode":"65000010","townName":"板橋區","level":"village","unassigned":false,"note":"","label":[121.45585428509025,25.01600745772584],"bounds":[121.454008,25.011985,121.459246,25.019906],"focusBounds":[121.454008,25.011985,121.459246,25.019906],"color":"#c38cb8"}},{"type":"Feature","id":"65000010009","geometry":{"type":"Polygon","coordinates":[[[121.448343,25.01804],[121.450384,25.018319],[121.450537,25.017995],[121.450961,25.018141],[121.450869,25.018385],[121.451544,25.018448],[121.4515,25.018133],[121.452023,25.017985],[121.451846,25.017287],[121.452117,25.017297],[121.452342,25.016838],[121.452109,25.016736],[121.452685,25.015963],[121.452937,25.016033],[121.452892,25.016163],[121.453075,25.016251],[121.454156,25.016353],[121.453931,25.016788],[121.454211,25.016883],[121.454162,25.016991],[121.454555,25.017115],[121.454024,25.018179],[121.454319,25.018306],[121.454008,25.018928],[121.454367,25.019152],[121.454267,25.019316],[121.454484,25.019523],[121.455092,25.019906],[121.454828,25.020458],[121.453538,25.019449],[121.453436,25.019667],[121.451758,25.020196],[121.449459,25.021308],[121.445817,25.023302],[121.44537,25.022385],[121.448343,25.01804]]]},"properties":{"code":"65000010009","name":"香社里","countyCode":"65000","countyName":"新北市","townCode":"65000010","townName":"板橋區","level":"village","unassigned":false,"note":"","label":[121.4489989516189,25.01984501670658],"bounds":[121.44537,25.015963,121.455092,25.023302],"focusBounds":[121.44537,25.015963,121.455092,25.023302],"color":"#78a7e3"}},{"type":"Feature","id":"65000010010","geometry":{"type":"Polygon","coordinates":[[[121.456848,25.029599],[121.454977,25.032941],[121.452786,25.031367],[121.452264,25.030939],[121.448749,25.027324],[121.445817,25.023302],[121.449459,25.021308],[121.451758,25.020196],[121.453436,25.019667],[121.453538,25.019449],[121.454828,25.020458],[121.454292,25.021659],[121.454285,25.023129],[121.454861,25.023078],[121.455972,25.022468],[121.455979,25.023251],[121.454473,25.024388],[121.454516,25.025879],[121.454891,25.026803],[121.45575,25.026435],[121.456738,25.026901],[121.456146,25.028687],[121.455883,25.029001],[121.456848,25.029599]]]},"properties":{"code":"65000010010","name":"中正里","countyCode":"65000","countyName":"新北市","townCode":"65000010","townName":"板橋區","level":"village","unassigned":false,"note":"","label":[121.45121516095377,25.025159430440514],"bounds":[121.445817,25.019449,121.456848,25.032941],"focusBounds":[121.445817,25.019449,121.456848,25.032941],"color":"#58b99d"}},{"type":"Feature","id":"65000010011","geometry":{"type":"Polygon","coordinates":[[[121.456143,25.011985],[121.45652,25.014771],[121.455175,25.015028],[121.455126,25.014749],[121.453781,25.014913],[121.453712,25.014011],[121.454181,25.012605],[121.454742,25.011293],[121.455256,25.011583],[121.456143,25.011985]]]},"properties":{"code":"65000010011","name":"自強里","countyCode":"65000","countyName":"新北市","townCode":"65000010","townName":"板橋區","level":"village","unassigned":false,"note":"","label":[121.45514012900477,25.01349485981406],"bounds":[121.453712,25.011293,121.45652,25.015028],"focusBounds":[121.453712,25.011293,121.45652,25.015028],"color":"#78a7e3"}},{"type":"Feature","id":"65000010012","geometry":{"type":"Polygon","coordinates":[[[121.451481,25.014113],[121.451679,25.014079],[121.451728,25.013806],[121.452618,25.013673],[121.452768,25.013977],[121.453431,25.013647],[121.453712,25.014011],[121.453781,25.014913],[121.455126,25.014749],[121.455175,25.015028],[121.454777,25.015201],[121.452953,25.015841],[121.451993,25.015305],[121.451481,25.014113]]]},"properties":{"code":"65000010012","name":"自立里","countyCode":"65000","countyName":"新北市","townCode":"65000010","townName":"板橋區","level":"village","unassigned":false,"note":"","label":[121.45289119012209,25.014861131402455],"bounds":[121.451481,25.013647,121.455175,25.015841],"focusBounds":[121.451481,25.013647,121.455175,25.015841],"color":"#dd8590"}},{"type":"Feature","id":"65000010013","geometry":{"type":"Polygon","coordinates":[[[121.452258,25.011529],[121.453205,25.008534],[121.453312,25.008691],[121.453464,25.008906],[121.454362,25.009199],[121.453932,25.010658],[121.4542,25.011075],[121.454742,25.011293],[121.454181,25.012605],[121.453708,25.012533],[121.454017,25.012151],[121.453745,25.012086],[121.453774,25.011994],[121.452258,25.011529]]]},"properties":{"code":"65000010013","name":"光華里","countyCode":"65000","countyName":"新北市","townCode":"65000010","townName":"板橋區","level":"village","unassigned":false,"note":"","label":[121.45327733330988,25.01103117718262],"bounds":[121.452258,25.008534,121.454742,25.012605],"focusBounds":[121.452258,25.008534,121.454742,25.012605],"color":"#dd8590"}},{"type":"Feature","id":"65000010014","geometry":{"type":"Polygon","coordinates":[[[121.456293,25.017377],[121.456385,25.017182],[121.457394,25.017609],[121.460545,25.018284],[121.461503,25.018478],[121.461088,25.01878],[121.460675,25.01868],[121.460513,25.019316],[121.456967,25.018548],[121.456843,25.018509],[121.457115,25.017756],[121.456293,25.017377]]]},"properties":{"code":"65000010014","name":"國光里","countyCode":"65000","countyName":"新北市","townCode":"65000010","townName":"板橋區","level":"village","unassigned":false,"note":"","label":[121.45883914598606,25.018435875348402],"bounds":[121.456293,25.017182,121.461503,25.019316],"focusBounds":[121.456293,25.017182,121.461503,25.019316],"color":"#a49ad4"}},{"type":"Feature","id":"65000010015","geometry":{"type":"Polygon","coordinates":[[[121.455972,25.022468],[121.454861,25.023078],[121.454285,25.023129],[121.454292,25.021659],[121.454828,25.020458],[121.455092,25.019906],[121.455427,25.019214],[121.455646,25.019264],[121.455593,25.019387],[121.45555,25.019487],[121.455823,25.019594],[121.455735,25.01974],[121.45536,25.019732],[121.455769,25.020286],[121.455657,25.02052],[121.45559,25.021747],[121.455966,25.021769],[121.455968,25.022034],[121.456212,25.022294],[121.456226,25.022443],[121.455972,25.022468]]]},"properties":{"code":"65000010015","name":"港尾里","countyCode":"65000","countyName":"新北市","townCode":"65000010","townName":"板橋區","level":"village","unassigned":false,"note":"","label":[121.45494250834498,25.0218022480586],"bounds":[121.454285,25.019214,121.456226,25.023129],"focusBounds":[121.454285,25.019214,121.456226,25.023129],"color":"#a8bf62"}},{"type":"Feature","id":"65000010016","geometry":{"type":"Polygon","coordinates":[[[121.459148,25.021412],[121.459004,25.021259],[121.457828,25.021089],[121.457743,25.020887],[121.457449,25.020828],[121.456351,25.020639],[121.455907,25.020829],[121.455657,25.02052],[121.455769,25.020286],[121.45536,25.019732],[121.455735,25.01974],[121.455823,25.019594],[121.45555,25.019487],[121.455593,25.019387],[121.460344,25.020351],[121.460118,25.020627],[121.459988,25.021201],[121.459148,25.021412]]]},"properties":{"code":"65000010016","name":"金華里","countyCode":"65000","countyName":"新北市","townCode":"65000010","townName":"板橋區","level":"village","unassigned":false,"note":"","label":[121.45822617897414,25.02053408311955],"bounds":[121.45536,25.019387,121.460344,25.021412],"focusBounds":[121.45536,25.019387,121.460344,25.021412],"color":"#68bec9"}},{"type":"Feature","id":"65000010017","geometry":{"type":"Polygon","coordinates":[[[121.455427,25.019214],[121.456293,25.017377],[121.457115,25.017756],[121.456843,25.018509],[121.456967,25.018548],[121.460513,25.019316],[121.460675,25.01868],[121.461088,25.01878],[121.460701,25.019964],[121.460344,25.020351],[121.455593,25.019387],[121.455646,25.019264],[121.455427,25.019214]]]},"properties":{"code":"65000010017","name":"港德里","countyCode":"65000","countyName":"新北市","townCode":"65000010","townName":"板橋區","level":"village","unassigned":false,"note":"","label":[121.45798181727857,25.019319537870615],"bounds":[121.455427,25.017377,121.461088,25.020351],"focusBounds":[121.455427,25.017377,121.461088,25.020351],"color":"#df9f6a"}},{"type":"Feature","id":"65000010018","geometry":{"type":"Polygon","coordinates":[[[121.46086,25.016732],[121.459576,25.016495],[121.457028,25.016677],[121.457235,25.016312],[121.457704,25.0157],[121.457902,25.015683],[121.4579,25.015406],[121.458138,25.015478],[121.458146,25.01571],[121.45882,25.015657],[121.458806,25.015477],[121.459495,25.015387],[121.459506,25.015506],[121.460904,25.014992],[121.46141,25.015423],[121.461468,25.015704],[121.461331,25.01659],[121.46086,25.016732]]]},"properties":{"code":"65000010018","name":"民權里","countyCode":"65000","countyName":"新北市","townCode":"65000010","townName":"板橋區","level":"village","unassigned":false,"note":"","label":[121.46028831102657,25.01592243725007],"bounds":[121.457028,25.014992,121.461468,25.016732],"focusBounds":[121.457028,25.014992,121.461468,25.016732],"color":"#c38cb8"}},{"type":"Feature","id":"65000010019","geometry":{"type":"Polygon","coordinates":[[[121.456385,25.017182],[121.45688,25.016231],[121.457235,25.016312],[121.457028,25.016677],[121.459576,25.016495],[121.46086,25.016732],[121.460805,25.016942],[121.461006,25.017323],[121.460545,25.018284],[121.457394,25.017609],[121.456385,25.017182]]]},"properties":{"code":"65000010019","name":"建國里","countyCode":"65000","countyName":"新北市","townCode":"65000010","townName":"板橋區","level":"village","unassigned":false,"note":"","label":[121.4589165237063,25.017238759158637],"bounds":[121.456385,25.016231,121.461006,25.018284],"focusBounds":[121.456385,25.016231,121.461006,25.018284],"color":"#98b69b"}},{"type":"Feature","id":"65000010020","geometry":{"type":"Polygon","coordinates":[[[121.464213,25.017661],[121.462962,25.018444],[121.461503,25.018478],[121.460545,25.018284],[121.461006,25.017323],[121.460805,25.016942],[121.46086,25.016732],[121.461331,25.01659],[121.461468,25.015704],[121.46141,25.015423],[121.460904,25.014992],[121.460326,25.014144],[121.459344,25.013505],[121.460152,25.012622],[121.464213,25.017661]]]},"properties":{"code":"65000010020","name":"漢生里","countyCode":"65000","countyName":"新北市","townCode":"65000010","townName":"板橋區","level":"village","unassigned":false,"note":"","label":[121.46227676750904,25.017301531025737],"bounds":[121.459344,25.012622,121.464213,25.018478],"focusBounds":[121.459344,25.012622,121.464213,25.018478],"color":"#58b99d"}},{"type":"Feature","id":"65000010021","geometry":{"type":"Polygon","coordinates":[[[121.46267,25.020368],[121.462156,25.020417],[121.460701,25.019964],[121.461088,25.01878],[121.461503,25.018478],[121.462962,25.018444],[121.464213,25.017661],[121.465333,25.019017],[121.463425,25.020253],[121.46333,25.020149],[121.46267,25.020368]]]},"properties":{"code":"65000010021","name":"公舘里","countyCode":"65000","countyName":"新北市","townCode":"65000010","townName":"板橋區","level":"village","unassigned":false,"note":"","label":[121.46280093767818,25.01938587726177],"bounds":[121.460701,25.017661,121.465333,25.020417],"focusBounds":[121.460701,25.017661,121.465333,25.020417],"color":"#efb44f"}},{"type":"Feature","id":"65000010022","geometry":{"type":"Polygon","coordinates":[[[121.468802,25.017577],[121.467772,25.018484],[121.465916,25.019754],[121.465333,25.019017],[121.464213,25.017661],[121.460152,25.012622],[121.461909,25.011278],[121.463296,25.012894],[121.46669,25.015494],[121.468523,25.016712],[121.469205,25.017161],[121.468802,25.017577]]]},"properties":{"code":"65000010022","name":"新民里","countyCode":"65000","countyName":"新北市","townCode":"65000010","townName":"板橋區","level":"village","unassigned":false,"note":"","label":[121.46455976540203,25.015765482990943],"bounds":[121.460152,25.011278,121.469205,25.019754],"focusBounds":[121.460152,25.011278,121.469205,25.019754],"color":"#78a7e3"}},{"type":"Feature","id":"65000010023","geometry":{"type":"Polygon","coordinates":[[[121.460789,25.023419],[121.46021,25.024302],[121.458612,25.023435],[121.458137,25.022096],[121.459148,25.021412],[121.459988,25.021201],[121.460118,25.020627],[121.460344,25.020351],[121.460701,25.019964],[121.462156,25.020417],[121.46267,25.020368],[121.460789,25.023419]]]},"properties":{"code":"65000010023","name":"幸福里","countyCode":"65000","countyName":"新北市","townCode":"65000010","townName":"板橋區","level":"village","unassigned":false,"note":"","label":[121.45993813742501,25.022477788517563],"bounds":[121.458137,25.019964,121.46267,25.024302],"focusBounds":[121.458137,25.019964,121.46267,25.024302],"color":"#dd8590"}},{"type":"Feature","id":"65000010024","geometry":{"type":"Polygon","coordinates":[[[121.46267,25.020368],[121.46333,25.020149],[121.463425,25.020253],[121.465333,25.019017],[121.465916,25.019754],[121.466605,25.020648],[121.46718,25.021539],[121.465366,25.022179],[121.464123,25.023106],[121.463184,25.024417],[121.463304,25.023446],[121.462625,25.021192],[121.462761,25.02076],[121.46267,25.020368]]]},"properties":{"code":"65000010024","name":"忠誠里","countyCode":"65000","countyName":"新北市","townCode":"65000010","townName":"板橋區","level":"village","unassigned":false,"note":"","label":[121.46455038567116,25.021155549432635],"bounds":[121.462625,25.019017,121.46718,25.024417],"focusBounds":[121.462625,25.019017,121.46718,25.024417],"color":"#a49ad4"}},{"type":"Feature","id":"65000010025","geometry":{"type":"Polygon","coordinates":[[[121.468802,25.017577],[121.469642,25.018746],[121.469393,25.01895],[121.469584,25.019135],[121.468091,25.019854],[121.466741,25.020283],[121.466789,25.020543],[121.466605,25.020648],[121.465916,25.019754],[121.467772,25.018484],[121.468802,25.017577]]]},"properties":{"code":"65000010025","name":"百壽里","countyCode":"65000","countyName":"新北市","townCode":"65000010","townName":"板橋區","level":"village","unassigned":false,"note":"","label":[121.46793880436906,25.019204672253927],"bounds":[121.465916,25.017577,121.469642,25.020648],"focusBounds":[121.465916,25.017577,121.469642,25.020648],"color":"#a8bf62"}},{"type":"Feature","id":"65000010026","geometry":{"type":"Polygon","coordinates":[[[121.471139,25.018522],[121.471007,25.018704],[121.471211,25.018816],[121.470863,25.019298],[121.470658,25.01917],[121.469697,25.020492],[121.469241,25.021167],[121.467377,25.021354],[121.46718,25.021539],[121.466605,25.020648],[121.466789,25.020543],[121.466741,25.020283],[121.468091,25.019854],[121.469584,25.019135],[121.469393,25.01895],[121.469642,25.018746],[121.468802,25.017577],[121.469205,25.017161],[121.471139,25.018522]]]},"properties":{"code":"65000010026","name":"介壽里","countyCode":"65000","countyName":"新北市","townCode":"65000010","townName":"板橋區","level":"village","unassigned":false,"note":"","label":[121.46884889083553,25.020347908973278],"bounds":[121.466605,25.017161,121.471211,25.021539],"focusBounds":[121.466605,25.017161,121.471211,25.021539],"color":"#68bec9"}},{"type":"Feature","id":"65000010027","geometry":{"type":"Polygon","coordinates":[[[121.465727,25.024106],[121.465366,25.022179],[121.46718,25.021539],[121.468453,25.023797],[121.467526,25.023855],[121.467182,25.024482],[121.466452,25.024186],[121.465727,25.024106]]]},"properties":{"code":"65000010027","name":"新埔里","countyCode":"65000","countyName":"新北市","townCode":"65000010","townName":"板橋區","level":"village","unassigned":false,"note":"","label":[121.46672190559529,25.02299788550239],"bounds":[121.465366,25.021539,121.468453,25.024482],"focusBounds":[121.465366,25.021539,121.468453,25.024482],"color":"#df9f6a"}},{"type":"Feature","id":"65000010028","geometry":{"type":"Polygon","coordinates":[[[121.470955,25.023706],[121.468453,25.023797],[121.46718,25.021539],[121.467377,25.021354],[121.469241,25.021167],[121.469697,25.020492],[121.471224,25.02133],[121.471769,25.022091],[121.472059,25.023078],[121.472771,25.023429],[121.470955,25.023706]]]},"properties":{"code":"65000010028","name":"華江里","countyCode":"65000","countyName":"新北市","townCode":"65000010","townName":"板橋區","level":"village","unassigned":false,"note":"","label":[121.46979781268772,25.022401807940927],"bounds":[121.46718,25.020492,121.472771,25.023797],"focusBounds":[121.46718,25.020492,121.472771,25.023797],"color":"#c38cb8"}},{"type":"Feature","id":"65000010029","geometry":{"type":"Polygon","coordinates":[[[121.470887,25.031492],[121.469904,25.031025],[121.468777,25.032633],[121.466613,25.031989],[121.467047,25.031113],[121.468075,25.030265],[121.468749,25.029896],[121.468545,25.028272],[121.46997,25.02847],[121.471016,25.028332],[121.472293,25.029895],[121.471115,25.030824],[121.470887,25.031492]]]},"properties":{"code":"65000010029","name":"江翠里","countyCode":"65000","countyName":"新北市","townCode":"65000010","townName":"板橋區","level":"village","unassigned":false,"note":"","label":[121.47000767464496,25.02976990550737],"bounds":[121.466613,25.028272,121.472293,25.032633],"focusBounds":[121.466613,25.028272,121.472293,25.032633],"color":"#98b69b"}},{"type":"Feature","id":"65000010030","geometry":{"type":"Polygon","coordinates":[[[121.465408,25.027924],[121.465435,25.02787],[121.466432,25.027889],[121.466074,25.02858],[121.467659,25.029681],[121.468075,25.030265],[121.467047,25.031113],[121.466613,25.031989],[121.46383,25.031174],[121.465408,25.027924]]]},"properties":{"code":"65000010030","name":"純翠里","countyCode":"65000","countyName":"新北市","townCode":"65000010","townName":"板橋區","level":"village","unassigned":false,"note":"","label":[121.46589420544305,25.03021436740235],"bounds":[121.46383,25.02787,121.468075,25.031989],"focusBounds":[121.46383,25.02787,121.468075,25.031989],"color":"#58b99d"}},{"type":"Feature","id":"65000010031","geometry":{"type":"Polygon","coordinates":[[[121.470887,25.031492],[121.473383,25.033167],[121.471975,25.039394],[121.469558,25.039223],[121.466267,25.038522],[121.46297,25.037367],[121.461282,25.036571],[121.46383,25.031174],[121.466613,25.031989],[121.468777,25.032633],[121.469904,25.031025],[121.470887,25.031492]]]},"properties":{"code":"65000010031","name":"溪頭里","countyCode":"65000","countyName":"新北市","townCode":"65000010","townName":"板橋區","level":"village","unassigned":false,"note":"","label":[121.46764845951066,25.035556654434146],"bounds":[121.461282,25.031025,121.473383,25.039394],"focusBounds":[121.461282,25.031025,121.473383,25.039394],"color":"#78a7e3"}},{"type":"Feature","id":"65000010032","geometry":{"type":"Polygon","coordinates":[[[121.46964,25.025881],[121.469127,25.026261],[121.46901,25.025986],[121.468426,25.026895],[121.467182,25.026372],[121.46704,25.026647],[121.466748,25.026535],[121.466472,25.027116],[121.465915,25.026925],[121.467182,25.024482],[121.467526,25.023855],[121.468453,25.023797],[121.46964,25.025881]]]},"properties":{"code":"65000010032","name":"聯翠里","countyCode":"65000","countyName":"新北市","townCode":"65000010","townName":"板橋區","level":"village","unassigned":false,"note":"","label":[121.46798840248573,25.025437934624925],"bounds":[121.465915,25.023797,121.46964,25.027116],"focusBounds":[121.465915,25.023797,121.46964,25.027116],"color":"#78a7e3"}},{"type":"Feature","id":"65000010033","geometry":{"type":"Polygon","coordinates":[[[121.457419,25.028715],[121.459377,25.029966],[121.46004,25.029045],[121.461503,25.029781],[121.461684,25.029496],[121.462229,25.029756],[121.46217,25.029856],[121.462353,25.029983],[121.46222,25.030231],[121.463254,25.030657],[121.463313,25.031016],[121.46383,25.031174],[121.461282,25.036571],[121.45815,25.034839],[121.454977,25.032941],[121.456848,25.029599],[121.457419,25.028715]]]},"properties":{"code":"65000010033","name":"宏翠里","countyCode":"65000","countyName":"新北市","townCode":"65000010","townName":"板橋區","level":"village","unassigned":false,"note":"","label":[121.45962082909453,25.03263999640229],"bounds":[121.454977,25.028715,121.46383,25.036571],"focusBounds":[121.454977,25.028715,121.46383,25.036571],"color":"#dd8590"}},{"type":"Feature","id":"65000010034","geometry":{"type":"Polygon","coordinates":[[[121.463413,25.028141],[121.462353,25.029983],[121.46217,25.029856],[121.462229,25.029756],[121.461684,25.029496],[121.461503,25.029781],[121.46004,25.029045],[121.460569,25.028638],[121.460926,25.028112],[121.461413,25.028331],[121.463124,25.028167],[121.463413,25.028141]]]},"properties":{"code":"65000010034","name":"仁翠里","countyCode":"65000","countyName":"新北市","townCode":"65000010","townName":"板橋區","level":"village","unassigned":false,"note":"","label":[121.46177535037704,25.028917970116645],"bounds":[121.46004,25.028112,121.463413,25.029983],"focusBounds":[121.46004,25.028112,121.463413,25.029983],"color":"#a49ad4"}},{"type":"Feature","id":"65000010035","geometry":{"type":"Polygon","coordinates":[[[121.464451,25.025004],[121.463237,25.026864],[121.463239,25.027922],[121.459387,25.025935],[121.459232,25.025853],[121.46021,25.024302],[121.460789,25.023419],[121.46308,25.024621],[121.462505,25.025554],[121.463047,25.025838],[121.463791,25.024694],[121.464451,25.025004]]]},"properties":{"code":"65000010035","name":"新翠里","countyCode":"65000","countyName":"新北市","townCode":"65000010","townName":"板橋區","level":"village","unassigned":false,"note":"","label":[121.46127174638362,25.025170944843225],"bounds":[121.459232,25.023419,121.464451,25.027922],"focusBounds":[121.459232,25.023419,121.464451,25.027922],"color":"#68bec9"}},{"type":"Feature","id":"65000010036","geometry":{"type":"Polygon","coordinates":[[[121.46004,25.029045],[121.459377,25.029966],[121.457419,25.028715],[121.457924,25.028225],[121.458221,25.028356],[121.458691,25.027629],[121.458427,25.027106],[121.458558,25.026918],[121.45903,25.026952],[121.459259,25.027058],[121.459053,25.027379],[121.46011,25.027946],[121.46035,25.027529],[121.461054,25.02785],[121.460926,25.028112],[121.460569,25.028638],[121.46004,25.029045]]]},"properties":{"code":"65000010036","name":"吉翠里","countyCode":"65000","countyName":"新北市","townCode":"65000010","townName":"板橋區","level":"village","unassigned":false,"note":"","label":[121.45921205208855,25.028579880455815],"bounds":[121.457419,25.026918,121.461054,25.029966],"focusBounds":[121.457419,25.026918,121.461054,25.029966],"color":"#68bec9"}},{"type":"Feature","id":"65000010037","geometry":{"type":"Polygon","coordinates":[[[121.456738,25.026901],[121.45575,25.026435],[121.454891,25.026803],[121.454516,25.025879],[121.454473,25.024388],[121.455979,25.023251],[121.458137,25.022096],[121.458612,25.023435],[121.457096,25.025953],[121.457274,25.026044],[121.457167,25.02621],[121.457435,25.02634],[121.457422,25.026477],[121.457256,25.026601],[121.457095,25.02654],[121.456852,25.026964],[121.456738,25.026901]]]},"properties":{"code":"65000010037","name":"德翠里","countyCode":"65000","countyName":"新北市","townCode":"65000010","townName":"板橋區","level":"village","unassigned":false,"note":"","label":[121.45628129047876,25.024699176657286],"bounds":[121.454473,25.022096,121.458612,25.026964],"focusBounds":[121.454473,25.022096,121.458612,25.026964],"color":"#df9f6a"}},{"type":"Feature","id":"65000010038","geometry":{"type":"Polygon","coordinates":[[[121.465408,25.027924],[121.46383,25.031174],[121.463313,25.031016],[121.463254,25.030657],[121.46222,25.030231],[121.462353,25.029983],[121.463413,25.028141],[121.465408,25.027924]]]},"properties":{"code":"65000010038","name":"滿翠里","countyCode":"65000","countyName":"新北市","townCode":"65000010","townName":"板橋區","level":"village","unassigned":false,"note":"","label":[121.46375554302432,25.029337641340295],"bounds":[121.46222,25.027924,121.465408,25.031174],"focusBounds":[121.46222,25.027924,121.465408,25.031174],"color":"#c38cb8"}},{"type":"Feature","id":"65000010039","geometry":{"type":"Polygon","coordinates":[[[121.463413,25.028141],[121.463124,25.028167],[121.463239,25.027922],[121.463237,25.026864],[121.464451,25.025004],[121.464621,25.02509],[121.46521,25.024394],[121.465677,25.024377],[121.465727,25.024106],[121.466452,25.024186],[121.467182,25.024482],[121.465915,25.026925],[121.465435,25.02787],[121.465408,25.027924],[121.463413,25.028141]]]},"properties":{"code":"65000010039","name":"明翠里","countyCode":"65000","countyName":"新北市","townCode":"65000010","townName":"板橋區","level":"village","unassigned":false,"note":"","label":[121.46502395262961,25.026197648908486],"bounds":[121.463124,25.024106,121.467182,25.028167],"focusBounds":[121.463124,25.024106,121.467182,25.028167],"color":"#98b69b"}},{"type":"Feature","id":"65000010040","geometry":{"type":"Polygon","coordinates":[[[121.476961,25.030799],[121.475983,25.031841],[121.473689,25.031477],[121.472293,25.029895],[121.473506,25.02906],[121.474437,25.029789],[121.476961,25.030799]]]},"properties":{"code":"65000010040","name":"松翠里","countyCode":"65000","countyName":"新北市","townCode":"65000010","townName":"板橋區","level":"village","unassigned":false,"note":"","label":[121.47447047363545,25.03070180025076],"bounds":[121.472293,25.02906,121.476961,25.031841],"focusBounds":[121.472293,25.02906,121.476961,25.031841],"color":"#58b99d"}},{"type":"Feature","id":"65000010041","geometry":{"type":"Polygon","coordinates":[[[121.470887,25.031492],[121.471115,25.030824],[121.472293,25.029895],[121.473689,25.031477],[121.476847,25.034944],[121.477584,25.035527],[121.478587,25.035887],[121.48047,25.035873],[121.480443,25.035634],[121.478797,25.035712],[121.478244,25.035051],[121.478259,25.034869],[121.479121,25.034674],[121.480371,25.034359],[121.484223,25.033422],[121.483643,25.035292],[121.483666,25.036299],[121.483983,25.037357],[121.484472,25.038265],[121.485233,25.039225],[121.481073,25.039358],[121.479153,25.039796],[121.478395,25.039834],[121.475157,25.039508],[121.471975,25.039394],[121.473383,25.033167],[121.470887,25.031492]]]},"properties":{"code":"65000010041","name":"柏翠里","countyCode":"65000","countyName":"新北市","townCode":"65000010","townName":"板橋區","level":"village","unassigned":false,"note":"","label":[121.47520318805145,25.0369783969967],"bounds":[121.470887,25.029895,121.485233,25.039834],"focusBounds":[121.470887,25.029895,121.485233,25.039834],"color":"#efb44f"}},{"type":"Feature","id":"65000010042","geometry":{"type":"Polygon","coordinates":[[[121.478324,25.028308],[121.477773,25.02802],[121.476723,25.028108],[121.476624,25.028254],[121.476227,25.028131],[121.476152,25.028839],[121.47576,25.028718],[121.475224,25.028271],[121.475336,25.028162],[121.47511,25.027937],[121.476148,25.027086],[121.477289,25.025032],[121.47898,25.025572],[121.48033,25.026513],[121.479213,25.027865],[121.478725,25.027576],[121.478324,25.028308]]]},"properties":{"code":"65000010042","name":"龍翠里","countyCode":"65000","countyName":"新北市","townCode":"65000010","townName":"板橋區","level":"village","unassigned":false,"note":"","label":[121.4777908061809,25.02672955961178],"bounds":[121.47511,25.025032,121.48033,25.028839],"focusBounds":[121.47511,25.025032,121.48033,25.028839],"color":"#78a7e3"}},{"type":"Feature","id":"65000010043","geometry":{"type":"Polygon","coordinates":[[[121.474088,25.023424],[121.474128,25.024523],[121.474485,25.02517],[121.474861,25.025361],[121.474359,25.026002],[121.472927,25.026807],[121.471868,25.025302],[121.471059,25.024104],[121.470955,25.023706],[121.472771,25.023429],[121.474088,25.023424]]]},"properties":{"code":"65000010043","name":"華翠里","countyCode":"65000","countyName":"新北市","townCode":"65000010","townName":"板橋區","level":"village","unassigned":false,"note":"","label":[121.47300826000439,25.02487141672077],"bounds":[121.470955,25.023424,121.474861,25.026807],"focusBounds":[121.470955,25.023424,121.474861,25.026807],"color":"#dd8590"}},{"type":"Feature","id":"65000010044","geometry":{"type":"Polygon","coordinates":[[[121.473506,25.02906],[121.472293,25.029895],[121.471016,25.028332],[121.469883,25.026304],[121.471868,25.025302],[121.472927,25.026807],[121.474359,25.026002],[121.474861,25.025361],[121.474485,25.02517],[121.474128,25.024523],[121.474088,25.023424],[121.474416,25.023417],[121.475445,25.023612],[121.477289,25.025032],[121.476148,25.027086],[121.47511,25.027937],[121.473506,25.02906]]]},"properties":{"code":"65000010044","name":"忠翠里","countyCode":"65000","countyName":"新北市","townCode":"65000010","townName":"板橋區","level":"village","unassigned":false,"note":"","label":[121.47269336735616,25.028046895900452],"bounds":[121.469883,25.023417,121.477289,25.029895],"focusBounds":[121.469883,25.023417,121.477289,25.029895],"color":"#a49ad4"}},{"type":"Feature","id":"65000010045","geometry":{"type":"Polygon","coordinates":[[[121.477519,25.029863],[121.478721,25.030389],[121.478748,25.030677],[121.4789,25.030753],[121.478583,25.031264],[121.47716,25.032716],[121.475983,25.031841],[121.476961,25.030799],[121.477519,25.029863]]]},"properties":{"code":"65000010045","name":"嵐翠里","countyCode":"65000","countyName":"新北市","townCode":"65000010","townName":"板橋區","level":"village","unassigned":false,"note":"","label":[121.47751568561527,25.031309523673514],"bounds":[121.475983,25.029863,121.4789,25.032716],"focusBounds":[121.475983,25.029863,121.4789,25.032716],"color":"#a8bf62"}},{"type":"Feature","id":"65000010046","geometry":{"type":"Polygon","coordinates":[[[121.479121,25.034674],[121.478259,25.034869],[121.478244,25.035051],[121.478797,25.035712],[121.480443,25.035634],[121.48047,25.035873],[121.478587,25.035887],[121.477584,25.035527],[121.476847,25.034944],[121.473689,25.031477],[121.475983,25.031841],[121.47716,25.032716],[121.479121,25.034674]]]},"properties":{"code":"65000010046","name":"文翠里","countyCode":"65000","countyName":"新北市","townCode":"65000010","townName":"板橋區","level":"village","unassigned":false,"note":"","label":[121.4770718630041,25.033886357998664],"bounds":[121.473689,25.031477,121.48047,25.035887],"focusBounds":[121.473689,25.031477,121.48047,25.035887],"color":"#68bec9"}},{"type":"Feature","id":"65000010047","geometry":{"type":"Polygon","coordinates":[[[121.480371,25.034359],[121.479121,25.034674],[121.47716,25.032716],[121.478583,25.031264],[121.479443,25.032074],[121.479558,25.032623],[121.479451,25.033286],[121.480371,25.034359]]]},"properties":{"code":"65000010047","name":"青翠里","countyCode":"65000","countyName":"新北市","townCode":"65000010","townName":"板橋區","level":"village","unassigned":false,"note":"","label":[121.4785868943702,25.03285008444636],"bounds":[121.47716,25.031264,121.480371,25.034674],"focusBounds":[121.47716,25.031264,121.480371,25.034674],"color":"#df9f6a"}},{"type":"Feature","id":"65000010048","geometry":{"type":"Polygon","coordinates":[[[121.484223,25.033422],[121.480371,25.034359],[121.479451,25.033286],[121.479558,25.032623],[121.479443,25.032074],[121.478583,25.031264],[121.4789,25.030753],[121.4805,25.028879],[121.48201,25.029416],[121.481334,25.031182],[121.480916,25.031066],[121.48084,25.031804],[121.481227,25.031921],[121.481355,25.031542],[121.484641,25.032405],[121.484223,25.033422]]]},"properties":{"code":"65000010048","name":"懷翠里","countyCode":"65000","countyName":"新北市","townCode":"65000010","townName":"板橋區","level":"village","unassigned":false,"note":"","label":[121.48090631014044,25.033026571029794],"bounds":[121.478583,25.028879,121.484641,25.034359],"focusBounds":[121.478583,25.028879,121.484641,25.034359],"color":"#c38cb8"}},{"type":"Feature","id":"65000010049","geometry":{"type":"Polygon","coordinates":[[[121.486533,25.028441],[121.484939,25.031475],[121.484641,25.032405],[121.481355,25.031542],[121.481227,25.031921],[121.48084,25.031804],[121.480916,25.031066],[121.481334,25.031182],[121.48201,25.029416],[121.4805,25.028879],[121.480274,25.028703],[121.480371,25.028616],[121.480269,25.028509],[121.479213,25.027865],[121.48033,25.026513],[121.481798,25.027345],[121.486533,25.028441]]]},"properties":{"code":"65000010049","name":"福翠里","countyCode":"65000","countyName":"新北市","townCode":"65000010","townName":"板橋區","level":"village","unassigned":false,"note":"","label":[121.4836997289745,25.02997159402304],"bounds":[121.479213,25.026513,121.486533,25.032405],"focusBounds":[121.479213,25.026513,121.486533,25.032405],"color":"#98b69b"}},{"type":"Feature","id":"65000010050","geometry":{"type":"Polygon","coordinates":[[[121.478074,25.023516],[121.47844,25.023011],[121.478556,25.021998],[121.478762,25.021949],[121.478746,25.021728],[121.479384,25.02153],[121.47921,25.020333],[121.479569,25.020328],[121.47961,25.021309],[121.479617,25.021468],[121.48003,25.021473],[121.479631,25.022968],[121.480084,25.023014],[121.480225,25.024172],[121.4808,25.024207],[121.48091,25.025528],[121.481931,25.026149],[121.483465,25.0267],[121.48732,25.027393],[121.486873,25.027748],[121.486533,25.028441],[121.481798,25.027345],[121.48033,25.026513],[121.47898,25.025572],[121.477289,25.025032],[121.477718,25.024346],[121.478424,25.023742],[121.478074,25.023516]]]},"properties":{"code":"65000010050","name":"港嘴里","countyCode":"65000","countyName":"新北市","townCode":"65000010","townName":"板橋區","level":"village","unassigned":false,"note":"","label":[121.47993731026243,25.02507512954192],"bounds":[121.477289,25.020328,121.48732,25.028441],"focusBounds":[121.477289,25.020328,121.48732,25.028441],"color":"#58b99d"}},{"type":"Feature","id":"65000010051","geometry":{"type":"Polygon","coordinates":[[[121.483998,25.021689],[121.483828,25.021874],[121.483469,25.021687],[121.48236,25.02316],[121.482447,25.023361],[121.482308,25.023405],[121.482162,25.023232],[121.482251,25.023723],[121.481861,25.024956],[121.481999,25.024968],[121.481908,25.025106],[121.482407,25.025354],[121.482313,25.025516],[121.482434,25.025561],[121.482261,25.025602],[121.481931,25.026149],[121.48091,25.025528],[121.4808,25.024207],[121.480225,25.024172],[121.480084,25.023014],[121.479631,25.022968],[121.48003,25.021473],[121.479617,25.021468],[121.47961,25.021309],[121.480975,25.021346],[121.480977,25.0215],[121.481189,25.021502],[121.481201,25.021355],[121.482467,25.021404],[121.482642,25.02116],[121.482903,25.021305],[121.483035,25.02111],[121.483998,25.021689]]]},"properties":{"code":"65000010051","name":"振興里","countyCode":"65000","countyName":"新北市","townCode":"65000010","townName":"板橋區","level":"village","unassigned":false,"note":"","label":[121.48123423652406,25.022642948437465],"bounds":[121.47961,25.02111,121.483998,25.026149],"focusBounds":[121.47961,25.02111,121.483998,25.026149],"color":"#efb44f"}},{"type":"Feature","id":"65000010052","geometry":{"type":"Polygon","coordinates":[[[121.481931,25.026149],[121.482261,25.025602],[121.482434,25.025561],[121.482313,25.025516],[121.482407,25.025354],[121.481908,25.025106],[121.481999,25.024968],[121.481861,25.024956],[121.482251,25.023723],[121.482162,25.023232],[121.482308,25.023405],[121.482447,25.023361],[121.48236,25.02316],[121.483469,25.021687],[121.483828,25.021874],[121.483998,25.021689],[121.488711,25.023547],[121.488669,25.023645],[121.487588,25.02606],[121.487548,25.027063],[121.48732,25.027393],[121.483465,25.0267],[121.481931,25.026149]]]},"properties":{"code":"65000010052","name":"振義里","countyCode":"65000","countyName":"新北市","townCode":"65000010","townName":"板橋區","level":"village","unassigned":false,"note":"","label":[121.48510589551216,25.02456007562623],"bounds":[121.481861,25.021687,121.488711,25.027393],"focusBounds":[121.481861,25.021687,121.488711,25.027393],"color":"#78a7e3"}},{"type":"Feature","id":"65000010053","geometry":{"type":"Polygon","coordinates":[[[121.488574,25.021855],[121.488803,25.023347],[121.488711,25.023547],[121.483998,25.021689],[121.483035,25.02111],[121.482804,25.020976],[121.483231,25.020825],[121.483425,25.020581],[121.48278,25.01851],[121.483164,25.018433],[121.483375,25.017836],[121.484239,25.015721],[121.488695,25.01576],[121.488599,25.016663],[121.488521,25.019254],[121.488404,25.02079],[121.488574,25.021855]]]},"properties":{"code":"65000010053","name":"光復里","countyCode":"65000","countyName":"新北市","townCode":"65000010","townName":"板橋區","level":"village","unassigned":false,"note":"","label":[121.48579986597183,25.01906676671414],"bounds":[121.48278,25.015721,121.488803,25.023547],"focusBounds":[121.48278,25.015721,121.488803,25.023547],"color":"#dd8590"}},{"type":"Feature","id":"65000010054","geometry":{"type":"Polygon","coordinates":[[[121.483035,25.02111],[121.482903,25.021305],[121.482642,25.02116],[121.482467,25.021404],[121.481201,25.021355],[121.481189,25.021502],[121.480977,25.0215],[121.480975,25.021346],[121.47961,25.021309],[121.479569,25.020328],[121.47921,25.020333],[121.479199,25.018691],[121.479234,25.018212],[121.4816,25.018507],[121.481715,25.018269],[121.483052,25.018214],[121.483164,25.018433],[121.48278,25.01851],[121.483425,25.020581],[121.483231,25.020825],[121.482804,25.020976],[121.483035,25.02111]]]},"properties":{"code":"65000010054","name":"埔墘里","countyCode":"65000","countyName":"新北市","townCode":"65000010","townName":"板橋區","level":"village","unassigned":false,"note":"","label":[121.4812205970064,25.019907485755162],"bounds":[121.479199,25.018212,121.483425,25.021502],"focusBounds":[121.479199,25.018212,121.483425,25.021502],"color":"#a49ad4"}},{"type":"Feature","id":"65000010055","geometry":{"type":"Polygon","coordinates":[[[121.484239,25.015721],[121.483375,25.017836],[121.480968,25.016775],[121.480956,25.016889],[121.479631,25.01686],[121.479604,25.017049],[121.479251,25.017069],[121.479211,25.016364],[121.479102,25.014953],[121.482252,25.015173],[121.482004,25.015701],[121.484239,25.015721]]]},"properties":{"code":"65000010055","name":"長壽里","countyCode":"65000","countyName":"新北市","townCode":"65000010","townName":"板橋區","level":"village","unassigned":false,"note":"","label":[121.48121495356982,25.015991999943935],"bounds":[121.479102,25.014953,121.484239,25.017836],"focusBounds":[121.479102,25.014953,121.484239,25.017836],"color":"#a8bf62"}},{"type":"Feature","id":"65000010056","geometry":{"type":"Polygon","coordinates":[[[121.481911,25.013132],[121.481034,25.013367],[121.478953,25.013287],[121.478885,25.012505],[121.478139,25.012487],[121.477059,25.013632],[121.475804,25.012908],[121.476849,25.01176],[121.476619,25.011444],[121.476324,25.011585],[121.476056,25.011102],[121.476695,25.011322],[121.478336,25.011197],[121.480842,25.011624],[121.481571,25.011522],[121.482053,25.01124],[121.482208,25.012184],[121.48167,25.012609],[121.481911,25.013132]]]},"properties":{"code":"65000010056","name":"福壽里","countyCode":"65000","countyName":"新北市","townCode":"65000010","townName":"板橋區","level":"village","unassigned":false,"note":"","label":[121.47979195769868,25.01238213074449],"bounds":[121.475804,25.011102,121.482208,25.013632],"focusBounds":[121.475804,25.011102,121.482208,25.013632],"color":"#68bec9"}},{"type":"Feature","id":"65000010057","geometry":{"type":"Polygon","coordinates":[[[121.476056,25.011102],[121.476324,25.011585],[121.476619,25.011444],[121.476849,25.01176],[121.475804,25.012908],[121.475388,25.012636],[121.474364,25.012045],[121.473749,25.011902],[121.473891,25.011602],[121.473403,25.010696],[121.473465,25.010546],[121.472701,25.009898],[121.472865,25.009625],[121.471269,25.008947],[121.472129,25.007152],[121.473239,25.008075],[121.475245,25.010164],[121.47551,25.010723],[121.476056,25.011102]]]},"properties":{"code":"65000010057","name":"海山里","countyCode":"65000","countyName":"新北市","townCode":"65000010","townName":"板橋區","level":"village","unassigned":false,"note":"","label":[121.47447703302008,25.010737667979136],"bounds":[121.471269,25.007152,121.476849,25.012908],"focusBounds":[121.471269,25.007152,121.476849,25.012908],"color":"#df9f6a"}},{"type":"Feature","id":"65000010058","geometry":{"type":"Polygon","coordinates":[[[121.479234,25.018212],[121.479199,25.018691],[121.478538,25.018272],[121.477213,25.017403],[121.477201,25.017394],[121.477869,25.016358],[121.47767,25.016114],[121.477914,25.015794],[121.477692,25.015655],[121.477798,25.015366],[121.47728,25.014951],[121.476414,25.01456],[121.477059,25.013632],[121.47847,25.014804],[121.47897,25.015743],[121.478932,25.016372],[121.479211,25.016364],[121.479251,25.017069],[121.479234,25.018212]]]},"properties":{"code":"65000010058","name":"九如里","countyCode":"65000","countyName":"新北市","townCode":"65000010","townName":"板橋區","level":"village","unassigned":false,"note":"","label":[121.4784142464353,25.017054601100305],"bounds":[121.476414,25.013632,121.479251,25.018691],"focusBounds":[121.476414,25.013632,121.479251,25.018691],"color":"#c38cb8"}},{"type":"Feature","id":"65000010059","geometry":{"type":"Polygon","coordinates":[[[121.469205,25.017161],[121.470058,25.01685],[121.469976,25.01668],[121.471887,25.016093],[121.472121,25.016607],[121.472987,25.016228],[121.473248,25.016255],[121.473368,25.016045],[121.47502,25.016575],[121.474944,25.016702],[121.474304,25.017535],[121.473606,25.019058],[121.473048,25.019191],[121.472651,25.019105],[121.472224,25.019332],[121.471139,25.018522],[121.469205,25.017161]]]},"properties":{"code":"65000010059","name":"玉光里","countyCode":"65000","countyName":"新北市","townCode":"65000010","townName":"板橋區","level":"village","unassigned":false,"note":"","label":[121.47250978934281,25.017808587938553],"bounds":[121.469205,25.016045,121.47502,25.019332],"focusBounds":[121.469205,25.016045,121.47502,25.019332],"color":"#98b69b"}},{"type":"Feature","id":"65000010060","geometry":{"type":"Polygon","coordinates":[[[121.474944,25.016702],[121.475463,25.017008],[121.475583,25.016779],[121.47572,25.016843],[121.476464,25.017442],[121.476552,25.017302],[121.477088,25.01756],[121.477213,25.017403],[121.478538,25.018272],[121.477147,25.020117],[121.47724,25.020479],[121.476691,25.020494],[121.475012,25.019412],[121.474707,25.019375],[121.474534,25.019675],[121.473606,25.019058],[121.474304,25.017535],[121.474944,25.016702]]]},"properties":{"code":"65000010060","name":"光仁里","countyCode":"65000","countyName":"新北市","townCode":"65000010","townName":"板橋區","level":"village","unassigned":false,"note":"","label":[121.47601259931355,25.01856759042397],"bounds":[121.473606,25.016702,121.478538,25.020494],"focusBounds":[121.473606,25.016702,121.478538,25.020494],"color":"#58b99d"}},{"type":"Feature","id":"65000010061","geometry":{"type":"Polygon","coordinates":[[[121.471769,25.022091],[121.471841,25.021704],[121.472192,25.021369],[121.473862,25.021533],[121.473914,25.020561],[121.474009,25.020454],[121.474229,25.020615],[121.47413,25.020715],[121.475899,25.022017],[121.47512,25.022235],[121.474881,25.022452],[121.474143,25.022359],[121.474106,25.022839],[121.474512,25.022881],[121.474416,25.023417],[121.474088,25.023424],[121.472771,25.023429],[121.472059,25.023078],[121.471769,25.022091]]]},"properties":{"code":"65000010061","name":"埤墘里","countyCode":"65000","countyName":"新北市","townCode":"65000010","townName":"板橋區","level":"village","unassigned":false,"note":"","label":[121.47306055509448,25.02244075079479],"bounds":[121.471769,25.020454,121.475899,25.023429],"focusBounds":[121.471769,25.020454,121.475899,25.023429],"color":"#efb44f"}},{"type":"Feature","id":"65000010062","geometry":{"type":"Polygon","coordinates":[[[121.474416,25.023417],[121.474512,25.022881],[121.474106,25.022839],[121.474143,25.022359],[121.474881,25.022452],[121.47512,25.022235],[121.475899,25.022017],[121.478074,25.023516],[121.478424,25.023742],[121.477718,25.024346],[121.477289,25.025032],[121.475445,25.023612],[121.474416,25.023417]]]},"properties":{"code":"65000010062","name":"永安里","countyCode":"65000","countyName":"新北市","townCode":"65000010","townName":"板橋區","level":"village","unassigned":false,"note":"","label":[121.47631837035009,25.023295341992156],"bounds":[121.474106,25.022017,121.478424,25.025032],"focusBounds":[121.474106,25.022017,121.478424,25.025032],"color":"#78a7e3"}},{"type":"Feature","id":"65000010063","geometry":{"type":"Polygon","coordinates":[[[121.47921,25.020333],[121.479384,25.02153],[121.478746,25.021728],[121.478762,25.021949],[121.478556,25.021998],[121.47844,25.023011],[121.478074,25.023516],[121.475899,25.022017],[121.476729,25.02191],[121.476517,25.021005],[121.477435,25.021232],[121.47724,25.020479],[121.477147,25.020117],[121.478538,25.018272],[121.479199,25.018691],[121.47921,25.020333]]]},"properties":{"code":"65000010063","name":"雙玉里","countyCode":"65000","countyName":"新北市","townCode":"65000010","townName":"板橋區","level":"village","unassigned":false,"note":"","label":[121.47832354250511,25.020863815630932],"bounds":[121.475899,25.018272,121.479384,25.023516],"focusBounds":[121.475899,25.018272,121.479384,25.023516],"color":"#dd8590"}},{"type":"Feature","id":"65000010064","geometry":{"type":"Polygon","coordinates":[[[121.473606,25.019058],[121.474534,25.019675],[121.474707,25.019375],[121.475012,25.019412],[121.476691,25.020494],[121.47724,25.020479],[121.477435,25.021232],[121.476517,25.021005],[121.476729,25.02191],[121.475899,25.022017],[121.47413,25.020715],[121.474229,25.020615],[121.474009,25.020454],[121.473914,25.020561],[121.472224,25.019332],[121.472651,25.019105],[121.473048,25.019191],[121.473606,25.019058]]]},"properties":{"code":"65000010064","name":"廣新里","countyCode":"65000","countyName":"新北市","townCode":"65000010","townName":"板橋區","level":"village","unassigned":false,"note":"","label":[121.47508180244648,25.020436062661304],"bounds":[121.472224,25.019058,121.477435,25.022017],"focusBounds":[121.472224,25.019058,121.477435,25.022017],"color":"#a49ad4"}},{"type":"Feature","id":"65000010065","geometry":{"type":"Polygon","coordinates":[[[121.471324,25.012363],[121.469751,25.011533],[121.46854,25.013263],[121.463823,25.011037],[121.464218,25.010242],[121.463768,25.009138],[121.463296,25.009099],[121.463572,25.007737],[121.464071,25.00781],[121.464103,25.007584],[121.46434,25.007591],[121.46447,25.007594],[121.464761,25.008225],[121.465055,25.008805],[121.465785,25.008542],[121.468876,25.009165],[121.471269,25.008947],[121.472865,25.009625],[121.472701,25.009898],[121.473465,25.010546],[121.473403,25.010696],[121.473891,25.011602],[121.473749,25.011902],[121.473426,25.012197],[121.472576,25.011664],[121.472402,25.011938],[121.471862,25.011663],[121.471324,25.012363]]]},"properties":{"code":"65000010065","name":"深丘里","countyCode":"65000","countyName":"新北市","townCode":"65000010","townName":"板橋區","level":"village","unassigned":false,"note":"","label":[121.46793380589556,25.010975896678804],"bounds":[121.463296,25.007584,121.473891,25.013263],"focusBounds":[121.463296,25.007584,121.473891,25.013263],"color":"#a8bf62"}},{"type":"Feature","id":"65000010066","geometry":{"type":"Polygon","coordinates":[[[121.471928,25.014844],[121.470405,25.015511],[121.469208,25.015838],[121.468523,25.016712],[121.46669,25.015494],[121.46854,25.013263],[121.471928,25.014844]]]},"properties":{"code":"65000010066","name":"香丘里","countyCode":"65000","countyName":"新北市","townCode":"65000010","townName":"板橋區","level":"village","unassigned":false,"note":"","label":[121.46895191174585,25.014690831215937],"bounds":[121.46669,25.013263,121.471928,25.016712],"focusBounds":[121.46669,25.013263,121.471928,25.016712],"color":"#68bec9"}},{"type":"Feature","id":"65000010067","geometry":{"type":"Polygon","coordinates":[[[121.477213,25.017403],[121.477088,25.01756],[121.476552,25.017302],[121.476464,25.017442],[121.47572,25.016843],[121.475583,25.016779],[121.475463,25.017008],[121.474944,25.016702],[121.47502,25.016575],[121.473368,25.016045],[121.473248,25.016255],[121.472987,25.016228],[121.472121,25.016607],[121.471887,25.016093],[121.469976,25.01668],[121.470058,25.01685],[121.469205,25.017161],[121.468523,25.016712],[121.469208,25.015838],[121.470405,25.015511],[121.471928,25.014844],[121.473512,25.015573],[121.477201,25.017394],[121.477213,25.017403]]]},"properties":{"code":"65000010067","name":"西安里","countyCode":"65000","countyName":"新北市","townCode":"65000010","townName":"板橋區","level":"village","unassigned":false,"note":"","label":[121.47249220523406,25.0157739586522],"bounds":[121.468523,25.014844,121.477213,25.01756],"focusBounds":[121.468523,25.014844,121.477213,25.01756],"color":"#df9f6a"}},{"type":"Feature","id":"65000010068","geometry":{"type":"Polygon","coordinates":[[[121.477059,25.013632],[121.476414,25.01456],[121.47728,25.014951],[121.477798,25.015366],[121.477692,25.015655],[121.477914,25.015794],[121.47767,25.016114],[121.477869,25.016358],[121.477201,25.017394],[121.473512,25.015573],[121.475804,25.012908],[121.477059,25.013632]]]},"properties":{"code":"65000010068","name":"東丘里","countyCode":"65000","countyName":"新北市","townCode":"65000010","townName":"板橋區","level":"village","unassigned":false,"note":"","label":[121.4757277184333,25.01543160112796],"bounds":[121.473512,25.012908,121.477914,25.017394],"focusBounds":[121.473512,25.012908,121.477914,25.017394],"color":"#98b69b"}},{"type":"Feature","id":"65000010069","geometry":{"type":"Polygon","coordinates":[[[121.475388,25.012636],[121.471928,25.014844],[121.46854,25.013263],[121.469751,25.011533],[121.471324,25.012363],[121.473162,25.013167],[121.474364,25.012045],[121.475388,25.012636]]]},"properties":{"code":"65000010069","name":"長安里","countyCode":"65000","countyName":"新北市","townCode":"65000010","townName":"板橋區","level":"village","unassigned":false,"note":"","label":[121.47150528631337,25.013544212586254],"bounds":[121.46854,25.011533,121.475388,25.014844],"focusBounds":[121.46854,25.011533,121.475388,25.014844],"color":"#98b69b"}},{"type":"Feature","id":"65000010070","geometry":{"type":"Polygon","coordinates":[[[121.460851,25.009078],[121.461109,25.008901],[121.460927,25.008665],[121.461211,25.008491],[121.461056,25.008117],[121.460825,25.00797],[121.461783,25.00739],[121.463572,25.007737],[121.463296,25.009099],[121.463768,25.009138],[121.464218,25.010242],[121.463823,25.011037],[121.46854,25.013263],[121.46669,25.015494],[121.463296,25.012894],[121.461909,25.011278],[121.460337,25.009429],[121.460851,25.009078]]]},"properties":{"code":"65000010070","name":"福丘里","countyCode":"65000","countyName":"新北市","townCode":"65000010","townName":"板橋區","level":"village","unassigned":false,"note":"","label":[121.46271069158308,25.010263815334195],"bounds":[121.460337,25.00739,121.46854,25.015494],"focusBounds":[121.460337,25.00739,121.46854,25.015494],"color":"#58b99d"}},{"type":"Feature","id":"65000010071","geometry":{"type":"Polygon","coordinates":[[[121.464761,25.008225],[121.464804,25.00778],[121.466884,25.006922],[121.467062,25.007228],[121.467505,25.007269],[121.467764,25.005664],[121.468016,25.005026],[121.467979,25.004458],[121.469745,25.005979],[121.470928,25.006572],[121.471088,25.006629],[121.465785,25.008542],[121.465055,25.008805],[121.464761,25.008225]]]},"properties":{"code":"65000010071","name":"福祿里","countyCode":"65000","countyName":"新北市","townCode":"65000010","townName":"板橋區","level":"village","unassigned":false,"note":"","label":[121.46869747512132,25.00642796433106],"bounds":[121.464761,25.004458,121.471088,25.008805],"focusBounds":[121.464761,25.004458,121.471088,25.008805],"color":"#efb44f"}},{"type":"Feature","id":"65000010072","geometry":{"type":"Polygon","coordinates":[[[121.471269,25.008947],[121.468876,25.009165],[121.465785,25.008542],[121.471088,25.006629],[121.472129,25.007152],[121.471269,25.008947]]]},"properties":{"code":"65000010072","name":"民族里","countyCode":"65000","countyName":"新北市","townCode":"65000010","townName":"板橋區","level":"village","unassigned":false,"note":"","label":[121.46962182710874,25.0081275189646],"bounds":[121.465785,25.006629,121.472129,25.009165],"focusBounds":[121.465785,25.006629,121.472129,25.009165],"color":"#78a7e3"}},{"type":"Feature","id":"65000010073","geometry":{"type":"Polygon","coordinates":[[[121.46434,25.007591],[121.464267,25.00738],[121.463961,25.007331],[121.464156,25.006558],[121.4639,25.006595],[121.463905,25.006481],[121.464166,25.006498],[121.464428,25.005593],[121.464787,25.005506],[121.46474,25.005406],[121.466968,25.004712],[121.467213,25.004054],[121.467961,25.004197],[121.467979,25.004458],[121.468016,25.005026],[121.467764,25.005664],[121.467505,25.007269],[121.467062,25.007228],[121.466884,25.006922],[121.464804,25.00778],[121.464761,25.008225],[121.46447,25.007594],[121.46434,25.007591]]]},"properties":{"code":"65000010073","name":"國泰里","countyCode":"65000","countyName":"新北市","townCode":"65000010","townName":"板橋區","level":"village","unassigned":false,"note":"","label":[121.4660911020381,25.00611702023869],"bounds":[121.4639,25.004054,121.468016,25.008225],"focusBounds":[121.4639,25.004054,121.468016,25.008225],"color":"#dd8590"}},{"type":"Feature","id":"65000010074","geometry":{"type":"Polygon","coordinates":[[[121.46474,25.005406],[121.462535,25.005145],[121.463249,25.002347],[121.465135,25.002639],[121.466292,25.002181],[121.466851,25.00228],[121.466815,25.002864],[121.468402,25.00331],[121.467961,25.004197],[121.467213,25.004054],[121.466968,25.004712],[121.46474,25.005406]]]},"properties":{"code":"65000010074","name":"福德里","countyCode":"65000","countyName":"新北市","townCode":"65000010","townName":"板橋區","level":"village","unassigned":false,"note":"","label":[121.46491827934342,25.003977963118757],"bounds":[121.462535,25.002181,121.468402,25.005406],"focusBounds":[121.462535,25.002181,121.468402,25.005406],"color":"#a49ad4"}},{"type":"Feature","id":"65000010075","geometry":{"type":"Polygon","coordinates":[[[121.461783,25.00739],[121.460825,25.00797],[121.461056,25.008117],[121.461211,25.008491],[121.460927,25.008665],[121.461109,25.008901],[121.460851,25.009078],[121.459479,25.007117],[121.459829,25.004683],[121.462215,25.005095],[121.461783,25.00739]]]},"properties":{"code":"65000010075","name":"景星里","countyCode":"65000","countyName":"新北市","townCode":"65000010","townName":"板橋區","level":"village","unassigned":false,"note":"","label":[121.4607667397368,25.006432145356833],"bounds":[121.459479,25.004683,121.462215,25.009078],"focusBounds":[121.459479,25.004683,121.462215,25.009078],"color":"#a8bf62"}},{"type":"Feature","id":"65000010076","geometry":{"type":"Polygon","coordinates":[[[121.463249,25.002347],[121.462535,25.005145],[121.462215,25.005095],[121.459829,25.004683],[121.460001,25.003029],[121.458624,25.00042],[121.459154,25.000312],[121.45949,25.000961],[121.462861,25.001753],[121.463265,25.001805],[121.463249,25.002347]]]},"properties":{"code":"65000010076","name":"福星里","countyCode":"65000","countyName":"新北市","townCode":"65000010","townName":"板橋區","level":"village","unassigned":false,"note":"","label":[121.46144300067064,25.002980120905836],"bounds":[121.458624,25.000312,121.463265,25.005145],"focusBounds":[121.458624,25.000312,121.463265,25.005145],"color":"#68bec9"}},{"type":"Feature","id":"65000010077","geometry":{"type":"Polygon","coordinates":[[[121.460851,25.009078],[121.460337,25.009429],[121.458439,25.007291],[121.45776,25.00661],[121.457558,25.006393],[121.45832,25.006169],[121.458744,25.005309],[121.458944,25.004315],[121.458875,25.003538],[121.458684,25.002656],[121.458202,25.002254],[121.45794,25.001593],[121.456724,25.001113],[121.456008,25.001094],[121.455426,24.997725],[121.455929,24.997343],[121.456117,24.996272],[121.456272,24.996342],[121.45696,24.996903],[121.456996,24.996956],[121.458251,24.999646],[121.458624,25.00042],[121.460001,25.003029],[121.459829,25.004683],[121.459479,25.007117],[121.460851,25.009078]]]},"properties":{"code":"65000010077","name":"鄉雲里","countyCode":"65000","countyName":"新北市","townCode":"65000010","townName":"板橋區","level":"village","unassigned":false,"note":"","label":[121.45706810949243,24.999919206713066],"bounds":[121.455426,24.996272,121.460851,25.009429],"focusBounds":[121.455426,24.996272,121.460851,25.009429],"color":"#df9f6a"}},{"type":"Feature","id":"65000010078","geometry":{"type":"Polygon","coordinates":[[[121.466292,25.002181],[121.465135,25.002639],[121.463249,25.002347],[121.463265,25.001805],[121.462861,25.001753],[121.463073,25.000455],[121.463853,24.99819],[121.464069,24.998218],[121.464576,24.997034],[121.465012,24.996991],[121.465162,24.997184],[121.465638,24.997786],[121.465411,24.998006],[121.465777,24.998574],[121.466213,24.999915],[121.466541,25.000429],[121.466431,25.000884],[121.46605,25.001285],[121.465848,25.002036],[121.466248,25.002175],[121.466255,25.002176],[121.466292,25.002181]]]},"properties":{"code":"65000010078","name":"廣德里","countyCode":"65000","countyName":"新北市","townCode":"65000010","townName":"板橋區","level":"village","unassigned":false,"note":"","label":[121.46473316062988,25.00032340286087],"bounds":[121.462861,24.996991,121.466541,25.002639],"focusBounds":[121.462861,24.996991,121.466541,25.002639],"color":"#c38cb8"}},{"type":"Feature","id":"65000010079","geometry":{"type":"Polygon","coordinates":[[[121.458251,24.999646],[121.459551,24.999428],[121.459656,24.999996],[121.460864,25.000136],[121.460826,25.000377],[121.461043,25.000382],[121.461849,24.999026],[121.461491,24.998886],[121.46141,24.998635],[121.463221,24.998921],[121.463379,24.998091],[121.463853,24.99819],[121.463073,25.000455],[121.462861,25.001753],[121.45949,25.000961],[121.459154,25.000312],[121.458624,25.00042],[121.458251,24.999646]]]},"properties":{"code":"65000010079","name":"大豐里","countyCode":"65000","countyName":"新北市","townCode":"65000010","townName":"板橋區","level":"village","unassigned":false,"note":"","label":[121.46215800027358,25.000298086602452],"bounds":[121.458251,24.998091,121.463853,25.001753],"focusBounds":[121.458251,24.998091,121.463853,25.001753],"color":"#98b69b"}},{"type":"Feature","id":"65000010080","geometry":{"type":"Polygon","coordinates":[[[121.459656,24.994504],[121.459694,24.995646],[121.460412,24.995756],[121.460472,24.995157],[121.460901,24.995386],[121.462607,24.995706],[121.462792,24.995308],[121.462432,24.995206],[121.462531,24.994917],[121.463771,24.995969],[121.464408,24.995296],[121.464224,24.995668],[121.465012,24.996991],[121.464576,24.997034],[121.464069,24.998218],[121.463853,24.99819],[121.463379,24.998091],[121.463221,24.998921],[121.46141,24.998635],[121.460836,24.998589],[121.460879,24.998327],[121.460346,24.998126],[121.460163,24.997698],[121.456996,24.996956],[121.45696,24.996903],[121.457219,24.994044],[121.459656,24.994504]]]},"properties":{"code":"65000010080","name":"重慶里","countyCode":"65000","countyName":"新北市","townCode":"65000010","townName":"板橋區","level":"village","unassigned":false,"note":"","label":[121.46184035099785,24.997132724896538],"bounds":[121.45696,24.994044,121.465012,24.998921],"focusBounds":[121.45696,24.994044,121.465012,24.998921],"color":"#58b99d"}},{"type":"Feature","id":"65000010081","geometry":{"type":"Polygon","coordinates":[[[121.46141,24.998635],[121.461491,24.998886],[121.461849,24.999026],[121.461043,25.000382],[121.460826,25.000377],[121.460864,25.000136],[121.459656,24.999996],[121.459551,24.999428],[121.458251,24.999646],[121.456996,24.996956],[121.460163,24.997698],[121.460346,24.998126],[121.460879,24.998327],[121.460836,24.998589],[121.46141,24.998635]]]},"properties":{"code":"65000010081","name":"仁愛里","countyCode":"65000","countyName":"新北市","townCode":"65000010","townName":"板橋區","level":"village","unassigned":false,"note":"","label":[121.45923087464344,24.998480511587267],"bounds":[121.456996,24.996956,121.461849,25.000382],"focusBounds":[121.456996,24.996956,121.461849,25.000382],"color":"#efb44f"}},{"type":"Feature","id":"65000010082","geometry":{"type":"Polygon","coordinates":[[[121.462531,24.994917],[121.462432,24.995206],[121.462792,24.995308],[121.462607,24.995706],[121.460901,24.995386],[121.460472,24.995157],[121.460412,24.995756],[121.459694,24.995646],[121.459656,24.994504],[121.461268,24.994563],[121.461407,24.993904],[121.461931,24.993115],[121.462727,24.993091],[121.462803,24.992751],[121.463119,24.9926],[121.463543,24.99284],[121.463411,24.993383],[121.463607,24.993487],[121.463427,24.993974],[121.462423,24.993574],[121.462193,24.994857],[121.462531,24.994917]]]},"properties":{"code":"65000010082","name":"和平里","countyCode":"65000","countyName":"新北市","townCode":"65000010","townName":"板橋區","level":"village","unassigned":false,"note":"","label":[121.46165464375478,24.994978290028428],"bounds":[121.459656,24.9926,121.463607,24.995756],"focusBounds":[121.459656,24.9926,121.463607,24.995756],"color":"#78a7e3"}},{"type":"Feature","id":"65000010083","geometry":{"type":"Polygon","coordinates":[[[121.463119,24.9926],[121.462803,24.992751],[121.462727,24.993091],[121.461931,24.993115],[121.461407,24.993904],[121.461268,24.994563],[121.459656,24.994504],[121.457219,24.994044],[121.457339,24.993755],[121.460362,24.990583],[121.460448,24.990044],[121.460471,24.990013],[121.461143,24.989142],[121.461686,24.989384],[121.461945,24.989163],[121.46279,24.98927],[121.463242,24.989058],[121.463435,24.989187],[121.463459,24.989448],[121.463707,24.989342],[121.464125,24.989627],[121.464955,24.989717],[121.465156,24.990051],[121.465546,24.990165],[121.464124,24.992398],[121.462727,24.99159],[121.462683,24.991775],[121.463012,24.99206],[121.462867,24.992347],[121.463119,24.9926]]]},"properties":{"code":"65000010083","name":"廣福里","countyCode":"65000","countyName":"新北市","townCode":"65000010","townName":"板橋區","level":"village","unassigned":false,"note":"","label":[121.46118104391384,24.991859241182592],"bounds":[121.457219,24.989058,121.465546,24.994563],"focusBounds":[121.457219,24.989058,121.465546,24.994563],"color":"#dd8590"}},{"type":"Feature","id":"65000010084","geometry":{"type":"Polygon","coordinates":[[[121.457587,25.00393],[121.45784,25.004701],[121.456539,25.005239],[121.456015,25.004736],[121.454823,25.003991],[121.454205,25.002704],[121.455078,25.002011],[121.455546,25.002426],[121.457024,25.003052],[121.457587,25.00393]]]},"properties":{"code":"65000010084","name":"華興里","countyCode":"65000","countyName":"新北市","townCode":"65000010","townName":"板橋區","level":"village","unassigned":false,"note":"","label":[121.45605987061896,25.00362880836262],"bounds":[121.454205,25.002011,121.45784,25.005239],"focusBounds":[121.454205,25.002011,121.45784,25.005239],"color":"#a49ad4"}},{"type":"Feature","id":"65000010085","geometry":{"type":"Polygon","coordinates":[[[121.458875,25.003538],[121.457587,25.00393],[121.457024,25.003052],[121.455546,25.002426],[121.455078,25.002011],[121.454598,25.001537],[121.454636,25.001244],[121.456008,25.001094],[121.456724,25.001113],[121.45794,25.001593],[121.458202,25.002254],[121.458684,25.002656],[121.458875,25.003538]]]},"properties":{"code":"65000010085","name":"華貴里","countyCode":"65000","countyName":"新北市","townCode":"65000010","townName":"板橋區","level":"village","unassigned":false,"note":"","label":[121.45696214112446,25.002116741843288],"bounds":[121.454598,25.001094,121.458875,25.00393],"focusBounds":[121.454598,25.001094,121.458875,25.00393],"color":"#a8bf62"}},{"type":"Feature","id":"65000010086","geometry":{"type":"Polygon","coordinates":[[[121.4549,24.995721],[121.451644,24.994434],[121.450854,24.994053],[121.450045,24.993435],[121.44947,24.993476],[121.449147,24.993006],[121.446489,24.993463],[121.446809,24.993961],[121.445543,24.994191],[121.442738,24.992891],[121.443501,24.991766],[121.444237,24.991045],[121.446137,24.99184],[121.447143,24.9919],[121.449109,24.992604],[121.449659,24.99308],[121.450193,24.992411],[121.451229,24.991933],[121.452413,24.991127],[121.453023,24.990998],[121.453742,24.992647],[121.453702,24.993504],[121.454208,24.993741],[121.454335,24.993948],[121.4549,24.995721]]]},"properties":{"code":"65000010086","name":"華德里","countyCode":"65000","countyName":"新北市","townCode":"65000010","townName":"板橋區","level":"village","unassigned":false,"note":"","label":[121.45182837608913,24.993016233438237],"bounds":[121.442738,24.990998,121.4549,24.995721],"focusBounds":[121.442738,24.990998,121.4549,24.995721],"color":"#68bec9"}},{"type":"Feature","id":"65000010087","geometry":{"type":"Polygon","coordinates":[[[121.445543,24.994191],[121.446809,24.993961],[121.446489,24.993463],[121.449147,24.993006],[121.44947,24.993476],[121.450045,24.993435],[121.450854,24.994053],[121.451644,24.994434],[121.4549,24.995721],[121.456117,24.996272],[121.455929,24.997343],[121.455426,24.997725],[121.456008,25.001094],[121.454636,25.001244],[121.454598,25.001537],[121.455078,25.002011],[121.454205,25.002704],[121.454823,25.003991],[121.453863,25.00366],[121.45258,25.003621],[121.452489,25.001838],[121.45169,24.999367],[121.450536,24.997995],[121.449627,24.997201],[121.448112,24.996354],[121.447374,24.99592],[121.446911,24.995225],[121.445543,24.994191]]]},"properties":{"code":"65000010087","name":"華東里","countyCode":"65000","countyName":"新北市","townCode":"65000010","townName":"板橋區","level":"village","unassigned":false,"note":"","label":[121.45296398379053,24.997371827678943],"bounds":[121.445543,24.993006,121.456117,25.003991],"focusBounds":[121.445543,24.993006,121.456117,25.003991],"color":"#c38cb8"}},{"type":"Feature","id":"65000010088","geometry":{"type":"Polygon","coordinates":[[[121.457219,24.994044],[121.45696,24.996903],[121.456272,24.996342],[121.45619,24.994807],[121.456342,24.993998],[121.456611,24.993147],[121.456573,24.992608],[121.457095,24.991385],[121.457724,24.991114],[121.45918,24.991032],[121.459784,24.990669],[121.460186,24.990448],[121.460448,24.990044],[121.460362,24.990583],[121.457339,24.993755],[121.457219,24.994044]]]},"properties":{"code":"65000010088","name":"信義里","countyCode":"65000","countyName":"新北市","townCode":"65000010","townName":"板橋區","level":"village","unassigned":false,"note":"","label":[121.45756921146665,24.992347557419635],"bounds":[121.45619,24.990044,121.460448,24.996903],"focusBounds":[121.45619,24.990044,121.460448,24.996903],"color":"#c38cb8"}},{"type":"Feature","id":"65000010089","geometry":{"type":"Polygon","coordinates":[[[121.44437,25.02073],[121.445112,25.020396],[121.445865,25.019696],[121.446598,25.01873],[121.44694,25.018709],[121.447026,25.018065],[121.447423,25.018026],[121.447978,25.01676],[121.447574,25.016705],[121.447986,25.013885],[121.447879,25.012825],[121.447512,25.011563],[121.446818,25.010551],[121.446192,25.008473],[121.44545,25.005494],[121.444814,25.004082],[121.446962,25.003963],[121.450292,25.003771],[121.45258,25.003621],[121.452298,25.006253],[121.451681,25.008002],[121.451399,25.009337],[121.451069,25.012443],[121.449927,25.015288],[121.448343,25.01804],[121.44537,25.022385],[121.44437,25.02073]]]},"properties":{"code":"65000010089","name":"浮洲里","countyCode":"65000","countyName":"新北市","townCode":"65000010","townName":"板橋區","level":"village","unassigned":false,"note":"","label":[121.44881481322908,25.006806968975855],"bounds":[121.44437,25.003621,121.45258,25.022385],"focusBounds":[121.44437,25.003621,121.45258,25.022385],"color":"#98b69b"}},{"type":"Feature","id":"65000010090","geometry":{"type":"Polygon","coordinates":[[[121.447512,25.011563],[121.447879,25.012825],[121.447986,25.013885],[121.447574,25.016705],[121.447978,25.01676],[121.447423,25.018026],[121.447026,25.018065],[121.44694,25.018709],[121.446598,25.01873],[121.445865,25.019696],[121.445112,25.020396],[121.44437,25.02073],[121.442662,25.01806],[121.44051,25.01535],[121.438613,25.012466],[121.445908,25.01179],[121.447512,25.011563]]]},"properties":{"code":"65000010090","name":"華中里","countyCode":"65000","countyName":"新北市","townCode":"65000010","townName":"板橋區","level":"village","unassigned":false,"note":"","label":[121.44430938661925,25.01521547499869],"bounds":[121.438613,25.011563,121.447986,25.02073],"focusBounds":[121.438613,25.011563,121.447986,25.02073],"color":"#58b99d"}},{"type":"Feature","id":"65000010091","geometry":{"type":"Polygon","coordinates":[[[121.446192,25.008473],[121.44413,25.008734],[121.443369,25.004163],[121.444814,25.004082],[121.44545,25.005494],[121.446192,25.008473]]]},"properties":{"code":"65000010091","name":"僑中里","countyCode":"65000","countyName":"新北市","townCode":"65000010","townName":"板橋區","level":"village","unassigned":false,"note":"","label":[121.44472381014464,25.00653433613176],"bounds":[121.443369,25.004082,121.446192,25.008734],"focusBounds":[121.443369,25.004082,121.446192,25.008734],"color":"#efb44f"}},{"type":"Feature","id":"65000010092","geometry":{"type":"Polygon","coordinates":[[[121.45258,25.003621],[121.450292,25.003771],[121.447651,25.002304],[121.446393,24.999281],[121.444684,24.999907],[121.444349,24.99955],[121.443291,24.999937],[121.442996,24.999059],[121.4429,24.998744],[121.445175,24.997919],[121.444935,24.997496],[121.448112,24.996354],[121.449627,24.997201],[121.450536,24.997995],[121.45169,24.999367],[121.452489,25.001838],[121.45258,25.003621]]]},"properties":{"code":"65000010092","name":"中山里","countyCode":"65000","countyName":"新北市","townCode":"65000010","townName":"板橋區","level":"village","unassigned":false,"note":"","label":[121.44899670412241,24.99973025722891],"bounds":[121.4429,24.996354,121.45258,25.003771],"focusBounds":[121.4429,24.996354,121.45258,25.003771],"color":"#78a7e3"}},{"type":"Feature","id":"65000010093","geometry":{"type":"Polygon","coordinates":[[[121.446962,25.003963],[121.444814,25.004082],[121.443737,25.001379],[121.443291,24.999937],[121.444349,24.99955],[121.444684,24.999907],[121.446432,25.002112],[121.446962,25.003963]]]},"properties":{"code":"65000010093","name":"復興里","countyCode":"65000","countyName":"新北市","townCode":"65000010","townName":"板橋區","level":"village","unassigned":false,"note":"","label":[121.44510595319036,25.00208605058242],"bounds":[121.443291,24.99955,121.446962,25.004082],"focusBounds":[121.443291,24.99955,121.446962,25.004082],"color":"#dd8590"}},{"type":"Feature","id":"65000010094","geometry":{"type":"Polygon","coordinates":[[[121.450292,25.003771],[121.446962,25.003963],[121.446432,25.002112],[121.444684,24.999907],[121.446393,24.999281],[121.447651,25.002304],[121.450292,25.003771]]]},"properties":{"code":"65000010094","name":"大安里","countyCode":"65000","countyName":"新北市","townCode":"65000010","townName":"板橋區","level":"village","unassigned":false,"note":"","label":[121.44607227238376,25.00040143032804],"bounds":[121.444684,24.999281,121.450292,25.003963],"focusBounds":[121.444684,24.999281,121.450292,25.003963],"color":"#a49ad4"}},{"type":"Feature","id":"65000010095","geometry":{"type":"Polygon","coordinates":[[[121.448112,24.996354],[121.444935,24.997496],[121.445175,24.997919],[121.4429,24.998744],[121.442996,24.999059],[121.436292,24.997183],[121.436116,24.992803],[121.436347,24.990165],[121.43625,24.989017],[121.437603,24.98916],[121.438608,24.989703],[121.439281,24.990296],[121.440334,24.990503],[121.440511,24.992199],[121.440859,24.992586],[121.440996,24.992161],[121.442017,24.992204],[121.442738,24.992891],[121.445543,24.994191],[121.446911,24.995225],[121.447374,24.99592],[121.448112,24.996354]]]},"properties":{"code":"65000010095","name":"福安里","countyCode":"65000","countyName":"新北市","townCode":"65000010","townName":"板橋區","level":"village","unassigned":false,"note":"","label":[121.44074960582385,24.995447471224864],"bounds":[121.436116,24.989017,121.448112,24.999059],"focusBounds":[121.436116,24.989017,121.448112,24.999059],"color":"#a8bf62"}},{"type":"Feature","id":"65000010096","geometry":{"type":"Polygon","coordinates":[[[121.443369,25.004163],[121.436854,25.004582],[121.43699,25.003137],[121.436459,25.000783],[121.443737,25.001379],[121.444814,25.004082],[121.443369,25.004163]]]},"properties":{"code":"65000010096","name":"聚安里","countyCode":"65000","countyName":"新北市","townCode":"65000010","townName":"板橋區","level":"village","unassigned":false,"note":"","label":[121.44033493769045,25.002729208228523],"bounds":[121.436459,25.000783,121.444814,25.004582],"focusBounds":[121.436459,25.000783,121.444814,25.004582],"color":"#98b69b"}},{"type":"Feature","id":"65000010097","geometry":{"type":"Polygon","coordinates":[[[121.443291,24.999937],[121.443737,25.001379],[121.436459,25.000783],[121.436371,25.000168],[121.436292,24.997183],[121.442996,24.999059],[121.443291,24.999937]]]},"properties":{"code":"65000010097","name":"龍安里","countyCode":"65000","countyName":"新北市","townCode":"65000010","townName":"板橋區","level":"village","unassigned":false,"note":"","label":[121.4395817470414,24.999571261591413],"bounds":[121.436292,24.997183,121.443737,25.001379],"focusBounds":[121.436292,24.997183,121.443737,25.001379],"color":"#c38cb8"}},{"type":"Feature","id":"65000010098","geometry":{"type":"Polygon","coordinates":[[[121.428755,24.992563],[121.428177,24.992934],[121.427535,24.992081],[121.427627,24.992024],[121.427768,24.992143],[121.428222,24.992069],[121.429758,24.991197],[121.431241,24.99061],[121.432518,24.990019],[121.433077,24.991836],[121.433415,24.99398],[121.432443,24.994129],[121.43251,24.994218],[121.433419,24.994004],[121.433541,24.9949],[121.433285,24.994927],[121.433555,24.994998],[121.433722,24.995653],[121.432332,24.995931],[121.43255,24.997291],[121.433146,24.998243],[121.431799,24.999296],[121.430808,24.998102],[121.430631,24.996937],[121.430931,24.996253],[121.430087,24.995218],[121.429331,24.993996],[121.428877,24.993658],[121.428755,24.992563]]]},"properties":{"code":"65000010098","name":"崑崙里","countyCode":"65000","countyName":"新北市","townCode":"65000010","townName":"板橋區","level":"village","unassigned":false,"note":"","label":[121.43101969903383,24.99283962457694],"bounds":[121.427535,24.990019,121.433722,24.999296],"focusBounds":[121.427535,24.990019,121.433722,24.999296],"color":"#98b69b"}},{"type":"Feature","id":"65000010099","geometry":{"type":"Polygon","coordinates":[[[121.429188,24.987996],[121.42931,24.988107],[121.4261,24.990409],[121.425178,24.989537],[121.424793,24.98892],[121.424574,24.988421],[121.42442,24.987292],[121.424515,24.98698],[121.425096,24.986363],[121.425571,24.985379],[121.427281,24.986902],[121.427715,24.986936],[121.429188,24.987996]]]},"properties":{"code":"65000010099","name":"溪洲里","countyCode":"65000","countyName":"新北市","townCode":"65000010","townName":"板橋區","level":"village","unassigned":false,"note":"","label":[121.42625703796708,24.988143440247413],"bounds":[121.42442,24.985379,121.42931,24.990409],"focusBounds":[121.42442,24.985379,121.42931,24.990409],"color":"#98b69b"}},{"type":"Feature","id":"65000010100","geometry":{"type":"Polygon","coordinates":[[[121.431241,24.99061],[121.429758,24.991197],[121.428222,24.992069],[121.427768,24.992143],[121.427627,24.992024],[121.427938,24.991831],[121.4261,24.990409],[121.42931,24.988107],[121.429188,24.987996],[121.429494,24.987755],[121.431241,24.99061]]]},"properties":{"code":"65000010100","name":"溪北里","countyCode":"65000","countyName":"新北市","townCode":"65000010","townName":"板橋區","level":"village","unassigned":false,"note":"","label":[121.42878638089871,24.990115614430835],"bounds":[121.4261,24.987755,121.431241,24.992143],"focusBounds":[121.4261,24.987755,121.431241,24.992143],"color":"#58b99d"}},{"type":"Feature","id":"65000010101","geometry":{"type":"Polygon","coordinates":[[[121.454211,25.016883],[121.453931,25.016788],[121.454156,25.016353],[121.453075,25.016251],[121.452892,25.016163],[121.452937,25.016033],[121.452685,25.015963],[121.452109,25.016736],[121.452342,25.016838],[121.452117,25.017297],[121.451846,25.017287],[121.452023,25.017985],[121.4515,25.018133],[121.451544,25.018448],[121.450869,25.018385],[121.450961,25.018141],[121.450537,25.017995],[121.450384,25.018319],[121.448343,25.01804],[121.449927,25.015288],[121.451069,25.012443],[121.451948,25.01251],[121.451481,25.014113],[121.451993,25.015305],[121.452953,25.015841],[121.454777,25.015201],[121.454924,25.015449],[121.454596,25.01641],[121.45458,25.016918],[121.454211,25.016883]]]},"properties":{"code":"65000010101","name":"香雅里","countyCode":"65000","countyName":"新北市","townCode":"65000010","townName":"板橋區","level":"village","unassigned":false,"note":"","label":[121.45095773287919,25.016177572860922],"bounds":[121.448343,25.012443,121.454924,25.018448],"focusBounds":[121.448343,25.012443,121.454924,25.018448],"color":"#efb44f"}},{"type":"Feature","id":"65000010102","geometry":{"type":"Polygon","coordinates":[[[121.455972,25.022468],[121.456226,25.022443],[121.456212,25.022294],[121.455968,25.022034],[121.455966,25.021769],[121.45559,25.021747],[121.455657,25.02052],[121.455907,25.020829],[121.456351,25.020639],[121.457449,25.020828],[121.457743,25.020887],[121.457828,25.021089],[121.459004,25.021259],[121.459148,25.021412],[121.458137,25.022096],[121.455979,25.023251],[121.455972,25.022468]]]},"properties":{"code":"65000010102","name":"新生里","countyCode":"65000","countyName":"新北市","townCode":"65000010","townName":"板橋區","level":"village","unassigned":false,"note":"","label":[121.45697926598943,25.021650411938893],"bounds":[121.45559,25.02052,121.459148,25.023251],"focusBounds":[121.45559,25.02052,121.459148,25.023251],"color":"#78a7e3"}},{"type":"Feature","id":"65000010103","geometry":{"type":"Polygon","coordinates":[[[121.463184,25.024417],[121.46308,25.024621],[121.460789,25.023419],[121.46267,25.020368],[121.462761,25.02076],[121.462625,25.021192],[121.463304,25.023446],[121.463184,25.024417]]]},"properties":{"code":"65000010103","name":"文德里","countyCode":"65000","countyName":"新北市","townCode":"65000010","townName":"板橋區","level":"village","unassigned":false,"note":"","label":[121.46217950397708,25.02305597692957],"bounds":[121.460789,25.020368,121.463304,25.024621],"focusBounds":[121.460789,25.020368,121.463304,25.024621],"color":"#a8bf62"}},{"type":"Feature","id":"65000010104","geometry":{"type":"Polygon","coordinates":[[[121.465435,25.02787],[121.465915,25.026925],[121.466472,25.027116],[121.466748,25.026535],[121.46704,25.026647],[121.467182,25.026372],[121.468426,25.026895],[121.46901,25.025986],[121.469127,25.026261],[121.46964,25.025881],[121.469883,25.026304],[121.471016,25.028332],[121.46997,25.02847],[121.468545,25.028272],[121.468749,25.029896],[121.468075,25.030265],[121.467659,25.029681],[121.466074,25.02858],[121.466432,25.027889],[121.465435,25.02787]]]},"properties":{"code":"65000010104","name":"文化里","countyCode":"65000","countyName":"新北市","townCode":"65000010","townName":"板橋區","level":"village","unassigned":false,"note":"","label":[121.46754640107442,25.02781036275306],"bounds":[121.465435,25.025881,121.471016,25.030265],"focusBounds":[121.465435,25.025881,121.471016,25.030265],"color":"#a8bf62"}},{"type":"Feature","id":"65000010105","geometry":{"type":"Polygon","coordinates":[[[121.457419,25.028715],[121.456848,25.029599],[121.455883,25.029001],[121.456146,25.028687],[121.456738,25.026901],[121.456852,25.026964],[121.457095,25.02654],[121.457256,25.026601],[121.457422,25.026477],[121.457435,25.02634],[121.457167,25.02621],[121.457274,25.026044],[121.457096,25.025953],[121.458612,25.023435],[121.46021,25.024302],[121.459232,25.025853],[121.459387,25.025935],[121.459324,25.026015],[121.45986,25.02636],[121.459651,25.026633],[121.459528,25.026569],[121.459356,25.026842],[121.45903,25.026952],[121.458558,25.026918],[121.458427,25.027106],[121.458691,25.027629],[121.458221,25.028356],[121.457924,25.028225],[121.457419,25.028715]]]},"properties":{"code":"65000010105","name":"新海里","countyCode":"65000","countyName":"新北市","townCode":"65000010","townName":"板橋區","level":"village","unassigned":false,"note":"","label":[121.45829908987095,25.025996386050185],"bounds":[121.455883,25.023435,121.46021,25.029599],"focusBounds":[121.455883,25.023435,121.46021,25.029599],"color":"#a8bf62"}},{"type":"Feature","id":"65000010106","geometry":{"type":"Polygon","coordinates":[[[121.471868,25.025302],[121.469883,25.026304],[121.46964,25.025881],[121.468453,25.023797],[121.470955,25.023706],[121.471059,25.024104],[121.471868,25.025302]]]},"properties":{"code":"65000010106","name":"莒光里","countyCode":"65000","countyName":"新北市","townCode":"65000010","townName":"板橋區","level":"village","unassigned":false,"note":"","label":[121.4702119001624,25.024780358185865],"bounds":[121.468453,25.023706,121.471868,25.026304],"focusBounds":[121.468453,25.023706,121.471868,25.026304],"color":"#68bec9"}},{"type":"Feature","id":"65000010107","geometry":{"type":"Polygon","coordinates":[[[121.479251,25.017069],[121.479604,25.017049],[121.479631,25.01686],[121.480956,25.016889],[121.480968,25.016775],[121.483375,25.017836],[121.483164,25.018433],[121.483052,25.018214],[121.481715,25.018269],[121.4816,25.018507],[121.479234,25.018212],[121.479251,25.017069]]]},"properties":{"code":"65000010107","name":"富貴里","countyCode":"65000","countyName":"新北市","townCode":"65000010","townName":"板橋區","level":"village","unassigned":false,"note":"","label":[121.48105288552246,25.01762525245075],"bounds":[121.479234,25.016775,121.483375,25.018507],"focusBounds":[121.479234,25.016775,121.483375,25.018507],"color":"#df9f6a"}},{"type":"Feature","id":"65000010108","geometry":{"type":"Polygon","coordinates":[[[121.479211,25.016364],[121.478932,25.016372],[121.47897,25.015743],[121.47847,25.014804],[121.477059,25.013632],[121.478139,25.012487],[121.478885,25.012505],[121.478953,25.013287],[121.479102,25.014953],[121.479211,25.016364]]]},"properties":{"code":"65000010108","name":"正泰里","countyCode":"65000","countyName":"新北市","townCode":"65000010","townName":"板橋區","level":"village","unassigned":false,"note":"","label":[121.47821775032874,25.01359054297187],"bounds":[121.477059,25.012487,121.479211,25.016372],"focusBounds":[121.477059,25.012487,121.479211,25.016372],"color":"#98b69b"}},{"type":"Feature","id":"65000010109","geometry":{"type":"Polygon","coordinates":[[[121.473512,25.015573],[121.471928,25.014844],[121.475388,25.012636],[121.475804,25.012908],[121.473512,25.015573]]]},"properties":{"code":"65000010109","name":"民生里","countyCode":"65000","countyName":"新北市","townCode":"65000010","townName":"板橋區","level":"village","unassigned":false,"note":"","label":[121.47376568118744,25.014386689294245],"bounds":[121.471928,25.012636,121.475804,25.015573],"focusBounds":[121.471928,25.012636,121.475804,25.015573],"color":"#58b99d"}},{"type":"Feature","id":"65000010110","geometry":{"type":"Polygon","coordinates":[[[121.463572,25.007737],[121.461783,25.00739],[121.462215,25.005095],[121.462535,25.005145],[121.46474,25.005406],[121.464787,25.005506],[121.464428,25.005593],[121.464166,25.006498],[121.463905,25.006481],[121.4639,25.006595],[121.464156,25.006558],[121.463961,25.007331],[121.464267,25.00738],[121.46434,25.007591],[121.464103,25.007584],[121.464071,25.00781],[121.463572,25.007737]]]},"properties":{"code":"65000010110","name":"後埔里","countyCode":"65000","countyName":"新北市","townCode":"65000010","townName":"板橋區","level":"village","unassigned":false,"note":"","label":[121.46294727369855,25.006404999465467],"bounds":[121.461783,25.005095,121.464787,25.00781],"focusBounds":[121.461783,25.005095,121.464787,25.00781],"color":"#efb44f"}},{"type":"Feature","id":"65000010111","geometry":{"type":"Polygon","coordinates":[[[121.458875,25.003538],[121.458944,25.004315],[121.458744,25.005309],[121.45832,25.006169],[121.457558,25.006393],[121.456539,25.005239],[121.45784,25.004701],[121.457587,25.00393],[121.458875,25.003538]]]},"properties":{"code":"65000010111","name":"華福里","countyCode":"65000","countyName":"新北市","townCode":"65000010","townName":"板橋區","level":"village","unassigned":false,"note":"","label":[121.45780503362874,25.005518014921403],"bounds":[121.456539,25.003538,121.458944,25.006393],"focusBounds":[121.456539,25.003538,121.458944,25.006393],"color":"#efb44f"}},{"type":"Feature","id":"65000010112","geometry":{"type":"Polygon","coordinates":[[[121.432518,24.990019],[121.431241,24.99061],[121.429494,24.987755],[121.430537,24.987016],[121.431254,24.987897],[121.432868,24.987024],[121.434186,24.986666],[121.437743,24.984976],[121.438321,24.986374],[121.438947,24.9866],[121.439371,24.987362],[121.44009,24.988174],[121.440232,24.989534],[121.440334,24.990503],[121.439281,24.990296],[121.438608,24.989703],[121.437603,24.98916],[121.43625,24.989017],[121.435233,24.98908],[121.434414,24.989315],[121.434363,24.989209],[121.434242,24.989374],[121.432518,24.990019]]]},"properties":{"code":"65000010112","name":"堂春里","countyCode":"65000","countyName":"新北市","townCode":"65000010","townName":"板橋區","level":"village","unassigned":false,"note":"","label":[121.4367785527836,24.98725338722133],"bounds":[121.429494,24.984976,121.440334,24.99061],"focusBounds":[121.429494,24.984976,121.440334,24.99061],"color":"#78a7e3"}},{"type":"Feature","id":"65000010113","geometry":{"type":"Polygon","coordinates":[[[121.431799,24.999296],[121.433146,24.998243],[121.43255,24.997291],[121.432332,24.995931],[121.433722,24.995653],[121.433555,24.994998],[121.433285,24.994927],[121.433541,24.9949],[121.433419,24.994004],[121.43251,24.994218],[121.432443,24.994129],[121.433415,24.99398],[121.433077,24.991836],[121.432518,24.990019],[121.434242,24.989374],[121.434363,24.989209],[121.434414,24.989315],[121.435233,24.98908],[121.43625,24.989017],[121.436347,24.990165],[121.436116,24.992803],[121.436292,24.997183],[121.436371,25.000168],[121.434892,24.999987],[121.434743,25.000302],[121.43346,25.000184],[121.431799,24.999296]]]},"properties":{"code":"65000010113","name":"成和里","countyCode":"65000","countyName":"新北市","townCode":"65000010","townName":"板橋區","level":"village","unassigned":false,"note":"","label":[121.4348509077753,24.99463191466929],"bounds":[121.431799,24.989017,121.436371,25.000302],"focusBounds":[121.431799,24.989017,121.436371,25.000302],"color":"#dd8590"}},{"type":"Feature","id":"65000010114","geometry":{"type":"Polygon","coordinates":[[[121.453712,25.014011],[121.453431,25.013647],[121.452768,25.013977],[121.452618,25.013673],[121.451728,25.013806],[121.451679,25.014079],[121.451481,25.014113],[121.451948,25.01251],[121.452258,25.011529],[121.453774,25.011994],[121.453745,25.012086],[121.454017,25.012151],[121.453708,25.012533],[121.454181,25.012605],[121.453712,25.014011]]]},"properties":{"code":"65000010114","name":"光榮里","countyCode":"65000","countyName":"新北市","townCode":"65000010","townName":"板橋區","level":"village","unassigned":false,"note":"","label":[121.45286307002979,25.012822115886394],"bounds":[121.451481,25.011529,121.454181,25.014113],"focusBounds":[121.451481,25.011529,121.454181,25.014113],"color":"#a49ad4"}},{"type":"Feature","id":"65000010115","geometry":{"type":"Polygon","coordinates":[[[121.457235,25.016312],[121.45688,25.016231],[121.459246,25.01362],[121.459344,25.013505],[121.460326,25.014144],[121.460904,25.014992],[121.459506,25.015506],[121.459495,25.015387],[121.458806,25.015477],[121.45882,25.015657],[121.458146,25.01571],[121.458138,25.015478],[121.4579,25.015406],[121.457902,25.015683],[121.457704,25.0157],[121.457235,25.016312]]]},"properties":{"code":"65000010115","name":"民安里","countyCode":"65000","countyName":"新北市","townCode":"65000010","townName":"板橋區","level":"village","unassigned":false,"note":"","label":[121.45932992042982,25.014647946020162],"bounds":[121.45688,25.013505,121.460904,25.016312],"focusBounds":[121.45688,25.013505,121.460904,25.016312],"color":"#a8bf62"}},{"type":"Feature","id":"65000010116","geometry":{"type":"Polygon","coordinates":[[[121.464451,25.025004],[121.463791,25.024694],[121.463047,25.025838],[121.462505,25.025554],[121.46308,25.024621],[121.463184,25.024417],[121.464123,25.023106],[121.465366,25.022179],[121.465727,25.024106],[121.465677,25.024377],[121.46521,25.024394],[121.464621,25.02509],[121.464451,25.025004]]]},"properties":{"code":"65000010116","name":"陽明里","countyCode":"65000","countyName":"新北市","townCode":"65000010","townName":"板橋區","level":"village","unassigned":false,"note":"","label":[121.46440121751758,25.02408597452567],"bounds":[121.462505,25.022179,121.465727,25.025838],"focusBounds":[121.462505,25.022179,121.465727,25.025838],"color":"#c38cb8"}},{"type":"Feature","id":"65000010117","geometry":{"type":"Polygon","coordinates":[[[121.463124,25.028167],[121.461413,25.028331],[121.460926,25.028112],[121.461054,25.02785],[121.46035,25.027529],[121.46011,25.027946],[121.459053,25.027379],[121.459259,25.027058],[121.45903,25.026952],[121.459356,25.026842],[121.459528,25.026569],[121.459651,25.026633],[121.45986,25.02636],[121.459324,25.026015],[121.459387,25.025935],[121.463239,25.027922],[121.463124,25.028167]]]},"properties":{"code":"65000010117","name":"朝陽里","countyCode":"65000","countyName":"新北市","townCode":"65000010","townName":"板橋區","level":"village","unassigned":false,"note":"","label":[121.46096513700132,25.027279191129274],"bounds":[121.45903,25.025935,121.463239,25.028331],"focusBounds":[121.45903,25.025935,121.463239,25.028331],"color":"#df9f6a"}},{"type":"Feature","id":"65000010118","geometry":{"type":"Polygon","coordinates":[[[121.47511,25.027937],[121.475336,25.028162],[121.475224,25.028271],[121.47576,25.028718],[121.476152,25.028839],[121.476227,25.028131],[121.476624,25.028254],[121.476723,25.028108],[121.477773,25.02802],[121.478324,25.028308],[121.477519,25.029863],[121.476961,25.030799],[121.474437,25.029789],[121.473506,25.02906],[121.47511,25.027937]]]},"properties":{"code":"65000010118","name":"松柏里","countyCode":"65000","countyName":"新北市","townCode":"65000010","townName":"板橋區","level":"village","unassigned":false,"note":"","label":[121.47653422473591,25.029646246996393],"bounds":[121.473506,25.027937,121.478324,25.030799],"focusBounds":[121.473506,25.027937,121.478324,25.030799],"color":"#c38cb8"}},{"type":"Feature","id":"65000010119","geometry":{"type":"Polygon","coordinates":[[[121.479213,25.027865],[121.480269,25.028509],[121.480371,25.028616],[121.480274,25.028703],[121.4805,25.028879],[121.4789,25.030753],[121.478748,25.030677],[121.478721,25.030389],[121.477519,25.029863],[121.478324,25.028308],[121.478725,25.027576],[121.479213,25.027865]]]},"properties":{"code":"65000010119","name":"文聖里","countyCode":"65000","countyName":"新北市","townCode":"65000010","townName":"板橋區","level":"village","unassigned":false,"note":"","label":[121.47900723609769,25.029117449926417],"bounds":[121.477519,25.027576,121.4805,25.030753],"focusBounds":[121.477519,25.027576,121.4805,25.030753],"color":"#58b99d"}},{"type":"Feature","id":"65000010120","geometry":{"type":"Polygon","coordinates":[[[121.478953,25.013287],[121.481034,25.013367],[121.481911,25.013132],[121.482285,25.013568],[121.482553,25.014531],[121.482252,25.015173],[121.479102,25.014953],[121.478953,25.013287]]]},"properties":{"code":"65000010120","name":"居仁里","countyCode":"65000","countyName":"新北市","townCode":"65000010","townName":"板橋區","level":"village","unassigned":false,"note":"","label":[121.48075423592752,25.01421232054946],"bounds":[121.478953,25.013132,121.482553,25.015173],"focusBounds":[121.478953,25.013132,121.482553,25.015173],"color":"#58b99d"}},{"type":"Feature","id":"65000010121","geometry":{"type":"Polygon","coordinates":[[[121.469697,25.020492],[121.470658,25.01917],[121.470863,25.019298],[121.471211,25.018816],[121.471007,25.018704],[121.471139,25.018522],[121.472224,25.019332],[121.473914,25.020561],[121.473862,25.021533],[121.472192,25.021369],[121.471841,25.021704],[121.471769,25.022091],[121.471224,25.02133],[121.469697,25.020492]]]},"properties":{"code":"65000010121","name":"莊敬里","countyCode":"65000","countyName":"新北市","townCode":"65000010","townName":"板橋區","level":"village","unassigned":false,"note":"","label":[121.47184787001711,25.02037439796776],"bounds":[121.469697,25.018522,121.473914,25.022091],"focusBounds":[121.469697,25.018522,121.473914,25.022091],"color":"#78a7e3"}},{"type":"Feature","id":"65000010122","geometry":{"type":"Polygon","coordinates":[[[121.471324,25.012363],[121.471862,25.011663],[121.472402,25.011938],[121.472576,25.011664],[121.473426,25.012197],[121.473749,25.011902],[121.474364,25.012045],[121.473162,25.013167],[121.471324,25.012363]]]},"properties":{"code":"65000010122","name":"東安里","countyCode":"65000","countyName":"新北市","townCode":"65000010","townName":"板橋區","level":"village","unassigned":false,"note":"","label":[121.47274764164435,25.012378785911096],"bounds":[121.471324,25.011663,121.474364,25.013167],"focusBounds":[121.471324,25.011663,121.474364,25.013167],"color":"#78a7e3"}},{"type":"Feature","id":"65000010123","geometry":{"type":"Polygon","coordinates":[[[121.464408,24.995296],[121.463771,24.995969],[121.462531,24.994917],[121.462193,24.994857],[121.462423,24.993574],[121.463427,24.993974],[121.463607,24.993487],[121.463411,24.993383],[121.463543,24.99284],[121.463119,24.9926],[121.462867,24.992347],[121.463012,24.99206],[121.462683,24.991775],[121.462727,24.99159],[121.464124,24.992398],[121.465546,24.990165],[121.466092,24.990343],[121.466633,24.990789],[121.466704,24.991076],[121.466199,24.991095],[121.467122,24.992008],[121.46715,24.992982],[121.4669,24.993225],[121.466254,24.992973],[121.464408,24.995296]]]},"properties":{"code":"65000010123","name":"五權里","countyCode":"65000","countyName":"新北市","townCode":"65000010","townName":"板橋區","level":"village","unassigned":false,"note":"","label":[121.46476830954164,24.993226956576912],"bounds":[121.462193,24.990165,121.46715,24.995969],"focusBounds":[121.462193,24.990165,121.46715,24.995969],"color":"#a49ad4"}},{"type":"Feature","id":"65000010124","geometry":{"type":"Polygon","coordinates":[[[121.429494,24.987755],[121.429188,24.987996],[121.427715,24.986936],[121.427281,24.986902],[121.425571,24.985379],[121.425768,24.984933],[121.426577,24.984057],[121.426664,24.982609],[121.426509,24.982192],[121.426727,24.981448],[121.42658,24.980773],[121.426339,24.980418],[121.425966,24.980108],[121.425968,24.979952],[121.426758,24.977056],[121.426922,24.974913],[121.4267,24.972937],[121.427662,24.972277],[121.428813,24.972081],[121.430286,24.972962],[121.430692,24.973442],[121.431915,24.974059],[121.433224,24.97511],[121.433818,24.975539],[121.434205,24.976114],[121.434965,24.978823],[121.434711,24.979743],[121.434745,24.980647],[121.435159,24.981711],[121.435557,24.982187],[121.436944,24.983184],[121.437681,24.984564],[121.437743,24.984976],[121.434186,24.986666],[121.432868,24.987024],[121.431254,24.987897],[121.430537,24.987016],[121.429494,24.987755]]]},"properties":{"code":"65000010124","name":"溪福里","countyCode":"65000","countyName":"新北市","townCode":"65000010","townName":"板橋區","level":"village","unassigned":false,"note":"","label":[121.43067444156667,24.980650779271357],"bounds":[121.425571,24.972081,121.437743,24.987996],"focusBounds":[121.425571,24.972081,121.437743,24.987996],"color":"#a49ad4"}},{"type":"Feature","id":"65000010125","geometry":{"type":"Polygon","coordinates":[[[121.447512,25.011563],[121.445908,25.01179],[121.445623,25.011563],[121.444245,25.009486],[121.44413,25.008734],[121.446192,25.008473],[121.446818,25.010551],[121.447512,25.011563]]]},"properties":{"code":"65000010125","name":"大觀里","countyCode":"65000","countyName":"新北市","townCode":"65000010","townName":"板橋區","level":"village","unassigned":false,"note":"","label":[121.4457376012777,25.01009250670502],"bounds":[121.44413,25.008473,121.447512,25.01179],"focusBounds":[121.44413,25.008473,121.447512,25.01179],"color":"#a8bf62"}},{"type":"Feature","id":"65000010126","geometry":{"type":"Polygon","coordinates":[[[121.445908,25.01179],[121.438613,25.012466],[121.437656,25.010653],[121.437373,25.009639],[121.436804,25.006801],[121.436854,25.004582],[121.443369,25.004163],[121.44413,25.008734],[121.444245,25.009486],[121.445623,25.011563],[121.445908,25.01179]]]},"properties":{"code":"65000010126","name":"歡園里","countyCode":"65000","countyName":"新北市","townCode":"65000010","townName":"板橋區","level":"village","unassigned":false,"note":"","label":[121.44066444051296,25.008306285474664],"bounds":[121.436804,25.004163,121.445908,25.012466],"focusBounds":[121.436804,25.004163,121.445908,25.012466],"color":"#68bec9"}}]}
