{"type":"FeatureCollection","features":[{"type":"Feature","id":"10013010","geometry":{"type":"Polygon","coordinates":[[[120.521533,22.707374],[120.514809,22.710771],[120.512812,22.713076],[120.504759,22.713788],[120.502048,22.711431],[120.500429,22.713859],[120.499004,22.711858],[120.497279,22.712658],[120.496069,22.712166],[120.494244,22.709969],[120.492115,22.709116],[120.490546,22.707543],[120.489767,22.70787],[120.487765,22.707052],[120.485874,22.707064],[120.48428,22.705561],[120.483145,22.706474],[120.479495,22.706938],[120.476608,22.703132],[120.474716,22.702712],[120.47344,22.703226],[120.47251,22.702229],[120.471468,22.702879],[120.46799,22.696106],[120.468186,22.695019],[120.464179,22.692181],[120.464124,22.689992],[120.462357,22.689005],[120.456701,22.69025],[120.456734,22.689736],[120.454878,22.689425],[120.449704,22.689941],[120.448061,22.689434],[120.446975,22.687692],[120.442627,22.684557],[120.439588,22.678325],[120.44,22.673039],[120.437877,22.667061],[120.436628,22.665016],[120.436057,22.661337],[120.436061,22.651678],[120.436195,22.648149],[120.435317,22.639726],[120.435376,22.633771],[120.435908,22.631364],[120.43528,22.628819],[120.437668,22.629297],[120.43824,22.628608],[120.440592,22.628951],[120.441198,22.627656],[120.442537,22.627909],[120.443366,22.628783],[120.446351,22.629153],[120.448751,22.628693],[120.453105,22.629241],[120.454316,22.628966],[120.458596,22.630134],[120.45985,22.629033],[120.465028,22.627372],[120.468013,22.627061],[120.468657,22.626396],[120.469107,22.626968],[120.471426,22.62624],[120.472575,22.628807],[120.474083,22.628727],[120.474528,22.629621],[120.480292,22.630285],[120.480295,22.62697],[120.481113,22.623321],[120.480702,22.620695],[120.482275,22.620779],[120.484208,22.620155],[120.488547,22.622338],[120.490543,22.622392],[120.492477,22.623172],[120.493036,22.619325],[120.496279,22.618986],[120.501215,22.618842],[120.503838,22.619314],[120.503956,22.62004],[120.505453,22.62126],[120.506278,22.624892],[120.506849,22.627323],[120.508948,22.629757],[120.508432,22.631137],[120.506733,22.63139],[120.506531,22.632128],[120.50942,22.635443],[120.509596,22.637431],[120.508744,22.638499],[120.508635,22.640264],[120.510216,22.639515],[120.5111,22.640026],[120.510942,22.642065],[120.512167,22.645552],[120.514735,22.647954],[120.516767,22.648085],[120.517356,22.648659],[120.517528,22.649733],[120.515871,22.653764],[120.516941,22.655507],[120.517199,22.65725],[120.516649,22.658052],[120.519807,22.659213],[120.521178,22.659],[120.521278,22.658614],[120.522573,22.659622],[120.520275,22.662618],[120.518206,22.663489],[120.516047,22.663821],[120.513493,22.662716],[120.511823,22.663197],[120.51199,22.664169],[120.510796,22.664434],[120.510119,22.665994],[120.509068,22.666669],[120.509368,22.667776],[120.508092,22.668143],[120.508109,22.668895],[120.509532,22.670113],[120.509853,22.67125],[120.511059,22.671765],[120.511429,22.672991],[120.510276,22.678381],[120.510895,22.680021],[120.510405,22.681091],[120.511314,22.68482],[120.510729,22.688555],[120.511739,22.690984],[120.517033,22.693023],[120.519363,22.692032],[120.522911,22.693256],[120.525271,22.696618],[120.525716,22.698291],[120.527906,22.698601],[120.52845,22.699207],[120.528489,22.700405],[120.52575,22.704791],[120.521533,22.707374]]]},"properties":{"code":"10013010","name":"屏東市","countyCode":"10013","countyName":"屏東縣","townCode":"10013010","townName":"屏東市","level":"town","unassigned":false,"note":"","label":[120.47623175032345,22.66110692889596],"bounds":[120.43528,22.618842,120.528489,22.713859],"focusBounds":[120.43528,22.618842,120.528489,22.713859],"color":"#58b99d","childCount":59}},{"type":"Feature","id":"10013020","geometry":{"type":"Polygon","coordinates":[[[120.605641,22.524906],[120.599533,22.525507],[120.605371,22.540264],[120.591988,22.545946],[120.593445,22.549092],[120.589896,22.550602],[120.589418,22.549845],[120.587175,22.550321],[120.588653,22.553577],[120.587163,22.555957],[120.586868,22.55865],[120.585469,22.560467],[120.58336,22.560175],[120.583535,22.559109],[120.583042,22.558731],[120.583042,22.559814],[120.581309,22.559998],[120.576452,22.559271],[120.576773,22.558134],[120.573507,22.558045],[120.572319,22.55861],[120.572637,22.556344],[120.571984,22.553697],[120.570757,22.553647],[120.564582,22.554932],[120.563327,22.557282],[120.562232,22.55806],[120.55957,22.559255],[120.556991,22.559565],[120.55516,22.561132],[120.555429,22.56343],[120.554879,22.564093],[120.550448,22.564888],[120.549806,22.565937],[120.547502,22.565101],[120.546808,22.564083],[120.544563,22.564895],[120.540217,22.563605],[120.539745,22.564378],[120.537967,22.56342],[120.535376,22.564043],[120.533307,22.563958],[120.529676,22.565754],[120.528545,22.563813],[120.526429,22.562074],[120.521562,22.559654],[120.518756,22.55757],[120.520121,22.55411],[120.519764,22.553121],[120.518627,22.55239],[120.517106,22.55243],[120.516101,22.553144],[120.515786,22.557334],[120.512055,22.557828],[120.509145,22.554665],[120.509451,22.551603],[120.510197,22.550098],[120.508362,22.547689],[120.508632,22.546679],[120.517173,22.545702],[120.519218,22.546341],[120.520222,22.547524],[120.52326,22.546844],[120.523752,22.543673],[120.523338,22.543605],[120.52336,22.542683],[120.522642,22.542635],[120.522644,22.54191],[120.520091,22.541262],[120.519349,22.538289],[120.522011,22.535813],[120.523596,22.533352],[120.52333,22.527385],[120.523768,22.526057],[120.525309,22.525779],[120.526049,22.521818],[120.524747,22.521624],[120.525088,22.518702],[120.523396,22.518484],[120.523777,22.51561],[120.52408,22.514395],[120.525491,22.514413],[120.526274,22.510926],[120.529328,22.511306],[120.530105,22.506382],[120.529886,22.503415],[120.532788,22.507515],[120.539018,22.509584],[120.540217,22.510604],[120.545502,22.510909],[120.547609,22.509323],[120.556211,22.508954],[120.569511,22.511843],[120.582243,22.515429],[120.58155,22.516727],[120.58824,22.518858],[120.58924,22.517397],[120.601458,22.521039],[120.603735,22.521068],[120.605641,22.524906]]]},"properties":{"code":"10013020","name":"潮州鎮","countyCode":"10013","countyName":"屏東縣","townCode":"10013020","townName":"潮州鎮","level":"town","unassigned":false,"note":"","label":[120.55588072131252,22.53474174361905],"bounds":[120.508362,22.503415,120.605641,22.565937],"focusBounds":[120.508362,22.503415,120.605641,22.565937],"color":"#78a7e3","childCount":21}},{"type":"Feature","id":"10013030","geometry":{"type":"Polygon","coordinates":[[[120.493145,22.491988],[120.491934,22.492243],[120.490505,22.493725],[120.48927,22.49762],[120.488407,22.498623],[120.479391,22.500464],[120.477202,22.499104],[120.476511,22.495178],[120.470329,22.491379],[120.468552,22.489409],[120.4658,22.484159],[120.461554,22.47914],[120.450775,22.472631],[120.445938,22.471525],[120.445036,22.469477],[120.444005,22.468496],[120.434979,22.464642],[120.434705,22.463776],[120.436008,22.459475],[120.43851,22.459362],[120.439735,22.456804],[120.447076,22.449339],[120.458544,22.439358],[120.480588,22.426856],[120.482767,22.430992],[120.482293,22.431814],[120.483297,22.431322],[120.483988,22.433238],[120.48725,22.436122],[120.488283,22.435302],[120.48925,22.435352],[120.49164,22.434224],[120.492092,22.435169],[120.493131,22.4351],[120.496175,22.436184],[120.498604,22.444341],[120.50146,22.448128],[120.503452,22.448379],[120.503575,22.449727],[120.501737,22.449716],[120.501051,22.450901],[120.499803,22.451507],[120.499627,22.4553],[120.499004,22.455896],[120.49706,22.455699],[120.499512,22.46018],[120.501677,22.460463],[120.50153,22.465327],[120.502027,22.465436],[120.501969,22.466444],[120.501402,22.468169],[120.500485,22.468528],[120.501365,22.47374],[120.499026,22.474376],[120.498824,22.475791],[120.491674,22.474771],[120.49137,22.473613],[120.490265,22.473349],[120.490259,22.472683],[120.487593,22.471993],[120.487759,22.475584],[120.487165,22.480341],[120.48864,22.483576],[120.489083,22.483654],[120.489435,22.488221],[120.491075,22.488293],[120.493145,22.491988]]]},"properties":{"code":"10013030","name":"東港鎮","countyCode":"10013","countyName":"屏東縣","townCode":"10013030","townName":"東港鎮","level":"town","unassigned":false,"note":"","label":[120.47141081691998,22.45735695528846],"bounds":[120.434705,22.426856,120.503575,22.500464],"focusBounds":[120.434705,22.426856,120.503575,22.500464],"color":"#78a7e3","childCount":23}},{"type":"Feature","id":"10013040","geometry":{"type":"MultiPolygon","coordinates":[[[[120.826485,21.756146],[120.826759,21.756677],[120.826371,21.756924],[120.826083,21.756295],[120.826485,21.756146]]],[[[120.826444,21.759455],[120.826586,21.75995],[120.826176,21.759771],[120.826444,21.759455]]],[[[120.784532,22.050411],[120.780456,22.052657],[120.777595,22.053172],[120.776576,22.054962],[120.772735,22.054854],[120.771102,22.055608],[120.770308,22.056798],[120.773219,22.060486],[120.769868,22.059734],[120.767328,22.060348],[120.764392,22.061925],[120.762629,22.061082],[120.75995,22.060866],[120.753356,22.062744],[120.752702,22.05986],[120.750306,22.058229],[120.750351,22.054533],[120.748605,22.052576],[120.747557,22.050284],[120.746073,22.049282],[120.743367,22.049787],[120.743484,22.047895],[120.740292,22.048309],[120.738211,22.047713],[120.734339,22.052098],[120.733272,22.052537],[120.73014,22.051386],[120.727533,22.051936],[120.727621,22.053385],[120.727139,22.053768],[120.724251,22.05284],[120.722002,22.054196],[120.717598,22.054498],[120.717583,22.053451],[120.719085,22.053151],[120.719639,22.052494],[120.719697,22.051438],[120.718809,22.050178],[120.716724,22.049857],[120.715843,22.050613],[120.714445,22.04962],[120.712687,22.049547],[120.710639,22.046559],[120.705982,22.044478],[120.705657,22.040779],[120.703481,22.039492],[120.70152,22.035182],[120.699944,22.033901],[120.697678,22.033574],[120.694881,22.034206],[120.693912,22.035541],[120.69279,22.035785],[120.692693,22.034536],[120.690838,22.031807],[120.690587,22.029008],[120.691279,22.027296],[120.690791,22.025713],[120.692123,22.023476],[120.693293,22.019595],[120.697916,22.012353],[120.69837,22.009941],[120.694396,22.010169],[120.692343,22.009605],[120.693186,22.00759],[120.693829,22.002589],[120.700695,21.995996],[120.704688,21.994694],[120.705585,21.993545],[120.706938,21.987502],[120.710064,21.985643],[120.713551,21.980605],[120.714145,21.978757],[120.715026,21.971138],[120.711522,21.963923],[120.71143,21.951657],[120.709931,21.941476],[120.710576,21.934113],[120.711275,21.933455],[120.712654,21.933309],[120.716326,21.934866],[120.719065,21.933139],[120.718894,21.92843],[120.718607,21.928613],[120.719034,21.927261],[120.72335,21.921467],[120.726807,21.918771],[120.728719,21.918308],[120.732505,21.919103],[120.734006,21.918532],[120.738544,21.919274],[120.738755,21.919744],[120.739659,21.919456],[120.739959,21.926638],[120.741808,21.927356],[120.743383,21.928924],[120.744252,21.930692],[120.744049,21.932207],[120.745284,21.932428],[120.745714,21.931162],[120.74709,21.931813],[120.746123,21.932747],[120.746847,21.934267],[120.745436,21.938343],[120.745167,21.942732],[120.74602,21.943376],[120.747167,21.941888],[120.748471,21.941812],[120.749024,21.944999],[120.74828,21.946988],[120.748442,21.949464],[120.751131,21.950855],[120.752672,21.950754],[120.754905,21.953817],[120.753299,21.953672],[120.753156,21.955227],[120.755092,21.956433],[120.755828,21.955683],[120.75597,21.956687],[120.757553,21.957392],[120.757988,21.956362],[120.758552,21.956313],[120.760624,21.957227],[120.761387,21.958873],[120.764684,21.959129],[120.766448,21.958674],[120.765969,21.958209],[120.771068,21.951528],[120.774207,21.949891],[120.777602,21.94928],[120.778979,21.947193],[120.783018,21.943544],[120.784725,21.944027],[120.794311,21.943156],[120.796626,21.942176],[120.798008,21.940494],[120.798361,21.937928],[120.799154,21.937414],[120.801789,21.937233],[120.802674,21.938031],[120.802934,21.939838],[120.804224,21.93962],[120.806108,21.938345],[120.806613,21.936979],[120.808219,21.935595],[120.812627,21.933543],[120.816748,21.933912],[120.819561,21.934997],[120.822223,21.934364],[120.82373,21.931047],[120.830223,21.925319],[120.831841,21.924805],[120.83323,21.922454],[120.834484,21.918699],[120.836255,21.916522],[120.840492,21.915082],[120.845632,21.914417],[120.846134,21.913686],[120.845962,21.906033],[120.846613,21.90291],[120.847904,21.899936],[120.850212,21.89732],[120.851136,21.896357],[120.853251,21.895624],[120.858604,21.895601],[120.865651,21.898737],[120.866887,21.900555],[120.867135,21.902728],[120.863336,21.905595],[120.862022,21.908955],[120.86292,21.913765],[120.862015,21.918899],[120.859554,21.921095],[120.857777,21.924666],[120.85425,21.929449],[120.848916,21.933807],[120.848737,21.936027],[120.84757,21.938614],[120.845488,21.941299],[120.844834,21.943708],[120.842759,21.947717],[120.842335,21.951324],[120.842949,21.954242],[120.841405,21.95648],[120.841383,21.95738],[120.841632,21.959878],[120.844849,21.970319],[120.844518,21.973801],[120.845484,21.97636],[120.845229,21.978028],[120.844352,21.978558],[120.84417,21.979319],[120.843085,21.978221],[120.84215,21.978171],[120.83945,21.975329],[120.838409,21.975368],[120.837529,21.974684],[120.834392,21.970808],[120.830728,21.971157],[120.82845,21.970355],[120.827685,21.970528],[120.825632,21.972489],[120.824286,21.9749],[120.821253,21.974029],[120.818524,21.973865],[120.817503,21.976359],[120.815201,21.978288],[120.814703,21.980502],[120.813723,21.980162],[120.811435,21.981291],[120.810319,21.980719],[120.804905,21.98001],[120.793202,21.982197],[120.791214,21.980996],[120.790072,21.979633],[120.787913,21.980788],[120.784402,21.97984],[120.781454,21.980335],[120.777923,21.979607],[120.776384,21.979867],[120.775714,21.979241],[120.774485,21.979111],[120.770728,21.979452],[120.770186,21.980772],[120.770141,21.984534],[120.770697,21.985826],[120.773429,21.986292],[120.77594,21.989825],[120.779642,21.990011],[120.780987,21.992015],[120.780957,21.993441],[120.782192,21.994236],[120.782494,21.996124],[120.783693,21.997221],[120.786678,21.998431],[120.785559,22.000628],[120.785289,22.004392],[120.785906,22.005165],[120.785155,22.009753],[120.782949,22.011437],[120.781228,22.014486],[120.779377,22.014791],[120.778729,22.01418],[120.777628,22.014153],[120.776783,22.017126],[120.773674,22.02014],[120.77255,22.023111],[120.77267,22.024029],[120.774549,22.024943],[120.776006,22.024584],[120.77671,22.023752],[120.778379,22.024942],[120.780195,22.025035],[120.780733,22.025596],[120.783865,22.02447],[120.784909,22.024961],[120.785374,22.025502],[120.785567,22.02929],[120.786121,22.030526],[120.789392,22.032028],[120.793339,22.037441],[120.793047,22.03824],[120.791902,22.038951],[120.792034,22.041845],[120.790559,22.044587],[120.788982,22.046089],[120.787241,22.04672],[120.78623,22.046565],[120.784169,22.048128],[120.784532,22.050411]]]]},"properties":{"code":"10013040","name":"恆春鎮","countyCode":"10013","countyName":"屏東縣","townCode":"10013040","townName":"恆春鎮","level":"town","unassigned":false,"note":"","label":[120.7402787068352,22.003583517169837],"bounds":[120.690587,21.756146,120.867135,22.062744],"focusBounds":[120.690587,21.756146,120.867135,22.062744],"color":"#dd8590","childCount":18}},{"type":"Feature","id":"10013050","geometry":{"type":"Polygon","coordinates":[[[120.506278,22.624892],[120.505453,22.62126],[120.503956,22.62004],[120.503838,22.619314],[120.501215,22.618842],[120.496279,22.618986],[120.493036,22.619325],[120.492477,22.623172],[120.490543,22.622392],[120.488547,22.622338],[120.484208,22.620155],[120.482275,22.620779],[120.480702,22.620695],[120.481113,22.623321],[120.480295,22.62697],[120.480292,22.630285],[120.474528,22.629621],[120.474083,22.628727],[120.472575,22.628807],[120.471426,22.62624],[120.469107,22.626968],[120.468657,22.626396],[120.468013,22.627061],[120.465028,22.627372],[120.45985,22.629033],[120.458596,22.630134],[120.454316,22.628966],[120.453105,22.629241],[120.448751,22.628693],[120.446351,22.629153],[120.443366,22.628783],[120.442537,22.627909],[120.441198,22.627656],[120.440592,22.628951],[120.43824,22.628608],[120.437668,22.629297],[120.43528,22.628819],[120.433474,22.623225],[120.433683,22.617595],[120.434614,22.613412],[120.437989,22.606706],[120.442735,22.603348],[120.445082,22.600349],[120.445929,22.598267],[120.446752,22.593352],[120.447004,22.586176],[120.444416,22.570141],[120.44253,22.561577],[120.440733,22.557617],[120.448989,22.55754],[120.453493,22.557969],[120.45466,22.558775],[120.45832,22.559598],[120.461318,22.559743],[120.461132,22.558985],[120.465008,22.560014],[120.47108,22.560392],[120.469831,22.558021],[120.476628,22.560294],[120.478149,22.56208],[120.477658,22.556315],[120.481193,22.555877],[120.478951,22.540191],[120.479926,22.539758],[120.479498,22.53661],[120.473,22.536021],[120.472995,22.53549],[120.474322,22.533882],[120.473836,22.533468],[120.474335,22.531066],[120.475481,22.531378],[120.475924,22.534717],[120.478541,22.534857],[120.478195,22.531039],[120.483042,22.527237],[120.483566,22.527386],[120.48442,22.526692],[120.485151,22.526679],[120.486421,22.524951],[120.488412,22.527669],[120.491791,22.529367],[120.492431,22.533101],[120.495123,22.535327],[120.496935,22.539417],[120.499502,22.538533],[120.501003,22.538876],[120.504028,22.541175],[120.504189,22.542731],[120.501982,22.545438],[120.502879,22.546676],[120.505952,22.547849],[120.505693,22.551212],[120.504112,22.553999],[120.504687,22.555518],[120.503898,22.555933],[120.504009,22.558178],[120.499372,22.55897],[120.499364,22.559939],[120.49686,22.561192],[120.497662,22.562673],[120.494584,22.564228],[120.495085,22.565202],[120.49588,22.565402],[120.494578,22.569224],[120.496626,22.57138],[120.498439,22.57138],[120.499588,22.57274],[120.500153,22.572814],[120.500697,22.572011],[120.501318,22.572726],[120.504302,22.5729],[120.506094,22.573936],[120.507455,22.577457],[120.51052,22.581222],[120.512752,22.581984],[120.512919,22.582676],[120.515032,22.58286],[120.517208,22.587684],[120.521293,22.592877],[120.52223,22.593335],[120.523135,22.595498],[120.522702,22.597128],[120.518738,22.600698],[120.518514,22.602282],[120.517617,22.603717],[120.515511,22.604818],[120.513417,22.606735],[120.512025,22.607025],[120.512842,22.607838],[120.509942,22.612647],[120.506782,22.616226],[120.506848,22.618067],[120.507947,22.620736],[120.508215,22.623372],[120.506278,22.624892]]]},"properties":{"code":"10013050","name":"萬丹鄉","countyCode":"10013","countyName":"屏東縣","townCode":"10013050","townName":"萬丹鄉","level":"town","unassigned":false,"note":"","label":[120.4762917641948,22.59092759742326],"bounds":[120.433474,22.524951,120.523135,22.630285],"focusBounds":[120.433474,22.524951,120.523135,22.630285],"color":"#a49ad4","childCount":30}},{"type":"Feature","id":"10013060","geometry":{"type":"Polygon","coordinates":[[[120.615768,22.706527],[120.612518,22.710938],[120.610523,22.710222],[120.608991,22.710664],[120.610302,22.712048],[120.609933,22.712542],[120.610443,22.713021],[120.609584,22.713295],[120.608133,22.714932],[120.60932,22.716289],[120.61207,22.716701],[120.610984,22.718624],[120.604611,22.714563],[120.586422,22.7167],[120.587198,22.720478],[120.585531,22.720024],[120.579089,22.720705],[120.576437,22.721947],[120.569524,22.719444],[120.558056,22.721835],[120.557814,22.718438],[120.554811,22.718807],[120.554398,22.720226],[120.549944,22.720783],[120.549037,22.72185],[120.547923,22.721424],[120.540388,22.7226],[120.540489,22.721061],[120.525292,22.718264],[120.523815,22.718393],[120.522723,22.710723],[120.521533,22.707374],[120.52575,22.704791],[120.528489,22.700405],[120.52845,22.699207],[120.527906,22.698601],[120.525716,22.698291],[120.525271,22.696618],[120.522911,22.693256],[120.519363,22.692032],[120.517033,22.693023],[120.511739,22.690984],[120.510729,22.688555],[120.511314,22.68482],[120.510405,22.681091],[120.510895,22.680021],[120.510276,22.678381],[120.511429,22.672991],[120.511059,22.671765],[120.509853,22.67125],[120.509532,22.670113],[120.508109,22.668895],[120.508092,22.668143],[120.509368,22.667776],[120.509068,22.666669],[120.510119,22.665994],[120.510796,22.664434],[120.51199,22.664169],[120.511823,22.663197],[120.513493,22.662716],[120.516047,22.663821],[120.518206,22.663489],[120.520275,22.662618],[120.522573,22.659622],[120.523718,22.659463],[120.524019,22.6606],[120.524855,22.660928],[120.523917,22.661825],[120.523904,22.664013],[120.524317,22.664916],[120.525347,22.665261],[120.525764,22.666622],[120.527173,22.667592],[120.528646,22.667051],[120.530284,22.667609],[120.531584,22.666729],[120.533246,22.669258],[120.536192,22.669294],[120.537394,22.668843],[120.538655,22.669812],[120.541612,22.670863],[120.542277,22.670069],[120.543025,22.670052],[120.543073,22.669278],[120.545106,22.670454],[120.546631,22.668773],[120.545477,22.667963],[120.546063,22.666956],[120.547223,22.668222],[120.548937,22.6665],[120.550245,22.667589],[120.551351,22.666537],[120.553148,22.667147],[120.554721,22.666232],[120.556081,22.666457],[120.55624,22.66386],[120.558839,22.666046],[120.561198,22.66367],[120.57879,22.678466],[120.580564,22.682083],[120.583593,22.684882],[120.587928,22.686287],[120.593123,22.6904],[120.593863,22.691757],[120.595524,22.692438],[120.605775,22.701142],[120.615768,22.706527]]]},"properties":{"code":"10013060","name":"長治鄉","countyCode":"10013","countyName":"屏東縣","townCode":"10013060","townName":"長治鄉","level":"town","unassigned":false,"note":"","label":[120.5559963343764,22.692552270231477],"bounds":[120.508092,22.659463,120.615768,22.7226],"focusBounds":[120.508092,22.659463,120.615768,22.7226],"color":"#a8bf62","childCount":16}},{"type":"Feature","id":"10013070","geometry":{"type":"Polygon","coordinates":[[[120.561198,22.66367],[120.558839,22.666046],[120.55624,22.66386],[120.556081,22.666457],[120.554721,22.666232],[120.553148,22.667147],[120.551351,22.666537],[120.550245,22.667589],[120.548937,22.6665],[120.547223,22.668222],[120.546063,22.666956],[120.545477,22.667963],[120.546631,22.668773],[120.545106,22.670454],[120.543073,22.669278],[120.543025,22.670052],[120.542277,22.670069],[120.541612,22.670863],[120.538655,22.669812],[120.537394,22.668843],[120.536192,22.669294],[120.533246,22.669258],[120.531584,22.666729],[120.530284,22.667609],[120.528646,22.667051],[120.527173,22.667592],[120.525764,22.666622],[120.525347,22.665261],[120.524317,22.664916],[120.523904,22.664013],[120.523917,22.661825],[120.524855,22.660928],[120.524019,22.6606],[120.523718,22.659463],[120.522573,22.659622],[120.521278,22.658614],[120.521178,22.659],[120.519807,22.659213],[120.516649,22.658052],[120.517199,22.65725],[120.516941,22.655507],[120.515871,22.653764],[120.517528,22.649733],[120.517356,22.648659],[120.516767,22.648085],[120.514735,22.647954],[120.512167,22.645552],[120.510942,22.642065],[120.5111,22.640026],[120.510216,22.639515],[120.508635,22.640264],[120.508744,22.638499],[120.509596,22.637431],[120.50942,22.635443],[120.506531,22.632128],[120.506733,22.63139],[120.508432,22.631137],[120.508948,22.629757],[120.506849,22.627323],[120.506278,22.624892],[120.508215,22.623372],[120.507947,22.620736],[120.515641,22.622975],[120.519845,22.626152],[120.525827,22.627978],[120.528331,22.632288],[120.528244,22.634172],[120.530011,22.63519],[120.530155,22.637177],[120.531187,22.637392],[120.534811,22.641811],[120.536469,22.640007],[120.544337,22.646821],[120.546115,22.650642],[120.561198,22.66367]]]},"properties":{"code":"10013070","name":"麟洛鄉","countyCode":"10013","countyName":"屏東縣","townCode":"10013070","townName":"麟洛鄉","level":"town","unassigned":false,"note":"","label":[120.53033756616972,22.65114571302705],"bounds":[120.506278,22.620736,120.561198,22.670863],"focusBounds":[120.506278,22.620736,120.561198,22.670863],"color":"#68bec9","childCount":7}},{"type":"Feature","id":"10013080","geometry":{"type":"Polygon","coordinates":[[[120.514028,22.760449],[120.513136,22.76211],[120.513571,22.764955],[120.51472,22.767754],[120.512332,22.767625],[120.511765,22.765189],[120.508788,22.765478],[120.50873,22.766758],[120.50629,22.766183],[120.505615,22.765494],[120.498292,22.764905],[120.497634,22.766715],[120.493753,22.767104],[120.492653,22.761239],[120.492459,22.761664],[120.487526,22.762189],[120.48706,22.758481],[120.479573,22.759358],[120.479475,22.758605],[120.474758,22.75824],[120.471333,22.755703],[120.470072,22.756145],[120.46883,22.755694],[120.466968,22.756992],[120.464208,22.762862],[120.464362,22.767954],[120.463599,22.769449],[120.458669,22.77135],[120.454315,22.771776],[120.453764,22.768978],[120.454417,22.764175],[120.453714,22.760858],[120.453711,22.755955],[120.456002,22.730573],[120.455956,22.720974],[120.45279,22.704169],[120.45127,22.700072],[120.450769,22.696696],[120.448061,22.689434],[120.449704,22.689941],[120.454878,22.689425],[120.456734,22.689736],[120.456701,22.69025],[120.462357,22.689005],[120.464124,22.689992],[120.464179,22.692181],[120.468186,22.695019],[120.46799,22.696106],[120.471468,22.702879],[120.47251,22.702229],[120.47344,22.703226],[120.474716,22.702712],[120.476608,22.703132],[120.479495,22.706938],[120.483145,22.706474],[120.48428,22.705561],[120.485874,22.707064],[120.487765,22.707052],[120.489767,22.70787],[120.490546,22.707543],[120.492115,22.709116],[120.494244,22.709969],[120.496069,22.712166],[120.497279,22.712658],[120.499004,22.711858],[120.500429,22.713859],[120.502048,22.711431],[120.504759,22.713788],[120.512812,22.713076],[120.514809,22.710771],[120.521533,22.707374],[120.522723,22.710723],[120.523815,22.718393],[120.525292,22.718264],[120.540489,22.721061],[120.540388,22.7226],[120.540336,22.723195],[120.539378,22.723215],[120.538727,22.725237],[120.536572,22.724927],[120.533113,22.725704],[120.528801,22.728623],[120.527538,22.728791],[120.526933,22.729663],[120.522743,22.731678],[120.522483,22.733708],[120.517523,22.732418],[120.515622,22.728716],[120.513635,22.727754],[120.509771,22.728341],[120.509331,22.727753],[120.506914,22.728184],[120.505726,22.729022],[120.505644,22.730046],[120.504837,22.72988],[120.508458,22.73339],[120.508736,22.732892],[120.509942,22.732871],[120.511482,22.736424],[120.512435,22.741787],[120.51167,22.744201],[120.512114,22.745917],[120.510446,22.749398],[120.511915,22.752189],[120.512823,22.759064],[120.514028,22.760449]]]},"properties":{"code":"10013080","name":"九如鄉","countyCode":"10013","countyName":"屏東縣","townCode":"10013080","townName":"九如鄉","level":"town","unassigned":false,"note":"","label":[120.4806529651806,22.732688562923776],"bounds":[120.448061,22.689005,120.540489,22.771776],"focusBounds":[120.448061,22.689005,120.540489,22.771776],"color":"#df9f6a","childCount":11}},{"type":"Feature","id":"10013090","geometry":{"type":"Polygon","coordinates":[[[120.545444,22.770671],[120.547499,22.77616],[120.550818,22.778914],[120.551056,22.780371],[120.552314,22.781454],[120.552959,22.785346],[120.55004,22.788734],[120.551564,22.791461],[120.544922,22.797972],[120.555449,22.806964],[120.555181,22.811086],[120.556771,22.813721],[120.557583,22.816425],[120.562169,22.820732],[120.56306,22.824136],[120.562869,22.824758],[120.561186,22.825672],[120.56112,22.826705],[120.56483,22.831183],[120.566673,22.838336],[120.56279,22.834658],[120.558021,22.832402],[120.553259,22.828403],[120.548026,22.828433],[120.544063,22.829794],[120.536433,22.829266],[120.534003,22.830566],[120.531005,22.830827],[120.529773,22.8317],[120.530572,22.832983],[120.524652,22.831951],[120.522934,22.832941],[120.5201,22.832356],[120.51994,22.831436],[120.515382,22.831518],[120.509988,22.828511],[120.508941,22.829581],[120.505251,22.831451],[120.503414,22.831731],[120.499968,22.831248],[120.497692,22.831712],[120.496302,22.832654],[120.494076,22.836667],[120.492738,22.83729],[120.491461,22.83696],[120.492768,22.835693],[120.4908,22.835269],[120.48817,22.835802],[120.484211,22.835548],[120.482127,22.83605],[120.481454,22.837592],[120.480354,22.837732],[120.47881,22.836765],[120.477705,22.837866],[120.476237,22.838185],[120.473966,22.836714],[120.471263,22.83287],[120.468755,22.830673],[120.46919,22.825017],[120.46753,22.822351],[120.467355,22.815479],[120.465499,22.81275],[120.464034,22.800288],[120.45743,22.785385],[120.455964,22.780044],[120.455645,22.774416],[120.454315,22.771776],[120.458669,22.77135],[120.463599,22.769449],[120.464362,22.767954],[120.464208,22.762862],[120.466968,22.756992],[120.46883,22.755694],[120.470072,22.756145],[120.471333,22.755703],[120.474758,22.75824],[120.479475,22.758605],[120.479573,22.759358],[120.48706,22.758481],[120.487526,22.762189],[120.492459,22.761664],[120.492653,22.761239],[120.493753,22.767104],[120.497634,22.766715],[120.498292,22.764905],[120.505615,22.765494],[120.50629,22.766183],[120.50873,22.766758],[120.508788,22.765478],[120.511765,22.765189],[120.512332,22.767625],[120.51472,22.767754],[120.513571,22.764955],[120.513136,22.76211],[120.514028,22.760449],[120.51742,22.766819],[120.518967,22.768479],[120.521299,22.769432],[120.524234,22.769886],[120.5306,22.768796],[120.531041,22.769441],[120.539861,22.767579],[120.540483,22.768747],[120.543845,22.76731],[120.545444,22.770671]]]},"properties":{"code":"10013090","name":"里港鄉","countyCode":"10013","countyName":"屏東縣","townCode":"10013090","townName":"里港鄉","level":"town","unassigned":false,"note":"","label":[120.5061173146315,22.79850960048688],"bounds":[120.454315,22.755694,120.566673,22.838336],"focusBounds":[120.454315,22.755694,120.566673,22.838336],"color":"#c38cb8","childCount":14}},{"type":"Feature","id":"10013100","geometry":{"type":"Polygon","coordinates":[[[120.634604,22.71983],[120.630794,22.723216],[120.627838,22.729016],[120.624307,22.733514],[120.619027,22.736313],[120.616898,22.738419],[120.616426,22.739676],[120.61611,22.748216],[120.614613,22.752326],[120.612584,22.754881],[120.608056,22.756418],[120.604459,22.758521],[120.600996,22.766793],[120.595505,22.764167],[120.587637,22.768119],[120.584258,22.768909],[120.582727,22.771233],[120.580008,22.771594],[120.578329,22.773087],[120.577239,22.77299],[120.574658,22.771516],[120.571764,22.772338],[120.567982,22.772235],[120.56047,22.773025],[120.556394,22.771294],[120.553758,22.771141],[120.553746,22.769807],[120.547764,22.769644],[120.545444,22.770671],[120.543845,22.76731],[120.540483,22.768747],[120.539861,22.767579],[120.531041,22.769441],[120.5306,22.768796],[120.524234,22.769886],[120.521299,22.769432],[120.518967,22.768479],[120.51742,22.766819],[120.514028,22.760449],[120.512823,22.759064],[120.511915,22.752189],[120.510446,22.749398],[120.512114,22.745917],[120.51167,22.744201],[120.512435,22.741787],[120.511482,22.736424],[120.509942,22.732871],[120.508736,22.732892],[120.508458,22.73339],[120.504837,22.72988],[120.505644,22.730046],[120.505726,22.729022],[120.506914,22.728184],[120.509331,22.727753],[120.509771,22.728341],[120.513635,22.727754],[120.515622,22.728716],[120.517523,22.732418],[120.522483,22.733708],[120.522743,22.731678],[120.526933,22.729663],[120.527538,22.728791],[120.528801,22.728623],[120.533113,22.725704],[120.536572,22.724927],[120.538727,22.725237],[120.539378,22.723215],[120.540336,22.723195],[120.540388,22.7226],[120.547923,22.721424],[120.549037,22.72185],[120.549944,22.720783],[120.554398,22.720226],[120.554811,22.718807],[120.557814,22.718438],[120.558056,22.721835],[120.569524,22.719444],[120.576437,22.721947],[120.579089,22.720705],[120.585531,22.720024],[120.587198,22.720478],[120.586422,22.7167],[120.604611,22.714563],[120.610984,22.718624],[120.61207,22.716701],[120.60932,22.716289],[120.608133,22.714932],[120.609584,22.713295],[120.610443,22.713021],[120.609933,22.712542],[120.610302,22.712048],[120.608991,22.710664],[120.610523,22.710222],[120.612518,22.710938],[120.615768,22.706527],[120.629077,22.713682],[120.633265,22.716002],[120.634604,22.71983]]]},"properties":{"code":"10013100","name":"鹽埔鄉","countyCode":"10013","countyName":"屏東縣","townCode":"10013100","townName":"鹽埔鄉","level":"town","unassigned":false,"note":"","label":[120.5681947553186,22.745980797598527],"bounds":[120.504837,22.706527,120.634604,22.773087],"focusBounds":[120.504837,22.706527,120.634604,22.773087],"color":"#98b69b","childCount":12}},{"type":"Feature","id":"10013110","geometry":{"type":"Polygon","coordinates":[[[120.647686,22.879568],[120.646637,22.883531],[120.645028,22.885176],[120.640437,22.883095],[120.637478,22.882529],[120.63437,22.880747],[120.627291,22.878873],[120.621174,22.875692],[120.616749,22.876814],[120.614109,22.876462],[120.60541,22.87297],[120.598659,22.867404],[120.595184,22.863604],[120.574243,22.847717],[120.569588,22.843156],[120.566673,22.838336],[120.56483,22.831183],[120.56112,22.826705],[120.561186,22.825672],[120.562869,22.824758],[120.56306,22.824136],[120.562169,22.820732],[120.557583,22.816425],[120.556771,22.813721],[120.555181,22.811086],[120.555449,22.806964],[120.544922,22.797972],[120.551564,22.791461],[120.55004,22.788734],[120.552959,22.785346],[120.552314,22.781454],[120.551056,22.780371],[120.550818,22.778914],[120.547499,22.77616],[120.545444,22.770671],[120.547764,22.769644],[120.553746,22.769807],[120.553758,22.771141],[120.556394,22.771294],[120.56047,22.773025],[120.567982,22.772235],[120.571764,22.772338],[120.574658,22.771516],[120.577239,22.77299],[120.578329,22.773087],[120.580008,22.771594],[120.582727,22.771233],[120.584258,22.768909],[120.587637,22.768119],[120.595505,22.764167],[120.600996,22.766793],[120.604459,22.758521],[120.608056,22.756418],[120.612584,22.754881],[120.614613,22.752326],[120.61611,22.748216],[120.616426,22.739676],[120.616898,22.738419],[120.619027,22.736313],[120.624307,22.733514],[120.627838,22.729016],[120.630794,22.723216],[120.634604,22.71983],[120.635355,22.720021],[120.636593,22.721677],[120.636496,22.723214],[120.637857,22.724067],[120.638735,22.726202],[120.638714,22.729171],[120.639404,22.732217],[120.63879,22.732931],[120.639379,22.735513],[120.638138,22.736093],[120.637026,22.738174],[120.636023,22.738257],[120.634664,22.740439],[120.634007,22.743614],[120.634302,22.744494],[120.631977,22.747075],[120.632275,22.749053],[120.631443,22.749934],[120.631338,22.751382],[120.633272,22.755241],[120.633374,22.757674],[120.635158,22.761637],[120.640057,22.765672],[120.641444,22.766137],[120.641299,22.766932],[120.642227,22.767779],[120.643423,22.768354],[120.645368,22.767505],[120.645922,22.768102],[120.645194,22.769643],[120.643705,22.770843],[120.640748,22.771455],[120.638298,22.770526],[120.637504,22.770805],[120.637835,22.77185],[120.635507,22.77435],[120.633232,22.775702],[120.633074,22.776377],[120.630759,22.775633],[120.628749,22.776412],[120.63044,22.780625],[120.629734,22.781634],[120.630883,22.782199],[120.629326,22.785664],[120.630058,22.791148],[120.629193,22.792066],[120.630338,22.79335],[120.629866,22.794101],[120.6301,22.803458],[120.629126,22.811605],[120.6325,22.812751],[120.6355,22.814507],[120.635563,22.815099],[120.634074,22.815872],[120.634178,22.816347],[120.630656,22.817638],[120.629401,22.819256],[120.627048,22.81965],[120.627939,22.820996],[120.62804,22.823608],[120.629063,22.824324],[120.629335,22.825404],[120.629863,22.825454],[120.629659,22.82645],[120.630402,22.828467],[120.632038,22.829355],[120.629947,22.830401],[120.629991,22.832905],[120.62918,22.836171],[120.630931,22.838721],[120.63125,22.841141],[120.632541,22.842263],[120.63172,22.843348],[120.630234,22.84348],[120.627865,22.846631],[120.634901,22.848822],[120.638978,22.852306],[120.640071,22.85208],[120.639923,22.8536],[120.640557,22.854731],[120.640027,22.857144],[120.640956,22.859904],[120.642992,22.862554],[120.643174,22.864504],[120.647809,22.873217],[120.645024,22.873217],[120.64453,22.878029],[120.64576,22.879969],[120.647686,22.879568]]]},"properties":{"code":"10013110","name":"高樹鄉","countyCode":"10013","countyName":"屏東縣","townCode":"10013110","townName":"高樹鄉","level":"town","unassigned":false,"note":"","label":[120.59396294052905,22.804456562073987],"bounds":[120.544922,22.71983,120.647809,22.885176],"focusBounds":[120.544922,22.71983,120.647809,22.885176],"color":"#58b99d","childCount":19}},{"type":"Feature","id":"10013120","geometry":{"type":"Polygon","coordinates":[[[120.631585,22.624653],[120.626202,22.629081],[120.625689,22.635824],[120.625852,22.637243],[120.626259,22.637354],[120.625829,22.639341],[120.626656,22.64183],[120.628374,22.642282],[120.627874,22.642872],[120.629273,22.644544],[120.627793,22.64507],[120.628427,22.647282],[120.629296,22.64719],[120.628989,22.64808],[120.629575,22.649585],[120.628856,22.650554],[120.62983,22.652298],[120.629151,22.652505],[120.627965,22.651375],[120.624573,22.651672],[120.62235,22.650611],[120.620835,22.645014],[120.621036,22.643345],[120.619164,22.64172],[120.619295,22.640212],[120.616817,22.636574],[120.615534,22.635758],[120.610466,22.634848],[120.606042,22.630447],[120.603447,22.629661],[120.602694,22.628196],[120.600563,22.627546],[120.599189,22.625806],[120.598648,22.626494],[120.596952,22.626379],[120.595386,22.624835],[120.59384,22.620438],[120.59153,22.619437],[120.588928,22.616961],[120.586347,22.615527],[120.587594,22.615284],[120.588097,22.614469],[120.587113,22.611874],[120.585417,22.612],[120.584766,22.611515],[120.584699,22.608614],[120.583569,22.608915],[120.583044,22.607794],[120.583044,22.608314],[120.580277,22.607464],[120.578448,22.605439],[120.578194,22.604005],[120.576199,22.601359],[120.577566,22.600645],[120.577684,22.599562],[120.576478,22.598258],[120.578467,22.597032],[120.578511,22.595702],[120.576504,22.594837],[120.574479,22.596466],[120.572987,22.593477],[120.5726,22.589803],[120.571438,22.587942],[120.56974,22.587659],[120.565001,22.588336],[120.563757,22.587586],[120.563984,22.585672],[120.567039,22.582106],[120.566499,22.580544],[120.565085,22.579493],[120.560367,22.579038],[120.556841,22.580913],[120.554134,22.573695],[120.546248,22.570248],[120.539745,22.564378],[120.540217,22.563605],[120.544563,22.564895],[120.546808,22.564083],[120.547502,22.565101],[120.549806,22.565937],[120.550448,22.564888],[120.554879,22.564093],[120.555429,22.56343],[120.55516,22.561132],[120.556991,22.559565],[120.55957,22.559255],[120.562232,22.55806],[120.563327,22.557282],[120.564582,22.554932],[120.570757,22.553647],[120.571984,22.553697],[120.572637,22.556344],[120.572319,22.55861],[120.573507,22.558045],[120.576773,22.558134],[120.576452,22.559271],[120.581309,22.559998],[120.583042,22.559814],[120.583042,22.558731],[120.583535,22.559109],[120.58336,22.560175],[120.585469,22.560467],[120.586868,22.55865],[120.587163,22.555957],[120.588653,22.553577],[120.587175,22.550321],[120.589418,22.549845],[120.589896,22.550602],[120.593445,22.549092],[120.591988,22.545946],[120.605371,22.540264],[120.599533,22.525507],[120.605641,22.524906],[120.621245,22.523316],[120.624798,22.526483],[120.631461,22.524482],[120.63356,22.524751],[120.633212,22.525898],[120.628951,22.526544],[120.626561,22.526133],[120.626076,22.526646],[120.62682,22.527532],[120.625608,22.527589],[120.625991,22.529881],[120.624175,22.52958],[120.623748,22.532075],[120.624256,22.532511],[120.622931,22.534467],[120.623606,22.536308],[120.622379,22.536956],[120.624519,22.5383],[120.624494,22.540391],[120.626756,22.542747],[120.62582,22.54464],[120.624355,22.5454],[120.624923,22.547472],[120.624754,22.549429],[120.625578,22.550765],[120.624869,22.554401],[120.626153,22.554569],[120.625446,22.555392],[120.626137,22.55531],[120.626262,22.556454],[120.627876,22.55431],[120.630339,22.553859],[120.630786,22.554828],[120.629996,22.555438],[120.630613,22.555877],[120.62833,22.556229],[120.629418,22.557526],[120.6314,22.556792],[120.631461,22.55729],[120.62972,22.558713],[120.631405,22.559018],[120.629838,22.559393],[120.631274,22.560219],[120.630819,22.560961],[120.629725,22.559977],[120.630594,22.561241],[120.630376,22.561808],[120.630064,22.561045],[120.629128,22.560754],[120.629006,22.561112],[120.627852,22.560005],[120.627318,22.562632],[120.628142,22.564306],[120.62707,22.564932],[120.628205,22.566554],[120.626643,22.566608],[120.626679,22.568198],[120.625443,22.568304],[120.62649,22.569273],[120.626183,22.569926],[120.626859,22.570908],[120.62601,22.571436],[120.625868,22.572127],[120.626562,22.572601],[120.62589,22.573499],[120.625397,22.573626],[120.62525,22.572806],[120.624666,22.572912],[120.624858,22.575355],[120.626095,22.574444],[120.627341,22.575809],[120.628779,22.574783],[120.627786,22.574558],[120.627906,22.573848],[120.629668,22.573892],[120.629004,22.570955],[120.629693,22.571322],[120.630099,22.570757],[120.629963,22.571709],[120.630836,22.572995],[120.631466,22.572597],[120.631829,22.571231],[120.632471,22.571712],[120.631993,22.571998],[120.632572,22.572466],[120.632363,22.573154],[120.631838,22.573204],[120.631853,22.574967],[120.633048,22.57547],[120.635294,22.574929],[120.636584,22.575673],[120.636377,22.576074],[120.630748,22.577075],[120.631849,22.57781],[120.630943,22.578984],[120.631278,22.581297],[120.632155,22.58213],[120.632134,22.5851],[120.631537,22.58556],[120.631957,22.586399],[120.631226,22.588622],[120.629409,22.58777],[120.629813,22.588502],[120.630878,22.588865],[120.631586,22.590403],[120.628216,22.591169],[120.628533,22.59216],[120.628084,22.592258],[120.628122,22.593015],[120.62866,22.593882],[120.626627,22.593967],[120.627337,22.592628],[120.627111,22.591385],[120.625947,22.591506],[120.625623,22.589396],[120.626168,22.588608],[120.624908,22.58859],[120.624652,22.58775],[120.625761,22.585234],[120.624223,22.585513],[120.623717,22.589511],[120.624926,22.591475],[120.62385,22.596034],[120.624975,22.596556],[120.625109,22.597401],[120.626193,22.598329],[120.627268,22.598212],[120.628039,22.59746],[120.629178,22.597531],[120.628726,22.598155],[120.630787,22.599399],[120.631546,22.600486],[120.632344,22.608141],[120.631565,22.608569],[120.630041,22.608094],[120.628508,22.608537],[120.628858,22.611246],[120.63023,22.612884],[120.631308,22.61161],[120.631841,22.611636],[120.631976,22.613681],[120.630838,22.616031],[120.633955,22.619593],[120.635419,22.620423],[120.636553,22.62335],[120.639406,22.626025],[120.633682,22.626049],[120.633054,22.624361],[120.631585,22.624653]]]},"properties":{"code":"10013120","name":"萬巒鄉","countyCode":"10013","countyName":"屏東縣","townCode":"10013120","townName":"萬巒鄉","level":"town","unassigned":false,"note":"","label":[120.60106187669575,22.580387180396013],"bounds":[120.539745,22.523316,120.639406,22.652505],"focusBounds":[120.539745,22.523316,120.639406,22.652505],"color":"#efb44f","childCount":14}},{"type":"Feature","id":"10013130","geometry":{"type":"Polygon","coordinates":[[[120.649447,22.710667],[120.643574,22.711965],[120.64052,22.711936],[120.638625,22.711038],[120.634278,22.711112],[120.629077,22.713682],[120.615768,22.706527],[120.605775,22.701142],[120.595524,22.692438],[120.593863,22.691757],[120.593123,22.6904],[120.587928,22.686287],[120.583593,22.684882],[120.580564,22.682083],[120.57879,22.678466],[120.561198,22.66367],[120.546115,22.650642],[120.544337,22.646821],[120.536469,22.640007],[120.539188,22.637065],[120.53806,22.635372],[120.538283,22.62809],[120.536409,22.621934],[120.536878,22.620194],[120.536443,22.618311],[120.537767,22.617915],[120.536425,22.615369],[120.537122,22.613153],[120.536092,22.612557],[120.535566,22.60432],[120.53653,22.602206],[120.546313,22.60482],[120.546459,22.605564],[120.547735,22.60557],[120.547876,22.605175],[120.55273,22.606471],[120.553582,22.605783],[120.552817,22.604121],[120.553262,22.603021],[120.553107,22.600854],[120.553784,22.59902],[120.554706,22.598322],[120.553527,22.594464],[120.556515,22.590894],[120.557608,22.588324],[120.555906,22.584127],[120.556841,22.580913],[120.560367,22.579038],[120.565085,22.579493],[120.566499,22.580544],[120.567039,22.582106],[120.563984,22.585672],[120.563757,22.587586],[120.565001,22.588336],[120.56974,22.587659],[120.571438,22.587942],[120.5726,22.589803],[120.572987,22.593477],[120.574479,22.596466],[120.576504,22.594837],[120.578511,22.595702],[120.578467,22.597032],[120.576478,22.598258],[120.577684,22.599562],[120.577566,22.600645],[120.576199,22.601359],[120.578194,22.604005],[120.578448,22.605439],[120.580277,22.607464],[120.583044,22.608314],[120.583044,22.607794],[120.583569,22.608915],[120.584699,22.608614],[120.584766,22.611515],[120.585417,22.612],[120.587113,22.611874],[120.588097,22.614469],[120.587594,22.615284],[120.586347,22.615527],[120.588928,22.616961],[120.59153,22.619437],[120.59384,22.620438],[120.595386,22.624835],[120.596952,22.626379],[120.598648,22.626494],[120.599189,22.625806],[120.600563,22.627546],[120.602694,22.628196],[120.603447,22.629661],[120.606042,22.630447],[120.610466,22.634848],[120.615534,22.635758],[120.616817,22.636574],[120.619295,22.640212],[120.619164,22.64172],[120.621036,22.643345],[120.620835,22.645014],[120.62235,22.650611],[120.624573,22.651672],[120.627965,22.651375],[120.629151,22.652505],[120.62983,22.652298],[120.631029,22.653008],[120.632967,22.653246],[120.632629,22.653934],[120.630729,22.654685],[120.631284,22.656039],[120.630894,22.65733],[120.629788,22.658433],[120.630694,22.65878],[120.630747,22.660909],[120.63277,22.662255],[120.63193,22.662679],[120.632895,22.663723],[120.632787,22.664922],[120.631672,22.666562],[120.632261,22.66741],[120.633935,22.667668],[120.632787,22.668306],[120.633169,22.669096],[120.632468,22.669301],[120.632792,22.671256],[120.633485,22.673211],[120.635847,22.676733],[120.635091,22.67844],[120.635805,22.679189],[120.634849,22.679241],[120.636061,22.680956],[120.63527,22.682233],[120.634483,22.682258],[120.634421,22.683441],[120.637591,22.685656],[120.638326,22.687245],[120.637531,22.688946],[120.63538,22.689926],[120.634588,22.689507],[120.634442,22.690371],[120.637388,22.690467],[120.640129,22.692013],[120.642728,22.694853],[120.642559,22.695356],[120.645675,22.696253],[120.647789,22.697515],[120.648576,22.699542],[120.651222,22.702847],[120.650245,22.706785],[120.650544,22.708199],[120.649447,22.710667]]]},"properties":{"code":"10013130","name":"內埔鄉","countyCode":"10013","countyName":"屏東縣","townCode":"10013130","townName":"內埔鄉","level":"town","unassigned":false,"note":"","label":[120.58881838049803,22.65194619635149],"bounds":[120.535566,22.579038,120.651222,22.713682],"focusBounds":[120.535566,22.579038,120.651222,22.713682],"color":"#78a7e3","childCount":23}},{"type":"Feature","id":"10013140","geometry":{"type":"Polygon","coordinates":[[[120.556841,22.580913],[120.555906,22.584127],[120.557608,22.588324],[120.556515,22.590894],[120.553527,22.594464],[120.554706,22.598322],[120.553784,22.59902],[120.553107,22.600854],[120.553262,22.603021],[120.552817,22.604121],[120.553582,22.605783],[120.55273,22.606471],[120.547876,22.605175],[120.547735,22.60557],[120.546459,22.605564],[120.546313,22.60482],[120.53653,22.602206],[120.535566,22.60432],[120.536092,22.612557],[120.537122,22.613153],[120.536425,22.615369],[120.537767,22.617915],[120.536443,22.618311],[120.536878,22.620194],[120.536409,22.621934],[120.538283,22.62809],[120.53806,22.635372],[120.539188,22.637065],[120.536469,22.640007],[120.534811,22.641811],[120.531187,22.637392],[120.530155,22.637177],[120.530011,22.63519],[120.528244,22.634172],[120.528331,22.632288],[120.525827,22.627978],[120.519845,22.626152],[120.515641,22.622975],[120.507947,22.620736],[120.506848,22.618067],[120.506782,22.616226],[120.509942,22.612647],[120.512842,22.607838],[120.512025,22.607025],[120.513417,22.606735],[120.515511,22.604818],[120.517617,22.603717],[120.518514,22.602282],[120.518738,22.600698],[120.522702,22.597128],[120.523135,22.595498],[120.52223,22.593335],[120.521293,22.592877],[120.517208,22.587684],[120.515032,22.58286],[120.512919,22.582676],[120.512752,22.581984],[120.51052,22.581222],[120.507455,22.577457],[120.506094,22.573936],[120.504302,22.5729],[120.501318,22.572726],[120.500697,22.572011],[120.500153,22.572814],[120.499588,22.57274],[120.498439,22.57138],[120.496626,22.57138],[120.494578,22.569224],[120.49588,22.565402],[120.495085,22.565202],[120.494584,22.564228],[120.497662,22.562673],[120.49686,22.561192],[120.499364,22.559939],[120.499372,22.55897],[120.504009,22.558178],[120.503898,22.555933],[120.504687,22.555518],[120.504112,22.553999],[120.505693,22.551212],[120.505952,22.547849],[120.502879,22.546676],[120.501982,22.545438],[120.504189,22.542731],[120.506272,22.543411],[120.508048,22.544699],[120.508632,22.546679],[120.508362,22.547689],[120.510197,22.550098],[120.509451,22.551603],[120.509145,22.554665],[120.512055,22.557828],[120.515786,22.557334],[120.516101,22.553144],[120.517106,22.55243],[120.518627,22.55239],[120.519764,22.553121],[120.520121,22.55411],[120.518756,22.55757],[120.521562,22.559654],[120.526429,22.562074],[120.528545,22.563813],[120.529676,22.565754],[120.533307,22.563958],[120.535376,22.564043],[120.537967,22.56342],[120.539745,22.564378],[120.546248,22.570248],[120.554134,22.573695],[120.556841,22.580913]]]},"properties":{"code":"10013140","name":"竹田鄉","countyCode":"10013","countyName":"屏東縣","townCode":"10013140","townName":"竹田鄉","level":"town","unassigned":false,"note":"","label":[120.53576259989671,22.58391943302997],"bounds":[120.494578,22.542731,120.557608,22.641811],"focusBounds":[120.494578,22.542731,120.557608,22.641811],"color":"#dd8590","childCount":15}},{"type":"Feature","id":"10013150","geometry":{"type":"Polygon","coordinates":[[[120.63356,22.524751],[120.631461,22.524482],[120.624798,22.526483],[120.621245,22.523316],[120.605641,22.524906],[120.603735,22.521068],[120.601458,22.521039],[120.58924,22.517397],[120.58824,22.518858],[120.58155,22.516727],[120.582243,22.515429],[120.569511,22.511843],[120.556211,22.508954],[120.547609,22.509323],[120.545502,22.510909],[120.540217,22.510604],[120.539018,22.509584],[120.532788,22.507515],[120.529886,22.503415],[120.529863,22.5019],[120.53062,22.501649],[120.530715,22.498292],[120.536051,22.498446],[120.536155,22.495239],[120.537894,22.495283],[120.54156,22.491276],[120.545037,22.489455],[120.546273,22.489411],[120.545859,22.488439],[120.546393,22.488056],[120.54642,22.487024],[120.544969,22.485624],[120.544195,22.482882],[120.541503,22.480565],[120.540816,22.477938],[120.542493,22.477512],[120.542501,22.47068],[120.543562,22.470674],[120.543573,22.468985],[120.54428,22.468884],[120.544362,22.467617],[120.542782,22.467885],[120.541535,22.465936],[120.54004,22.465065],[120.54056,22.464614],[120.540457,22.462881],[120.541482,22.463104],[120.544622,22.463112],[120.546042,22.461459],[120.548142,22.460688],[120.560972,22.46176],[120.566826,22.460289],[120.568898,22.460179],[120.570318,22.460734],[120.573194,22.460433],[120.576591,22.457747],[120.57901,22.456409],[120.579545,22.455011],[120.586081,22.45272],[120.596154,22.448133],[120.601639,22.446421],[120.60908,22.445179],[120.611137,22.44897],[120.614273,22.447638],[120.614983,22.445809],[120.615848,22.445645],[120.61767,22.446309],[120.619684,22.445538],[120.619154,22.446527],[120.616373,22.44795],[120.616557,22.449127],[120.61729,22.449187],[120.617657,22.448685],[120.619113,22.449267],[120.619047,22.44975],[120.620517,22.449939],[120.621596,22.449143],[120.623895,22.449408],[120.622772,22.450227],[120.623287,22.451],[120.625174,22.450777],[120.626773,22.451372],[120.626981,22.451894],[120.626927,22.452743],[120.625418,22.451675],[120.620708,22.45308],[120.618525,22.452496],[120.618332,22.453071],[120.617949,22.452861],[120.616407,22.453768],[120.616303,22.454633],[120.616803,22.454663],[120.616858,22.45527],[120.615918,22.455171],[120.616305,22.455845],[120.617717,22.456238],[120.616124,22.456819],[120.617111,22.457649],[120.615343,22.458291],[120.615538,22.458722],[120.61706,22.458425],[120.617612,22.459011],[120.619465,22.458439],[120.618214,22.459352],[120.615963,22.459912],[120.615846,22.460384],[120.617164,22.460325],[120.616942,22.460911],[120.618593,22.460605],[120.618621,22.460963],[120.617576,22.461744],[120.616297,22.461766],[120.617306,22.463269],[120.616107,22.463185],[120.615815,22.463785],[120.615245,22.463382],[120.614982,22.463882],[120.61709,22.464081],[120.617189,22.465021],[120.618608,22.465179],[120.618586,22.465824],[120.617258,22.466496],[120.615212,22.466662],[120.615647,22.468137],[120.616494,22.467819],[120.617,22.468355],[120.615916,22.468953],[120.616587,22.469328],[120.616152,22.470234],[120.616336,22.47398],[120.618776,22.475972],[120.619187,22.477018],[120.621464,22.47762],[120.621475,22.478149],[120.620116,22.478867],[120.62064,22.479533],[120.622344,22.478949],[120.622086,22.479748],[120.622496,22.480158],[120.62261,22.479387],[120.625425,22.478324],[120.624316,22.480261],[120.622841,22.480307],[120.621499,22.481097],[120.62322,22.482632],[120.621563,22.482614],[120.620145,22.481715],[120.620094,22.482549],[120.618847,22.483912],[120.616577,22.484226],[120.616299,22.4851],[120.61506,22.485259],[120.61663,22.485877],[120.617469,22.485049],[120.618118,22.485438],[120.618563,22.484928],[120.618379,22.485828],[120.61908,22.486198],[120.618424,22.486623],[120.618923,22.487301],[120.617738,22.48688],[120.618531,22.487958],[120.617133,22.487279],[120.617024,22.486773],[120.616517,22.487171],[120.616105,22.486563],[120.615959,22.487429],[120.615056,22.487521],[120.617238,22.488513],[120.619292,22.49065],[120.619454,22.492174],[120.620662,22.492413],[120.62065,22.491206],[120.621368,22.492756],[120.622659,22.491947],[120.623103,22.493517],[120.619935,22.495351],[120.619983,22.499177],[120.621215,22.500981],[120.62052,22.502405],[120.620782,22.506142],[120.624283,22.51235],[120.631598,22.521209],[120.630637,22.522468],[120.634553,22.524829],[120.63356,22.524751]]]},"properties":{"code":"10013150","name":"新埤鄉","countyCode":"10013","countyName":"屏東縣","townCode":"10013150","townName":"新埤鄉","level":"town","unassigned":false,"note":"","label":[120.585500951716,22.48545430337276],"bounds":[120.529863,22.445179,120.634553,22.526483],"focusBounds":[120.529863,22.445179,120.634553,22.526483],"color":"#a49ad4","childCount":7}},{"type":"Feature","id":"10013160","geometry":{"type":"Polygon","coordinates":[[[120.60908,22.445179],[120.601639,22.446421],[120.596154,22.448133],[120.586081,22.45272],[120.579545,22.455011],[120.57901,22.456409],[120.576591,22.457747],[120.575056,22.455854],[120.573803,22.452998],[120.572898,22.448269],[120.57164,22.448536],[120.571228,22.447658],[120.570045,22.443228],[120.570761,22.440902],[120.569046,22.43822],[120.569078,22.433537],[120.566909,22.429454],[120.576199,22.414547],[120.567383,22.410942],[120.563328,22.410224],[120.56478,22.409159],[120.565807,22.404957],[120.565746,22.401727],[120.563758,22.399679],[120.563707,22.398848],[120.562023,22.399318],[120.561738,22.40051],[120.558031,22.401329],[120.557663,22.401921],[120.556771,22.401806],[120.556412,22.401095],[120.55313,22.4007],[120.550836,22.396262],[120.549749,22.397021],[120.545862,22.398168],[120.545978,22.397399],[120.540156,22.397202],[120.549593,22.392442],[120.560355,22.386071],[120.570752,22.379399],[120.571233,22.378046],[120.574175,22.375997],[120.576422,22.375177],[120.58006,22.372292],[120.585574,22.369387],[120.589361,22.366366],[120.591306,22.364298],[120.590159,22.363316],[120.592249,22.3621],[120.598936,22.355746],[120.605123,22.34265],[120.605377,22.340729],[120.60638,22.340561],[120.611628,22.34345],[120.612126,22.345792],[120.615288,22.348399],[120.617737,22.349269],[120.618153,22.350549],[120.623647,22.352184],[120.625086,22.353615],[120.631084,22.354517],[120.635073,22.3566],[120.640235,22.355239],[120.639085,22.356468],[120.639515,22.356847],[120.638964,22.359026],[120.634076,22.35932],[120.62971,22.357889],[120.625984,22.359786],[120.62577,22.361841],[120.624997,22.362306],[120.620409,22.36126],[120.62038,22.36191],[120.621244,22.361722],[120.621291,22.362378],[120.622958,22.363765],[120.621732,22.362913],[120.620215,22.363439],[120.620525,22.366775],[120.619482,22.367331],[120.617896,22.370611],[120.620667,22.369011],[120.621542,22.369653],[120.622652,22.369038],[120.623698,22.370466],[120.624864,22.370249],[120.625229,22.370638],[120.624827,22.37128],[120.621473,22.371434],[120.620976,22.372889],[120.620044,22.373469],[120.619382,22.374968],[120.619462,22.376762],[120.618242,22.376738],[120.618032,22.377884],[120.618231,22.383063],[120.61751,22.383487],[120.617447,22.384287],[120.618344,22.384779],[120.618286,22.385222],[120.616581,22.386033],[120.61593,22.387069],[120.617614,22.388286],[120.616943,22.389729],[120.618696,22.391307],[120.62308,22.391189],[120.623254,22.39278],[120.624242,22.392873],[120.624423,22.3939],[120.627314,22.39423],[120.630584,22.395426],[120.632956,22.393044],[120.636862,22.393956],[120.635384,22.394469],[120.635711,22.396014],[120.634268,22.395956],[120.633148,22.396805],[120.633039,22.39914],[120.631577,22.398584],[120.63147,22.399206],[120.629628,22.398624],[120.629096,22.399122],[120.628986,22.399676],[120.630806,22.400556],[120.630904,22.401379],[120.630322,22.401688],[120.629559,22.400899],[120.628825,22.401058],[120.629543,22.402277],[120.628719,22.402517],[120.627497,22.402011],[120.627327,22.402585],[120.625732,22.403221],[120.625213,22.404495],[120.624209,22.405267],[120.623605,22.405055],[120.623763,22.405862],[120.625633,22.405892],[120.625853,22.406342],[120.624945,22.407359],[120.6258,22.408326],[120.62753,22.408771],[120.627283,22.409548],[120.628524,22.409771],[120.630453,22.412424],[120.631189,22.411553],[120.632469,22.411759],[120.631422,22.412783],[120.632124,22.414148],[120.631461,22.415032],[120.629918,22.415668],[120.62734,22.415709],[120.628275,22.417507],[120.628016,22.420005],[120.628844,22.420315],[120.629156,22.421797],[120.63072,22.422941],[120.629225,22.423148],[120.626524,22.421884],[120.62344,22.421469],[120.623171,22.421862],[120.623358,22.424204],[120.624361,22.425735],[120.629892,22.427819],[120.629416,22.428323],[120.630883,22.431674],[120.632228,22.432662],[120.632836,22.433823],[120.632643,22.435821],[120.627441,22.438173],[120.620089,22.439632],[120.612596,22.44433],[120.60908,22.445179]]]},"properties":{"code":"10013160","name":"枋寮鄉","countyCode":"10013","countyName":"屏東縣","townCode":"10013160","townName":"枋寮鄉","level":"town","unassigned":false,"note":"","label":[120.59677579300586,22.402868797419956],"bounds":[120.540156,22.340561,120.640235,22.457747],"focusBounds":[120.540156,22.340561,120.640235,22.457747],"color":"#a8bf62","childCount":16}},{"type":"Feature","id":"10013170","geometry":{"type":"Polygon","coordinates":[[[120.48442,22.526692],[120.483566,22.527386],[120.483042,22.527237],[120.478195,22.531039],[120.478541,22.534857],[120.475924,22.534717],[120.475481,22.531378],[120.474335,22.531066],[120.473836,22.533468],[120.474322,22.533882],[120.472995,22.53549],[120.473,22.536021],[120.479498,22.53661],[120.479926,22.539758],[120.478951,22.540191],[120.481193,22.555877],[120.477658,22.556315],[120.478149,22.56208],[120.476628,22.560294],[120.469831,22.558021],[120.47108,22.560392],[120.465008,22.560014],[120.461132,22.558985],[120.461318,22.559743],[120.45832,22.559598],[120.45466,22.558775],[120.453493,22.557969],[120.448989,22.55754],[120.440733,22.557617],[120.438341,22.553523],[120.436574,22.547557],[120.432693,22.545654],[120.430875,22.544007],[120.427459,22.534273],[120.425134,22.528474],[120.424355,22.523272],[120.422856,22.518451],[120.423657,22.506522],[120.42573,22.498172],[120.423937,22.47995],[120.424434,22.468713],[120.433103,22.468359],[120.434979,22.464642],[120.444005,22.468496],[120.445036,22.469477],[120.445938,22.471525],[120.450775,22.472631],[120.461554,22.47914],[120.4658,22.484159],[120.468552,22.489409],[120.468156,22.492984],[120.466474,22.496862],[120.467446,22.496999],[120.467281,22.499553],[120.46561,22.506672],[120.466441,22.506883],[120.467627,22.510558],[120.47216,22.517266],[120.47616,22.520018],[120.480755,22.521698],[120.480066,22.523234],[120.480851,22.524327],[120.483418,22.526515],[120.483927,22.526253],[120.48442,22.526692]]]},"properties":{"code":"10013170","name":"新園鄉","countyCode":"10013","countyName":"屏東縣","townCode":"10013170","townName":"新園鄉","level":"town","unassigned":false,"note":"","label":[120.4460734278182,22.518079635856644],"bounds":[120.422856,22.464642,120.48442,22.56208],"focusBounds":[120.422856,22.464642,120.48442,22.56208],"color":"#68bec9","childCount":15}},{"type":"Feature","id":"10013180","geometry":{"type":"Polygon","coordinates":[[[120.529886,22.503415],[120.530105,22.506382],[120.529328,22.511306],[120.526274,22.510926],[120.525491,22.514413],[120.52408,22.514395],[120.523777,22.51561],[120.523396,22.518484],[120.525088,22.518702],[120.524747,22.521624],[120.526049,22.521818],[120.525309,22.525779],[120.523768,22.526057],[120.52333,22.527385],[120.523596,22.533352],[120.522011,22.535813],[120.519349,22.538289],[120.520091,22.541262],[120.522644,22.54191],[120.522642,22.542635],[120.52336,22.542683],[120.523338,22.543605],[120.523752,22.543673],[120.52326,22.546844],[120.520222,22.547524],[120.519218,22.546341],[120.517173,22.545702],[120.508632,22.546679],[120.508048,22.544699],[120.506272,22.543411],[120.504189,22.542731],[120.504028,22.541175],[120.501003,22.538876],[120.499502,22.538533],[120.496935,22.539417],[120.495123,22.535327],[120.492431,22.533101],[120.491791,22.529367],[120.488412,22.527669],[120.486421,22.524951],[120.485151,22.526679],[120.48442,22.526692],[120.483927,22.526253],[120.483418,22.526515],[120.480851,22.524327],[120.480066,22.523234],[120.480755,22.521698],[120.47616,22.520018],[120.47216,22.517266],[120.467627,22.510558],[120.466441,22.506883],[120.46561,22.506672],[120.467281,22.499553],[120.467446,22.496999],[120.466474,22.496862],[120.468156,22.492984],[120.468552,22.489409],[120.470329,22.491379],[120.476511,22.495178],[120.477202,22.499104],[120.479391,22.500464],[120.488407,22.498623],[120.48927,22.49762],[120.490505,22.493725],[120.491934,22.492243],[120.493145,22.491988],[120.494836,22.491624],[120.498484,22.49292],[120.502248,22.493345],[120.508168,22.491528],[120.509681,22.493676],[120.509658,22.496358],[120.51059,22.496979],[120.512631,22.497026],[120.512727,22.496085],[120.51649,22.495568],[120.517907,22.494862],[120.52048,22.495854],[120.521872,22.495737],[120.523348,22.499142],[120.523032,22.500396],[120.523485,22.502791],[120.526398,22.503502],[120.527755,22.50218],[120.529863,22.5019],[120.529886,22.503415]]]},"properties":{"code":"10013180","name":"崁頂鄉","countyCode":"10013","countyName":"屏東縣","townCode":"10013180","townName":"崁頂鄉","level":"town","unassigned":false,"note":"","label":[120.50129758514386,22.514325747795144],"bounds":[120.46561,22.489409,120.530105,22.547524],"focusBounds":[120.46561,22.489409,120.530105,22.547524],"color":"#df9f6a","childCount":8}},{"type":"Feature","id":"10013190","geometry":{"type":"Polygon","coordinates":[[[120.542782,22.467885],[120.536256,22.468532],[120.536255,22.46712],[120.528885,22.464263],[120.528917,22.461033],[120.528483,22.460909],[120.52255,22.460609],[120.516756,22.459535],[120.514156,22.45964],[120.513718,22.459098],[120.51158,22.458768],[120.508771,22.458786],[120.508133,22.461017],[120.503361,22.45996],[120.501677,22.460463],[120.499512,22.46018],[120.49706,22.455699],[120.499004,22.455896],[120.499627,22.4553],[120.499803,22.451507],[120.501051,22.450901],[120.501737,22.449716],[120.503575,22.449727],[120.503452,22.448379],[120.50146,22.448128],[120.498604,22.444341],[120.496175,22.436184],[120.493131,22.4351],[120.492092,22.435169],[120.49164,22.434224],[120.48925,22.435352],[120.488283,22.435302],[120.48725,22.436122],[120.483988,22.433238],[120.483297,22.431322],[120.482293,22.431814],[120.482767,22.430992],[120.480588,22.426856],[120.495573,22.419818],[120.505447,22.414354],[120.508536,22.412148],[120.510309,22.411878],[120.51347,22.41906],[120.521486,22.425368],[120.525024,22.429993],[120.525959,22.441028],[120.527169,22.44351],[120.525293,22.444002],[120.525388,22.444716],[120.524272,22.444913],[120.525177,22.448205],[120.527377,22.449638],[120.533031,22.449631],[120.535075,22.452166],[120.539564,22.461557],[120.541482,22.463104],[120.540457,22.462881],[120.54056,22.464614],[120.54004,22.465065],[120.541535,22.465936],[120.542782,22.467885]]]},"properties":{"code":"10013190","name":"林邊鄉","countyCode":"10013","countyName":"屏東縣","townCode":"10013190","townName":"林邊鄉","level":"town","unassigned":false,"note":"","label":[120.51132646734632,22.43648026085466],"bounds":[120.480588,22.411878,120.542782,22.468532],"focusBounds":[120.480588,22.411878,120.542782,22.468532],"color":"#c38cb8","childCount":10}},{"type":"Feature","id":"10013200","geometry":{"type":"Polygon","coordinates":[[[120.529863,22.5019],[120.527755,22.50218],[120.526398,22.503502],[120.523485,22.502791],[120.523032,22.500396],[120.523348,22.499142],[120.521872,22.495737],[120.52048,22.495854],[120.517907,22.494862],[120.51649,22.495568],[120.512727,22.496085],[120.512631,22.497026],[120.51059,22.496979],[120.509658,22.496358],[120.509681,22.493676],[120.508168,22.491528],[120.502248,22.493345],[120.498484,22.49292],[120.494836,22.491624],[120.493145,22.491988],[120.491075,22.488293],[120.489435,22.488221],[120.489083,22.483654],[120.48864,22.483576],[120.487165,22.480341],[120.487759,22.475584],[120.487593,22.471993],[120.490259,22.472683],[120.490265,22.473349],[120.49137,22.473613],[120.491674,22.474771],[120.498824,22.475791],[120.499026,22.474376],[120.501365,22.47374],[120.500485,22.468528],[120.501402,22.468169],[120.501969,22.466444],[120.502027,22.465436],[120.50153,22.465327],[120.501677,22.460463],[120.503361,22.45996],[120.508133,22.461017],[120.508771,22.458786],[120.51158,22.458768],[120.513718,22.459098],[120.514156,22.45964],[120.516756,22.459535],[120.52255,22.460609],[120.528483,22.460909],[120.528917,22.461033],[120.528885,22.464263],[120.536255,22.46712],[120.536256,22.468532],[120.542782,22.467885],[120.544362,22.467617],[120.54428,22.468884],[120.543573,22.468985],[120.543562,22.470674],[120.542501,22.47068],[120.542493,22.477512],[120.540816,22.477938],[120.541503,22.480565],[120.544195,22.482882],[120.544969,22.485624],[120.54642,22.487024],[120.546393,22.488056],[120.545859,22.488439],[120.546273,22.489411],[120.545037,22.489455],[120.54156,22.491276],[120.537894,22.495283],[120.536155,22.495239],[120.536051,22.498446],[120.530715,22.498292],[120.53062,22.501649],[120.529863,22.5019]]]},"properties":{"code":"10013200","name":"南州鄉","countyCode":"10013","countyName":"屏東縣","townCode":"10013200","townName":"南州鄉","level":"town","unassigned":false,"note":"","label":[120.5180560120701,22.47734776905858],"bounds":[120.487165,22.458768,120.54642,22.503502],"focusBounds":[120.487165,22.458768,120.54642,22.503502],"color":"#98b69b","childCount":10}},{"type":"Feature","id":"10013210","geometry":{"type":"Polygon","coordinates":[[[120.576591,22.457747],[120.573194,22.460433],[120.570318,22.460734],[120.568898,22.460179],[120.566826,22.460289],[120.560972,22.46176],[120.548142,22.460688],[120.546042,22.461459],[120.544622,22.463112],[120.541482,22.463104],[120.539564,22.461557],[120.535075,22.452166],[120.533031,22.449631],[120.527377,22.449638],[120.525177,22.448205],[120.524272,22.444913],[120.525388,22.444716],[120.525293,22.444002],[120.527169,22.44351],[120.525959,22.441028],[120.525024,22.429993],[120.521486,22.425368],[120.51347,22.41906],[120.510309,22.411878],[120.515821,22.411104],[120.51755,22.411488],[120.518114,22.411006],[120.517523,22.408982],[120.540156,22.397202],[120.545978,22.397399],[120.545862,22.398168],[120.549749,22.397021],[120.550836,22.396262],[120.55313,22.4007],[120.556412,22.401095],[120.556771,22.401806],[120.557663,22.401921],[120.558031,22.401329],[120.561738,22.40051],[120.562023,22.399318],[120.563707,22.398848],[120.563758,22.399679],[120.565746,22.401727],[120.565807,22.404957],[120.56478,22.409159],[120.563328,22.410224],[120.567383,22.410942],[120.576199,22.414547],[120.566909,22.429454],[120.569078,22.433537],[120.569046,22.43822],[120.570761,22.440902],[120.570045,22.443228],[120.571228,22.447658],[120.57164,22.448536],[120.572898,22.448269],[120.573803,22.452998],[120.575056,22.455854],[120.576591,22.457747]]]},"properties":{"code":"10013210","name":"佳冬鄉","countyCode":"10013","countyName":"屏東縣","townCode":"10013210","townName":"佳冬鄉","level":"town","unassigned":false,"note":"","label":[120.5462689999523,22.429711938683994],"bounds":[120.510309,22.396262,120.576591,22.463112],"focusBounds":[120.510309,22.396262,120.576591,22.463112],"color":"#58b99d","childCount":12}},{"type":"Feature","id":"10013220","geometry":{"type":"Polygon","coordinates":[[[120.379642,22.355982],[120.376963,22.355718],[120.372062,22.353194],[120.367423,22.352114],[120.365635,22.350932],[120.363711,22.348193],[120.361114,22.346517],[120.361105,22.345352],[120.362922,22.34408],[120.362594,22.342826],[120.36324,22.340023],[120.361281,22.338002],[120.360344,22.334706],[120.358244,22.332765],[120.35487,22.330858],[120.353617,22.329414],[120.353186,22.324996],[120.354653,22.323256],[120.357375,22.32222],[120.358938,22.322202],[120.363124,22.323579],[120.367368,22.326306],[120.371497,22.331126],[120.375514,22.333584],[120.376752,22.335728],[120.388012,22.342733],[120.388887,22.347405],[120.388486,22.350676],[120.384245,22.35237],[120.382363,22.353706],[120.381718,22.354936],[120.379642,22.355982]]]},"properties":{"code":"10013220","name":"琉球鄉","countyCode":"10013","countyName":"屏東縣","townCode":"10013220","townName":"琉球鄉","level":"town","unassigned":false,"note":"","label":[120.37137770662592,22.342821866960485],"bounds":[120.353186,22.322202,120.388887,22.355982],"focusBounds":[120.353186,22.322202,120.388887,22.355982],"color":"#efb44f","childCount":8}},{"type":"Feature","id":"10013230","geometry":{"type":"Polygon","coordinates":[[[120.736048,22.118272],[120.732053,22.11806],[120.730531,22.116763],[120.72838,22.116119],[120.723941,22.11586],[120.722421,22.114959],[120.721223,22.112887],[120.720211,22.113104],[120.718719,22.112457],[120.718596,22.11195],[120.715707,22.111465],[120.715456,22.112661],[120.717383,22.115427],[120.71798,22.117792],[120.718453,22.121516],[120.717955,22.12275],[120.714903,22.125002],[120.708543,22.132283],[120.703771,22.142743],[120.700296,22.142564],[120.699481,22.142035],[120.698018,22.142434],[120.697577,22.140471],[120.698028,22.138168],[120.698491,22.136818],[120.702057,22.133283],[120.702321,22.129839],[120.704423,22.127303],[120.706588,22.126001],[120.70947,22.12174],[120.709466,22.119465],[120.710579,22.117258],[120.710548,22.116681],[120.709829,22.11686],[120.709646,22.116032],[120.710849,22.114721],[120.711785,22.114615],[120.713101,22.111467],[120.712498,22.10834],[120.715163,22.106502],[120.715864,22.104827],[120.715434,22.102195],[120.715936,22.101834],[120.715636,22.100636],[120.716141,22.100433],[120.715629,22.096879],[120.716867,22.093313],[120.715383,22.091631],[120.714319,22.091964],[120.715329,22.091556],[120.714516,22.090779],[120.71272,22.090835],[120.707671,22.087931],[120.701312,22.086144],[120.699449,22.083298],[120.699351,22.082281],[120.700643,22.080114],[120.703334,22.078333],[120.705731,22.070742],[120.704828,22.067852],[120.705935,22.059944],[120.704476,22.056044],[120.702225,22.055515],[120.699252,22.05607],[120.697573,22.05499],[120.694415,22.048262],[120.695433,22.045925],[120.695503,22.044519],[120.694682,22.043335],[120.694881,22.042879],[120.696436,22.04307],[120.697022,22.042274],[120.696888,22.040942],[120.696158,22.040612],[120.695395,22.041879],[120.694541,22.041192],[120.693847,22.041529],[120.693476,22.039826],[120.689985,22.036543],[120.687145,22.032767],[120.685115,22.025408],[120.684778,22.02562],[120.688934,22.015642],[120.690915,22.012948],[120.692343,22.009605],[120.694396,22.010169],[120.69837,22.009941],[120.697916,22.012353],[120.693293,22.019595],[120.692123,22.023476],[120.690791,22.025713],[120.691279,22.027296],[120.690587,22.029008],[120.690838,22.031807],[120.692693,22.034536],[120.69279,22.035785],[120.693912,22.035541],[120.694881,22.034206],[120.697678,22.033574],[120.699944,22.033901],[120.70152,22.035182],[120.703481,22.039492],[120.705657,22.040779],[120.705982,22.044478],[120.710639,22.046559],[120.712687,22.049547],[120.714445,22.04962],[120.715843,22.050613],[120.716724,22.049857],[120.718809,22.050178],[120.719697,22.051438],[120.719639,22.052494],[120.719085,22.053151],[120.717583,22.053451],[120.717598,22.054498],[120.722002,22.054196],[120.724251,22.05284],[120.727139,22.053768],[120.727621,22.053385],[120.727533,22.051936],[120.73014,22.051386],[120.733272,22.052537],[120.734339,22.052098],[120.738211,22.047713],[120.740292,22.048309],[120.743484,22.047895],[120.743367,22.049787],[120.746073,22.049282],[120.747557,22.050284],[120.748605,22.052576],[120.750351,22.054533],[120.750306,22.058229],[120.752702,22.05986],[120.753356,22.062744],[120.75995,22.060866],[120.762629,22.061082],[120.764392,22.061925],[120.767328,22.060348],[120.769868,22.059734],[120.773219,22.060486],[120.770308,22.056798],[120.771102,22.055608],[120.772735,22.054854],[120.776576,22.054962],[120.777595,22.053172],[120.780456,22.052657],[120.784532,22.050411],[120.786043,22.052442],[120.786009,22.054548],[120.787592,22.058356],[120.7902,22.061171],[120.790671,22.062866],[120.791926,22.063945],[120.794645,22.068123],[120.79546,22.069796],[120.794095,22.074775],[120.794857,22.076121],[120.794859,22.079583],[120.793757,22.081873],[120.793653,22.084539],[120.795725,22.086335],[120.793513,22.089514],[120.793808,22.090491],[120.792969,22.092959],[120.793584,22.095872],[120.793092,22.096705],[120.792892,22.100097],[120.790967,22.099976],[120.790001,22.101572],[120.788369,22.101823],[120.786178,22.103183],[120.781914,22.104036],[120.780547,22.103567],[120.77965,22.105869],[120.777596,22.105806],[120.771122,22.108756],[120.768332,22.108663],[120.76091,22.111867],[120.755913,22.112793],[120.754202,22.112519],[120.754932,22.109884],[120.753834,22.107855],[120.751021,22.105093],[120.750856,22.103601],[120.748912,22.101808],[120.748221,22.099072],[120.748592,22.098034],[120.746984,22.098544],[120.745378,22.097526],[120.745268,22.096858],[120.741896,22.099295],[120.739348,22.09961],[120.73685,22.103818],[120.738047,22.107862],[120.738277,22.111526],[120.736335,22.116087],[120.736048,22.118272]]]},"properties":{"code":"10013230","name":"車城鄉","countyCode":"10013","countyName":"屏東縣","townCode":"10013230","townName":"車城鄉","level":"town","unassigned":false,"note":"","label":[120.73419747161337,22.075037900072243],"bounds":[120.684778,22.009605,120.795725,22.142743],"focusBounds":[120.684778,22.009605,120.795725,22.142743],"color":"#78a7e3","childCount":12}},{"type":"Feature","id":"10013240","geometry":{"type":"Polygon","coordinates":[[[120.896987,22.144114],[120.892939,22.141681],[120.891091,22.141846],[120.888619,22.141055],[120.886993,22.141097],[120.886344,22.139898],[120.884186,22.138625],[120.883312,22.139447],[120.881194,22.139349],[120.880511,22.140021],[120.878093,22.140373],[120.876288,22.141998],[120.873918,22.141543],[120.873229,22.144362],[120.872275,22.144817],[120.870059,22.144871],[120.869264,22.144373],[120.869779,22.141538],[120.868656,22.140637],[120.866108,22.140638],[120.86423,22.14214],[120.859282,22.143205],[120.857918,22.144642],[120.854276,22.145272],[120.852423,22.144694],[120.851766,22.14534],[120.850488,22.144666],[120.848797,22.143],[120.848723,22.142114],[120.851166,22.138939],[120.853062,22.137505],[120.853549,22.135574],[120.85492,22.134525],[120.855141,22.131807],[120.856555,22.130451],[120.855886,22.129172],[120.855911,22.127702],[120.854094,22.125298],[120.855197,22.123221],[120.853357,22.120394],[120.850412,22.117592],[120.849428,22.11722],[120.848909,22.116245],[120.84324,22.114462],[120.84184,22.111708],[120.839767,22.109592],[120.833033,22.107007],[120.831927,22.105528],[120.830419,22.105015],[120.828428,22.103344],[120.827296,22.100076],[120.826875,22.096472],[120.823545,22.090159],[120.818828,22.089916],[120.817688,22.089405],[120.816559,22.08713],[120.816531,22.085822],[120.820645,22.081576],[120.822212,22.076492],[120.821148,22.075579],[120.820263,22.075508],[120.819079,22.076452],[120.818022,22.075695],[120.817506,22.074145],[120.81803,22.072148],[120.817831,22.070451],[120.816909,22.068864],[120.815494,22.06822],[120.814499,22.064432],[120.813152,22.063263],[120.811962,22.063114],[120.811819,22.061803],[120.810708,22.060532],[120.806698,22.05929],[120.804962,22.059746],[120.803786,22.060902],[120.801993,22.060659],[120.800164,22.061635],[120.799075,22.06304],[120.797191,22.064267],[120.794645,22.068123],[120.791926,22.063945],[120.790671,22.062866],[120.7902,22.061171],[120.787592,22.058356],[120.786009,22.054548],[120.786043,22.052442],[120.784532,22.050411],[120.784169,22.048128],[120.78623,22.046565],[120.787241,22.04672],[120.788982,22.046089],[120.790559,22.044587],[120.792034,22.041845],[120.791902,22.038951],[120.793047,22.03824],[120.793339,22.037441],[120.789392,22.032028],[120.786121,22.030526],[120.785567,22.02929],[120.785374,22.025502],[120.784909,22.024961],[120.783865,22.02447],[120.780733,22.025596],[120.780195,22.025035],[120.778379,22.024942],[120.77671,22.023752],[120.776006,22.024584],[120.774549,22.024943],[120.77267,22.024029],[120.77255,22.023111],[120.773674,22.02014],[120.776783,22.017126],[120.777628,22.014153],[120.778729,22.01418],[120.779377,22.014791],[120.781228,22.014486],[120.782949,22.011437],[120.785155,22.009753],[120.785906,22.005165],[120.785289,22.004392],[120.785559,22.000628],[120.786678,21.998431],[120.783693,21.997221],[120.782494,21.996124],[120.782192,21.994236],[120.780957,21.993441],[120.780987,21.992015],[120.779642,21.990011],[120.77594,21.989825],[120.773429,21.986292],[120.770697,21.985826],[120.770141,21.984534],[120.770186,21.980772],[120.770728,21.979452],[120.774485,21.979111],[120.775714,21.979241],[120.776384,21.979867],[120.777923,21.979607],[120.781454,21.980335],[120.784402,21.97984],[120.787913,21.980788],[120.790072,21.979633],[120.791214,21.980996],[120.793202,21.982197],[120.804905,21.98001],[120.810319,21.980719],[120.811435,21.981291],[120.813723,21.980162],[120.814703,21.980502],[120.815201,21.978288],[120.817503,21.976359],[120.818524,21.973865],[120.821253,21.974029],[120.824286,21.9749],[120.825632,21.972489],[120.827685,21.970528],[120.82845,21.970355],[120.830728,21.971157],[120.834392,21.970808],[120.837529,21.974684],[120.838409,21.975368],[120.83945,21.975329],[120.84215,21.978171],[120.843085,21.978221],[120.84417,21.979319],[120.84669,21.987154],[120.851587,21.989048],[120.855799,21.98896],[120.861586,21.990815],[120.867282,21.99496],[120.875786,21.998847],[120.878235,22.002853],[120.879288,22.005733],[120.878231,22.010712],[120.883733,22.013246],[120.887081,22.016454],[120.887147,22.020377],[120.888411,22.022578],[120.889227,22.025762],[120.895225,22.030068],[120.901056,22.033242],[120.901215,22.034373],[120.899696,22.036424],[120.90018,22.036788],[120.899314,22.036922],[120.898453,22.038646],[120.899691,22.039214],[120.898248,22.039145],[120.895296,22.04651],[120.893925,22.048356],[120.893604,22.052315],[120.894183,22.055977],[120.892965,22.067979],[120.893558,22.079744],[120.894039,22.080875],[120.894079,22.088608],[120.899143,22.094428],[120.898476,22.094614],[120.898223,22.098097],[120.898804,22.100989],[120.90005,22.103457],[120.900501,22.103411],[120.900424,22.103979],[120.901847,22.104282],[120.902036,22.105305],[120.901301,22.105532],[120.900841,22.104971],[120.900666,22.105901],[120.892464,22.109743],[120.892634,22.110244],[120.891711,22.111518],[120.89171,22.113216],[120.89125,22.113911],[120.890661,22.113509],[120.890707,22.114894],[120.888301,22.119811],[120.888452,22.122064],[120.887499,22.122679],[120.886624,22.128047],[120.886626,22.12859],[120.887182,22.128745],[120.886669,22.129734],[120.887856,22.133296],[120.891058,22.134637],[120.895786,22.139782],[120.896842,22.141619],[120.896987,22.144114]]]},"properties":{"code":"10013240","name":"滿州鄉","countyCode":"10013","countyName":"屏東縣","townCode":"10013240","townName":"滿州鄉","level":"town","unassigned":false,"note":"","label":[120.8505411073941,22.044199221341238],"bounds":[120.770141,21.970355,120.902036,22.14534],"focusBounds":[120.770141,21.970355,120.902036,22.14534],"color":"#a49ad4","childCount":9}},{"type":"Feature","id":"10013250","geometry":{"type":"Polygon","coordinates":[[[120.640235,22.355239],[120.635073,22.3566],[120.631084,22.354517],[120.625086,22.353615],[120.623647,22.352184],[120.618153,22.350549],[120.617737,22.349269],[120.615288,22.348399],[120.612126,22.345792],[120.611628,22.34345],[120.60638,22.340561],[120.605377,22.340729],[120.610433,22.336056],[120.620288,22.328513],[120.630504,22.319225],[120.636175,22.31278],[120.637547,22.309008],[120.6404,22.305779],[120.64274,22.30162],[120.643118,22.294196],[120.642707,22.29107],[120.643886,22.29],[120.644121,22.287561],[120.648002,22.280068],[120.648941,22.275478],[120.650669,22.271667],[120.650866,22.27079],[120.650451,22.270489],[120.65098,22.270516],[120.652096,22.268239],[120.652087,22.265669],[120.65056,22.262329],[120.649285,22.255745],[120.650399,22.251793],[120.65095,22.251258],[120.652814,22.251003],[120.65791,22.247096],[120.65792,22.242862],[120.664031,22.239282],[120.666004,22.239328],[120.667706,22.236481],[120.67037,22.23519],[120.670478,22.234434],[120.671879,22.23342],[120.672906,22.230325],[120.673795,22.229393],[120.672316,22.227534],[120.672764,22.224824],[120.673995,22.223201],[120.676751,22.222738],[120.678328,22.218653],[120.680396,22.216824],[120.680368,22.215243],[120.682171,22.214388],[120.684859,22.210268],[120.68578,22.203213],[120.684241,22.200385],[120.683918,22.197418],[120.685539,22.192513],[120.68967,22.186584],[120.691574,22.17763],[120.691087,22.175095],[120.693214,22.173549],[120.693815,22.172479],[120.694153,22.169327],[120.693703,22.167931],[120.695467,22.166455],[120.69602,22.159674],[120.694732,22.158523],[120.694594,22.157394],[120.696084,22.154196],[120.698161,22.152359],[120.699938,22.148323],[120.699745,22.146897],[120.698066,22.14411],[120.698018,22.142434],[120.699481,22.142035],[120.700296,22.142564],[120.700143,22.143662],[120.701413,22.146061],[120.701087,22.14996],[120.701872,22.150461],[120.700669,22.151261],[120.700564,22.154177],[120.699844,22.154459],[120.69937,22.156411],[120.699837,22.156475],[120.700075,22.157413],[120.70151,22.157203],[120.69891,22.158542],[120.697119,22.166467],[120.696468,22.166854],[120.696551,22.16826],[120.694686,22.171053],[120.695374,22.175013],[120.69273,22.181436],[120.694569,22.183403],[120.693918,22.186439],[120.696696,22.190841],[120.695229,22.192435],[120.697124,22.193644],[120.696989,22.194285],[120.695177,22.195704],[120.695666,22.196623],[120.695325,22.197662],[120.699685,22.202291],[120.700936,22.201399],[120.700586,22.200033],[120.702443,22.199073],[120.704189,22.199341],[120.705397,22.200974],[120.703421,22.202141],[120.702313,22.204142],[120.703718,22.203727],[120.705133,22.204232],[120.706835,22.206355],[120.708747,22.206437],[120.709549,22.206979],[120.710091,22.206514],[120.712054,22.207445],[120.713329,22.207072],[120.714316,22.207546],[120.71752,22.207699],[120.713315,22.210334],[120.711579,22.21215],[120.709923,22.212944],[120.707464,22.213226],[120.706333,22.212989],[120.7046,22.211298],[120.695903,22.209962],[120.693022,22.206808],[120.69105,22.206903],[120.689617,22.207598],[120.688554,22.209533],[120.684682,22.213232],[120.682959,22.215772],[120.681723,22.216264],[120.678977,22.219054],[120.67759,22.222504],[120.678249,22.224344],[120.676166,22.22569],[120.675729,22.227026],[120.676629,22.22803],[120.678768,22.227991],[120.674888,22.22991],[120.672634,22.234445],[120.669987,22.237761],[120.671246,22.239403],[120.670441,22.242472],[120.670775,22.243746],[120.66865,22.245148],[120.668417,22.246248],[120.665427,22.250365],[120.665301,22.251794],[120.663025,22.255722],[120.661016,22.258044],[120.662027,22.259003],[120.664593,22.259215],[120.668974,22.261665],[120.67242,22.260505],[120.674002,22.260524],[120.673336,22.262133],[120.672422,22.263319],[120.670432,22.264061],[120.666213,22.264467],[120.664321,22.263145],[120.661957,22.26271],[120.662246,22.265956],[120.661201,22.266434],[120.660314,22.266156],[120.659477,22.266642],[120.658255,22.266281],[120.658673,22.265889],[120.658271,22.26555],[120.657124,22.265293],[120.656361,22.265914],[120.653335,22.265948],[120.652894,22.268901],[120.650024,22.274793],[120.649076,22.279537],[120.64686,22.284453],[120.646045,22.285193],[120.644824,22.289189],[120.645456,22.289556],[120.645202,22.294075],[120.645884,22.295606],[120.645167,22.298494],[120.645434,22.30322],[120.644754,22.30499],[120.646497,22.306642],[120.646448,22.307667],[120.648153,22.308338],[120.648387,22.309735],[120.64585,22.31074],[120.643513,22.310226],[120.641497,22.30908],[120.639506,22.31161],[120.636167,22.317888],[120.636653,22.319385],[120.636446,22.321746],[120.633746,22.325362],[120.632616,22.331625],[120.63175,22.331746],[120.630361,22.334981],[120.629753,22.338211],[120.629102,22.338748],[120.62893,22.340004],[120.630249,22.340922],[120.630327,22.341729],[120.629129,22.342555],[120.62777,22.341663],[120.627159,22.342573],[120.627578,22.343546],[120.62526,22.343669],[120.624546,22.344612],[120.625578,22.346037],[120.628538,22.347739],[120.630532,22.348197],[120.634954,22.351659],[120.640474,22.351231],[120.641382,22.35187],[120.640783,22.352752],[120.641324,22.355225],[120.640235,22.355239]]]},"properties":{"code":"10013250","name":"枋山鄉","countyCode":"10013","countyName":"屏東縣","townCode":"10013250","townName":"枋山鄉","level":"town","unassigned":false,"note":"","label":[120.6571932807009,22.25670041357484],"bounds":[120.605377,22.142035,120.71752,22.3566],"focusBounds":[120.605377,22.142035,120.71752,22.3566],"color":"#a49ad4","childCount":4}},{"type":"Feature","id":"10013260","geometry":{"type":"Polygon","coordinates":[[[120.774181,22.837955],[120.77289,22.841096],[120.771534,22.84187],[120.769914,22.844554],[120.768511,22.845202],[120.766089,22.848596],[120.764158,22.848993],[120.762155,22.856814],[120.758768,22.860927],[120.756556,22.862224],[120.755037,22.864679],[120.753652,22.86524],[120.75191,22.864731],[120.74926,22.865683],[120.746584,22.867785],[120.746196,22.869435],[120.744182,22.871184],[120.742419,22.873736],[120.737469,22.874298],[120.731772,22.875887],[120.725019,22.880834],[120.720507,22.881999],[120.716506,22.880868],[120.709963,22.881084],[120.708252,22.881646],[120.704539,22.880668],[120.702537,22.879241],[120.701364,22.876483],[120.697373,22.872553],[120.691976,22.868453],[120.690539,22.864873],[120.686219,22.864663],[120.684036,22.863513],[120.678969,22.862868],[120.678101,22.859492],[120.676722,22.857254],[120.672112,22.856352],[120.669882,22.856866],[120.66857,22.858714],[120.664294,22.858806],[120.660905,22.85967],[120.66005,22.860659],[120.658645,22.86607],[120.659664,22.87012],[120.658419,22.874336],[120.65805,22.879708],[120.656765,22.881111],[120.655868,22.881616],[120.654873,22.881473],[120.652502,22.879689],[120.65102,22.877213],[120.6491,22.876965],[120.648094,22.877542],[120.647686,22.879568],[120.64576,22.879969],[120.64453,22.878029],[120.645024,22.873217],[120.647809,22.873217],[120.643174,22.864504],[120.642992,22.862554],[120.640956,22.859904],[120.640027,22.857144],[120.640557,22.854731],[120.639923,22.8536],[120.640071,22.85208],[120.638978,22.852306],[120.634901,22.848822],[120.627865,22.846631],[120.630234,22.84348],[120.63172,22.843348],[120.632541,22.842263],[120.63125,22.841141],[120.630931,22.838721],[120.62918,22.836171],[120.629991,22.832905],[120.629947,22.830401],[120.632038,22.829355],[120.630402,22.828467],[120.629659,22.82645],[120.629863,22.825454],[120.629335,22.825404],[120.629063,22.824324],[120.62804,22.823608],[120.627939,22.820996],[120.627048,22.81965],[120.629401,22.819256],[120.630656,22.817638],[120.634178,22.816347],[120.634074,22.815872],[120.635563,22.815099],[120.6355,22.814507],[120.6325,22.812751],[120.629126,22.811605],[120.6301,22.803458],[120.629866,22.794101],[120.630338,22.79335],[120.629193,22.792066],[120.630058,22.791148],[120.629326,22.785664],[120.630883,22.782199],[120.629734,22.781634],[120.63044,22.780625],[120.628749,22.776412],[120.630759,22.775633],[120.633074,22.776377],[120.633232,22.775702],[120.635507,22.77435],[120.637835,22.77185],[120.637504,22.770805],[120.638298,22.770526],[120.640748,22.771455],[120.643705,22.770843],[120.645194,22.769643],[120.645922,22.768102],[120.645368,22.767505],[120.643423,22.768354],[120.642227,22.767779],[120.641299,22.766932],[120.641444,22.766137],[120.640057,22.765672],[120.635158,22.761637],[120.633374,22.757674],[120.633272,22.755241],[120.631338,22.751382],[120.631443,22.749934],[120.632275,22.749053],[120.631977,22.747075],[120.634302,22.744494],[120.634007,22.743614],[120.634664,22.740439],[120.636023,22.738257],[120.637026,22.738174],[120.638138,22.736093],[120.639379,22.735513],[120.63879,22.732931],[120.639404,22.732217],[120.638714,22.729171],[120.638735,22.726202],[120.637857,22.724067],[120.636496,22.723214],[120.636593,22.721677],[120.635355,22.720021],[120.634604,22.71983],[120.633265,22.716002],[120.629077,22.713682],[120.634278,22.711112],[120.638625,22.711038],[120.64052,22.711936],[120.643574,22.711965],[120.649447,22.710667],[120.655239,22.709439],[120.657214,22.713552],[120.659135,22.714166],[120.661094,22.712575],[120.659973,22.708196],[120.661494,22.706715],[120.66268,22.706787],[120.663606,22.709005],[120.664654,22.709528],[120.668334,22.708094],[120.673005,22.704753],[120.675345,22.706282],[120.677458,22.706452],[120.678234,22.705224],[120.67867,22.702854],[120.681917,22.698915],[120.684968,22.699789],[120.68615,22.699603],[120.686946,22.698877],[120.6878,22.69646],[120.690948,22.697943],[120.692017,22.697797],[120.694145,22.696386],[120.694618,22.694847],[120.696143,22.693452],[120.701081,22.693588],[120.703277,22.692041],[120.706652,22.691202],[120.70686,22.69225],[120.706093,22.692675],[120.707297,22.694832],[120.707091,22.695517],[120.710004,22.699451],[120.709584,22.701005],[120.710009,22.702572],[120.713121,22.70702],[120.712693,22.709535],[120.714973,22.716073],[120.713459,22.719169],[120.712093,22.720434],[120.709059,22.721444],[120.705725,22.725194],[120.703071,22.726336],[120.704396,22.730794],[120.703182,22.733867],[120.703867,22.736858],[120.702698,22.738783],[120.70275,22.742533],[120.701746,22.745812],[120.70549,22.747855],[120.71202,22.749158],[120.714371,22.748801],[120.715283,22.746829],[120.71628,22.746215],[120.719757,22.749771],[120.719525,22.751934],[120.71858,22.753806],[120.718694,22.757854],[120.717733,22.758191],[120.71719,22.761737],[120.715925,22.762932],[120.715798,22.76475],[120.714499,22.766542],[120.714894,22.768044],[120.713322,22.768221],[120.712569,22.768806],[120.711787,22.770713],[120.710916,22.770587],[120.710998,22.772274],[120.715753,22.776455],[120.718829,22.778458],[120.722823,22.783306],[120.724976,22.783455],[120.726095,22.784047],[120.727363,22.787431],[120.726857,22.79095],[120.729644,22.794233],[120.733355,22.795975],[120.733274,22.797089],[120.734384,22.79884],[120.735919,22.803935],[120.739546,22.810676],[120.740844,22.814283],[120.739481,22.822105],[120.74395,22.823478],[120.746678,22.825169],[120.752485,22.827011],[120.758136,22.830431],[120.759422,22.829634],[120.762079,22.829664],[120.76342,22.832146],[120.765339,22.831708],[120.76788,22.832134],[120.773107,22.835754],[120.774181,22.837955]]]},"properties":{"code":"10013260","name":"三地門鄉","countyCode":"10013","countyName":"屏東縣","townCode":"10013260","townName":"三地門鄉","level":"town","unassigned":false,"note":"","label":[120.68146974415191,22.80807337048026],"bounds":[120.627048,22.691202,120.774181,22.881999],"focusBounds":[120.627048,22.691202,120.774181,22.881999],"color":"#a8bf62","childCount":10}},{"type":"Feature","id":"10013270","geometry":{"type":"Polygon","coordinates":[[[120.864565,22.843081],[120.863161,22.84476],[120.862315,22.847127],[120.859427,22.849237],[120.859927,22.851462],[120.857289,22.852681],[120.856196,22.855129],[120.853185,22.857622],[120.848965,22.853293],[120.848355,22.851947],[120.847173,22.851967],[120.842978,22.854211],[120.84122,22.856991],[120.841654,22.858547],[120.840943,22.860382],[120.837499,22.864073],[120.834867,22.864837],[120.833038,22.866274],[120.82904,22.865737],[120.824975,22.86646],[120.822957,22.865722],[120.819088,22.862346],[120.815887,22.862112],[120.815164,22.861658],[120.813845,22.859586],[120.813657,22.85747],[120.807073,22.854867],[120.801078,22.851029],[120.793347,22.852032],[120.7917,22.848373],[120.79299,22.8423],[120.792496,22.841001],[120.790204,22.840145],[120.785839,22.839903],[120.782065,22.83646],[120.779306,22.835226],[120.776728,22.836068],[120.774181,22.837955],[120.773107,22.835754],[120.76788,22.832134],[120.765339,22.831708],[120.76342,22.832146],[120.762079,22.829664],[120.759422,22.829634],[120.758136,22.830431],[120.752485,22.827011],[120.746678,22.825169],[120.74395,22.823478],[120.739481,22.822105],[120.740844,22.814283],[120.739546,22.810676],[120.735919,22.803935],[120.734384,22.79884],[120.733274,22.797089],[120.733355,22.795975],[120.729644,22.794233],[120.726857,22.79095],[120.727363,22.787431],[120.726095,22.784047],[120.724976,22.783455],[120.722823,22.783306],[120.718829,22.778458],[120.715753,22.776455],[120.710998,22.772274],[120.710916,22.770587],[120.711787,22.770713],[120.712569,22.768806],[120.713322,22.768221],[120.714894,22.768044],[120.714499,22.766542],[120.715798,22.76475],[120.715925,22.762932],[120.71719,22.761737],[120.717733,22.758191],[120.718694,22.757854],[120.71858,22.753806],[120.719525,22.751934],[120.719757,22.749771],[120.71628,22.746215],[120.715283,22.746829],[120.714371,22.748801],[120.71202,22.749158],[120.70549,22.747855],[120.701746,22.745812],[120.70275,22.742533],[120.702698,22.738783],[120.703867,22.736858],[120.703182,22.733867],[120.704396,22.730794],[120.703071,22.726336],[120.705725,22.725194],[120.709059,22.721444],[120.712093,22.720434],[120.713459,22.719169],[120.714973,22.716073],[120.712693,22.709535],[120.713121,22.70702],[120.710009,22.702572],[120.709584,22.701005],[120.710004,22.699451],[120.707091,22.695517],[120.707297,22.694832],[120.706093,22.692675],[120.70686,22.69225],[120.706652,22.691202],[120.709232,22.68868],[120.712201,22.688092],[120.71242,22.686446],[120.713163,22.685916],[120.715009,22.686471],[120.717556,22.688633],[120.721448,22.690422],[120.722531,22.688324],[120.724441,22.687437],[120.725368,22.684765],[120.726667,22.684424],[120.728242,22.685036],[120.730685,22.684634],[120.730622,22.682248],[120.731547,22.682134],[120.735743,22.683877],[120.737294,22.683546],[120.738016,22.68387],[120.739302,22.683039],[120.741143,22.68288],[120.744735,22.680984],[120.744951,22.679359],[120.743837,22.676992],[120.744884,22.674237],[120.744958,22.672382],[120.749964,22.666596],[120.750889,22.664404],[120.749608,22.65883],[120.746884,22.655467],[120.748464,22.652575],[120.7489,22.650543],[120.750683,22.649264],[120.752278,22.642258],[120.755277,22.639748],[120.758698,22.63453],[120.759773,22.631492],[120.76127,22.629784],[120.76336,22.63146],[120.76424,22.633708],[120.767651,22.636185],[120.76892,22.638847],[120.771982,22.642181],[120.773829,22.646229],[120.777128,22.65047],[120.779775,22.652533],[120.783713,22.658945],[120.785696,22.661175],[120.786348,22.662982],[120.786287,22.672236],[120.788852,22.676236],[120.791566,22.679183],[120.789258,22.683829],[120.789481,22.68649],[120.787483,22.690235],[120.786741,22.692739],[120.787049,22.693157],[120.789123,22.693288],[120.791907,22.691629],[120.795543,22.69062],[120.797202,22.689202],[120.80802,22.689186],[120.8091,22.688257],[120.811445,22.692038],[120.816332,22.691843],[120.819113,22.691028],[120.819356,22.692701],[120.818863,22.69436],[120.819877,22.695595],[120.82545,22.695705],[120.82702,22.69704],[120.828691,22.697659],[120.829939,22.697676],[120.831168,22.696836],[120.834985,22.696564],[120.83723,22.697344],[120.838289,22.698943],[120.837903,22.701432],[120.839673,22.703952],[120.840235,22.706666],[120.842173,22.706862],[120.843363,22.707648],[120.842505,22.708842],[120.842481,22.709837],[120.844522,22.710858],[120.84851,22.716947],[120.853125,22.71695],[120.854877,22.717546],[120.858391,22.713621],[120.861674,22.716698],[120.867186,22.716889],[120.869415,22.715904],[120.872401,22.716992],[120.87548,22.717178],[120.879422,22.716068],[120.883743,22.717276],[120.887279,22.722367],[120.888649,22.727289],[120.891435,22.729379],[120.892395,22.732904],[120.892282,22.735187],[120.894718,22.737587],[120.895621,22.741556],[120.894138,22.743266],[120.895353,22.748197],[120.894099,22.75161],[120.895643,22.755976],[120.894448,22.759136],[120.894973,22.760215],[120.894812,22.762581],[120.893409,22.763652],[120.891995,22.763861],[120.89356,22.766784],[120.900208,22.769215],[120.901147,22.772065],[120.903183,22.773829],[120.903859,22.77581],[120.903465,22.777513],[120.903238,22.780456],[120.904133,22.783582],[120.901692,22.787544],[120.903245,22.793031],[120.90297,22.796532],[120.90365,22.798269],[120.901673,22.803265],[120.900893,22.804274],[120.899323,22.80471],[120.896545,22.807969],[120.893987,22.80876],[120.891194,22.811624],[120.889046,22.811762],[120.887855,22.812625],[120.881132,22.814513],[120.878004,22.813774],[120.877159,22.813072],[120.874734,22.815255],[120.87171,22.814792],[120.868629,22.816851],[120.866823,22.819655],[120.8649,22.825073],[120.861968,22.826096],[120.861628,22.826661],[120.864552,22.832169],[120.865399,22.835613],[120.864065,22.838757],[120.864565,22.843081]]]},"properties":{"code":"10013270","name":"霧臺鄉","countyCode":"10013","countyName":"屏東縣","townCode":"10013270","townName":"霧臺鄉","level":"town","unassigned":false,"note":"","label":[120.79928675061173,22.76554899916986],"bounds":[120.701746,22.629784,120.904133,22.86646],"focusBounds":[120.701746,22.629784,120.904133,22.86646],"color":"#68bec9","childCount":6}},{"type":"Feature","id":"10013280","geometry":{"type":"Polygon","coordinates":[[[120.706652,22.691202],[120.703277,22.692041],[120.701081,22.693588],[120.696143,22.693452],[120.694618,22.694847],[120.694145,22.696386],[120.692017,22.697797],[120.690948,22.697943],[120.6878,22.69646],[120.686946,22.698877],[120.68615,22.699603],[120.684968,22.699789],[120.681917,22.698915],[120.67867,22.702854],[120.678234,22.705224],[120.677458,22.706452],[120.675345,22.706282],[120.673005,22.704753],[120.668334,22.708094],[120.664654,22.709528],[120.663606,22.709005],[120.66268,22.706787],[120.661494,22.706715],[120.659973,22.708196],[120.661094,22.712575],[120.659135,22.714166],[120.657214,22.713552],[120.655239,22.709439],[120.649447,22.710667],[120.650544,22.708199],[120.650245,22.706785],[120.651222,22.702847],[120.648576,22.699542],[120.647789,22.697515],[120.645675,22.696253],[120.642559,22.695356],[120.642728,22.694853],[120.640129,22.692013],[120.637388,22.690467],[120.634442,22.690371],[120.634588,22.689507],[120.63538,22.689926],[120.637531,22.688946],[120.638326,22.687245],[120.637591,22.685656],[120.634421,22.683441],[120.634483,22.682258],[120.63527,22.682233],[120.636061,22.680956],[120.634849,22.679241],[120.635805,22.679189],[120.635091,22.67844],[120.635847,22.676733],[120.633485,22.673211],[120.632792,22.671256],[120.632468,22.669301],[120.633169,22.669096],[120.632787,22.668306],[120.633935,22.667668],[120.632261,22.66741],[120.631672,22.666562],[120.632787,22.664922],[120.632895,22.663723],[120.63193,22.662679],[120.63277,22.662255],[120.630747,22.660909],[120.630694,22.65878],[120.629788,22.658433],[120.630894,22.65733],[120.631284,22.656039],[120.630729,22.654685],[120.632629,22.653934],[120.632967,22.653246],[120.631029,22.653008],[120.62983,22.652298],[120.628856,22.650554],[120.629575,22.649585],[120.628989,22.64808],[120.629296,22.64719],[120.628427,22.647282],[120.627793,22.64507],[120.629273,22.644544],[120.627874,22.642872],[120.628374,22.642282],[120.626656,22.64183],[120.625829,22.639341],[120.626259,22.637354],[120.625852,22.637243],[120.625689,22.635824],[120.626202,22.629081],[120.631585,22.624653],[120.633192,22.628009],[120.634997,22.627803],[120.635366,22.628563],[120.636307,22.628506],[120.637534,22.631783],[120.639531,22.632476],[120.639694,22.634134],[120.642297,22.636187],[120.643105,22.640305],[120.645115,22.640645],[120.64698,22.643136],[120.650106,22.642507],[120.64992,22.644017],[120.65071,22.645249],[120.654315,22.645488],[120.656481,22.643114],[120.658818,22.641875],[120.661089,22.643511],[120.660941,22.644507],[120.660046,22.645151],[120.661385,22.645488],[120.662836,22.644994],[120.66356,22.646149],[120.665408,22.645847],[120.666534,22.647217],[120.668168,22.647409],[120.669503,22.649697],[120.670424,22.649404],[120.672628,22.649854],[120.672697,22.650581],[120.673949,22.651392],[120.675267,22.650013],[120.677634,22.650607],[120.68228,22.648419],[120.683371,22.647141],[120.685106,22.647216],[120.687054,22.646032],[120.691951,22.645681],[120.693395,22.644386],[120.697364,22.642475],[120.697678,22.645902],[120.695838,22.65027],[120.693054,22.653344],[120.692994,22.654102],[120.693675,22.654461],[120.699821,22.65496],[120.70572,22.656376],[120.707548,22.655955],[120.715719,22.656319],[120.716922,22.656919],[120.719517,22.656623],[120.721151,22.658163],[120.722865,22.657232],[120.724258,22.657191],[120.726193,22.654893],[120.731497,22.653696],[120.735127,22.65091],[120.739539,22.652348],[120.74232,22.654746],[120.746884,22.655467],[120.749608,22.65883],[120.750889,22.664404],[120.749964,22.666596],[120.744958,22.672382],[120.744884,22.674237],[120.743837,22.676992],[120.744951,22.679359],[120.744735,22.680984],[120.741143,22.68288],[120.739302,22.683039],[120.738016,22.68387],[120.737294,22.683546],[120.735743,22.683877],[120.731547,22.682134],[120.730622,22.682248],[120.730685,22.684634],[120.728242,22.685036],[120.726667,22.684424],[120.725368,22.684765],[120.724441,22.687437],[120.722531,22.688324],[120.721448,22.690422],[120.717556,22.688633],[120.715009,22.686471],[120.713163,22.685916],[120.71242,22.686446],[120.712201,22.688092],[120.709232,22.68868],[120.706652,22.691202]]]},"properties":{"code":"10013280","name":"瑪家鄉","countyCode":"10013","countyName":"屏東縣","townCode":"10013280","townName":"瑪家鄉","level":"town","unassigned":false,"note":"","label":[120.6652698776699,22.67757855350292],"bounds":[120.625689,22.624653,120.750889,22.714166],"focusBounds":[120.625689,22.624653,120.750889,22.714166],"color":"#df9f6a","childCount":5}},{"type":"Feature","id":"10013290","geometry":{"type":"Polygon","coordinates":[[[120.746884,22.655467],[120.74232,22.654746],[120.739539,22.652348],[120.735127,22.65091],[120.731497,22.653696],[120.726193,22.654893],[120.724258,22.657191],[120.722865,22.657232],[120.721151,22.658163],[120.719517,22.656623],[120.716922,22.656919],[120.715719,22.656319],[120.707548,22.655955],[120.70572,22.656376],[120.699821,22.65496],[120.693675,22.654461],[120.692994,22.654102],[120.693054,22.653344],[120.695838,22.65027],[120.697678,22.645902],[120.697364,22.642475],[120.693395,22.644386],[120.691951,22.645681],[120.687054,22.646032],[120.685106,22.647216],[120.683371,22.647141],[120.68228,22.648419],[120.677634,22.650607],[120.675267,22.650013],[120.673949,22.651392],[120.672697,22.650581],[120.672628,22.649854],[120.670424,22.649404],[120.669503,22.649697],[120.668168,22.647409],[120.666534,22.647217],[120.665408,22.645847],[120.66356,22.646149],[120.662836,22.644994],[120.661385,22.645488],[120.660046,22.645151],[120.660941,22.644507],[120.661089,22.643511],[120.658818,22.641875],[120.656481,22.643114],[120.654315,22.645488],[120.65071,22.645249],[120.64992,22.644017],[120.650106,22.642507],[120.64698,22.643136],[120.645115,22.640645],[120.643105,22.640305],[120.642297,22.636187],[120.639694,22.634134],[120.639531,22.632476],[120.637534,22.631783],[120.636307,22.628506],[120.635366,22.628563],[120.634997,22.627803],[120.633192,22.628009],[120.631585,22.624653],[120.633054,22.624361],[120.633682,22.626049],[120.639406,22.626025],[120.636553,22.62335],[120.635419,22.620423],[120.633955,22.619593],[120.630838,22.616031],[120.631976,22.613681],[120.631841,22.611636],[120.631308,22.61161],[120.63023,22.612884],[120.628858,22.611246],[120.628508,22.608537],[120.630041,22.608094],[120.631565,22.608569],[120.632344,22.608141],[120.631546,22.600486],[120.630787,22.599399],[120.628726,22.598155],[120.629178,22.597531],[120.628039,22.59746],[120.627268,22.598212],[120.626193,22.598329],[120.625109,22.597401],[120.624975,22.596556],[120.62385,22.596034],[120.624926,22.591475],[120.623717,22.589511],[120.624223,22.585513],[120.625761,22.585234],[120.624652,22.58775],[120.624908,22.58859],[120.626168,22.588608],[120.625623,22.589396],[120.625947,22.591506],[120.627111,22.591385],[120.627337,22.592628],[120.626627,22.593967],[120.62866,22.593882],[120.628122,22.593015],[120.628084,22.592258],[120.628533,22.59216],[120.628216,22.591169],[120.631586,22.590403],[120.630878,22.588865],[120.629813,22.588502],[120.629409,22.58777],[120.631226,22.588622],[120.631957,22.586399],[120.631537,22.58556],[120.632134,22.5851],[120.632155,22.58213],[120.631278,22.581297],[120.630943,22.578984],[120.631849,22.57781],[120.630748,22.577075],[120.636377,22.576074],[120.636584,22.575673],[120.635294,22.574929],[120.633048,22.57547],[120.631853,22.574967],[120.631838,22.573204],[120.632363,22.573154],[120.632572,22.572466],[120.631993,22.571998],[120.632471,22.571712],[120.631829,22.571231],[120.631466,22.572597],[120.630836,22.572995],[120.629963,22.571709],[120.630099,22.570757],[120.629693,22.571322],[120.629004,22.570955],[120.629668,22.573892],[120.627906,22.573848],[120.627786,22.574558],[120.628779,22.574783],[120.627341,22.575809],[120.626095,22.574444],[120.624858,22.575355],[120.624666,22.572912],[120.62525,22.572806],[120.625397,22.573626],[120.62589,22.573499],[120.626562,22.572601],[120.625868,22.572127],[120.62601,22.571436],[120.626859,22.570908],[120.626183,22.569926],[120.62649,22.569273],[120.625443,22.568304],[120.626679,22.568198],[120.626643,22.566608],[120.628205,22.566554],[120.62707,22.564932],[120.628142,22.564306],[120.627318,22.562632],[120.627852,22.560005],[120.629006,22.561112],[120.629128,22.560754],[120.630064,22.561045],[120.630376,22.561808],[120.630594,22.561241],[120.629725,22.559977],[120.630819,22.560961],[120.631274,22.560219],[120.629838,22.559393],[120.631405,22.559018],[120.62972,22.558713],[120.631461,22.55729],[120.6314,22.556792],[120.629418,22.557526],[120.62833,22.556229],[120.630613,22.555877],[120.629996,22.555438],[120.630786,22.554828],[120.630339,22.553859],[120.627876,22.55431],[120.626262,22.556454],[120.626137,22.55531],[120.625446,22.555392],[120.626153,22.554569],[120.624869,22.554401],[120.625578,22.550765],[120.624754,22.549429],[120.624923,22.547472],[120.624355,22.5454],[120.62582,22.54464],[120.626756,22.542747],[120.628165,22.540717],[120.630805,22.538844],[120.632064,22.538776],[120.637931,22.540856],[120.640558,22.538301],[120.644385,22.53987],[120.644229,22.543035],[120.645264,22.545994],[120.646717,22.548205],[120.646664,22.552376],[120.645666,22.555903],[120.646041,22.558966],[120.645634,22.561371],[120.648836,22.564866],[120.64985,22.568781],[120.649301,22.570406],[120.649841,22.571544],[120.65054,22.570142],[120.650358,22.568273],[120.653391,22.565026],[120.656421,22.564597],[120.660351,22.563115],[120.668463,22.565147],[120.67407,22.562503],[120.675926,22.562199],[120.679136,22.563584],[120.681336,22.561766],[120.683798,22.56067],[120.685171,22.560554],[120.687167,22.559458],[120.689649,22.559724],[120.6912,22.559292],[120.69349,22.557447],[120.695402,22.558421],[120.698981,22.561962],[120.701062,22.561858],[120.702651,22.560742],[120.705234,22.563413],[120.707395,22.562243],[120.70894,22.562024],[120.711767,22.563084],[120.715386,22.563443],[120.717966,22.561474],[120.717911,22.560558],[120.718474,22.560264],[120.72041,22.560683],[120.721897,22.561622],[120.72423,22.562072],[120.726973,22.561402],[120.729413,22.562471],[120.73662,22.560173],[120.739952,22.558335],[120.739691,22.562982],[120.741528,22.56867],[120.747944,22.571076],[120.748783,22.572295],[120.749084,22.578633],[120.746667,22.584009],[120.745803,22.589547],[120.74901,22.593945],[120.75226,22.5971],[120.754644,22.600785],[120.754056,22.608552],[120.752883,22.612078],[120.757908,22.622899],[120.761235,22.626207],[120.76127,22.629784],[120.759773,22.631492],[120.758698,22.63453],[120.755277,22.639748],[120.752278,22.642258],[120.750683,22.649264],[120.7489,22.650543],[120.748464,22.652575],[120.746884,22.655467]]]},"properties":{"code":"10013290","name":"泰武鄉","countyCode":"10013","countyName":"屏東縣","townCode":"10013290","townName":"泰武鄉","level":"town","unassigned":false,"note":"","label":[120.69180443197612,22.602248382056196],"bounds":[120.623717,22.538301,120.76127,22.658163],"focusBounds":[120.623717,22.538301,120.76127,22.658163],"color":"#58b99d","childCount":6}},{"type":"Feature","id":"10013300","geometry":{"type":"Polygon","coordinates":[[[120.739952,22.558335],[120.73662,22.560173],[120.729413,22.562471],[120.726973,22.561402],[120.72423,22.562072],[120.721897,22.561622],[120.72041,22.560683],[120.718474,22.560264],[120.717911,22.560558],[120.717966,22.561474],[120.715386,22.563443],[120.711767,22.563084],[120.70894,22.562024],[120.707395,22.562243],[120.705234,22.563413],[120.702651,22.560742],[120.701062,22.561858],[120.698981,22.561962],[120.695402,22.558421],[120.69349,22.557447],[120.6912,22.559292],[120.689649,22.559724],[120.687167,22.559458],[120.685171,22.560554],[120.683798,22.56067],[120.681336,22.561766],[120.679136,22.563584],[120.675926,22.562199],[120.67407,22.562503],[120.668463,22.565147],[120.660351,22.563115],[120.656421,22.564597],[120.653391,22.565026],[120.650358,22.568273],[120.65054,22.570142],[120.649841,22.571544],[120.649301,22.570406],[120.64985,22.568781],[120.648836,22.564866],[120.645634,22.561371],[120.646041,22.558966],[120.645666,22.555903],[120.646664,22.552376],[120.646717,22.548205],[120.645264,22.545994],[120.644229,22.543035],[120.644385,22.53987],[120.640558,22.538301],[120.637931,22.540856],[120.632064,22.538776],[120.630805,22.538844],[120.628165,22.540717],[120.626756,22.542747],[120.624494,22.540391],[120.624519,22.5383],[120.622379,22.536956],[120.623606,22.536308],[120.622931,22.534467],[120.624256,22.532511],[120.623748,22.532075],[120.624175,22.52958],[120.625991,22.529881],[120.625608,22.527589],[120.62682,22.527532],[120.626076,22.526646],[120.626561,22.526133],[120.628951,22.526544],[120.633212,22.525898],[120.63356,22.524751],[120.634553,22.524829],[120.630637,22.522468],[120.631598,22.521209],[120.624283,22.51235],[120.620782,22.506142],[120.62052,22.502405],[120.621215,22.500981],[120.619983,22.499177],[120.619935,22.495351],[120.623103,22.493517],[120.622659,22.491947],[120.621368,22.492756],[120.62065,22.491206],[120.620662,22.492413],[120.619454,22.492174],[120.619292,22.49065],[120.617238,22.488513],[120.615056,22.487521],[120.615959,22.487429],[120.616105,22.486563],[120.616517,22.487171],[120.617024,22.486773],[120.617133,22.487279],[120.618531,22.487958],[120.617738,22.48688],[120.618923,22.487301],[120.618424,22.486623],[120.61908,22.486198],[120.618379,22.485828],[120.618563,22.484928],[120.618118,22.485438],[120.617469,22.485049],[120.61663,22.485877],[120.61506,22.485259],[120.616299,22.4851],[120.616577,22.484226],[120.618847,22.483912],[120.620094,22.482549],[120.620145,22.481715],[120.621563,22.482614],[120.62322,22.482632],[120.621499,22.481097],[120.622841,22.480307],[120.624316,22.480261],[120.625425,22.478324],[120.62261,22.479387],[120.622496,22.480158],[120.622086,22.479748],[120.622344,22.478949],[120.62064,22.479533],[120.620116,22.478867],[120.621475,22.478149],[120.621464,22.47762],[120.619187,22.477018],[120.618776,22.475972],[120.616336,22.47398],[120.616152,22.470234],[120.616587,22.469328],[120.615916,22.468953],[120.617,22.468355],[120.616494,22.467819],[120.615647,22.468137],[120.615212,22.466662],[120.617258,22.466496],[120.618586,22.465824],[120.618608,22.465179],[120.617189,22.465021],[120.61709,22.464081],[120.614982,22.463882],[120.615245,22.463382],[120.615815,22.463785],[120.616107,22.463185],[120.617306,22.463269],[120.616297,22.461766],[120.617576,22.461744],[120.618621,22.460963],[120.618593,22.460605],[120.616942,22.460911],[120.617164,22.460325],[120.615846,22.460384],[120.615963,22.459912],[120.618214,22.459352],[120.619465,22.458439],[120.617612,22.459011],[120.61706,22.458425],[120.615538,22.458722],[120.615343,22.458291],[120.617111,22.457649],[120.616124,22.456819],[120.617717,22.456238],[120.616305,22.455845],[120.615918,22.455171],[120.616858,22.45527],[120.616803,22.454663],[120.616303,22.454633],[120.616407,22.453768],[120.617949,22.452861],[120.618332,22.453071],[120.618525,22.452496],[120.620708,22.45308],[120.625418,22.451675],[120.626927,22.452743],[120.626981,22.451894],[120.626773,22.451372],[120.625174,22.450777],[120.623287,22.451],[120.622772,22.450227],[120.623895,22.449408],[120.621596,22.449143],[120.620517,22.449939],[120.619047,22.44975],[120.619113,22.449267],[120.617657,22.448685],[120.61729,22.449187],[120.616557,22.449127],[120.616373,22.44795],[120.619154,22.446527],[120.619684,22.445538],[120.61767,22.446309],[120.615848,22.445645],[120.614983,22.445809],[120.614273,22.447638],[120.611137,22.44897],[120.60908,22.445179],[120.612596,22.44433],[120.620089,22.439632],[120.627441,22.438173],[120.632643,22.435821],[120.636918,22.43313],[120.641595,22.432732],[120.644643,22.435929],[120.645121,22.439148],[120.646646,22.441212],[120.650224,22.443095],[120.658084,22.441831],[120.659193,22.440062],[120.662177,22.44019],[120.664269,22.441233],[120.670342,22.442384],[120.671469,22.443921],[120.671578,22.445425],[120.673777,22.44659],[120.677404,22.44668],[120.678781,22.445892],[120.681425,22.44591],[120.685663,22.446733],[120.692626,22.449846],[120.695239,22.452848],[120.697539,22.456875],[120.697077,22.459725],[120.698871,22.464078],[120.698819,22.468591],[120.701115,22.470889],[120.708259,22.467042],[120.712022,22.467514],[120.71487,22.468883],[120.71698,22.468857],[120.719801,22.468308],[120.720612,22.467047],[120.722996,22.465545],[120.723604,22.464354],[120.723421,22.460636],[120.724867,22.460454],[120.72532,22.459833],[120.726601,22.454334],[120.729308,22.451116],[120.729829,22.446152],[120.730514,22.445249],[120.73605,22.446515],[120.738198,22.448757],[120.740685,22.44984],[120.742067,22.451192],[120.744702,22.455666],[120.746963,22.456321],[120.750183,22.456214],[120.751285,22.456908],[120.7515,22.458483],[120.750973,22.459425],[120.751784,22.461623],[120.75163,22.464215],[120.752856,22.466181],[120.753008,22.467812],[120.754169,22.469402],[120.754568,22.471404],[120.752257,22.477606],[120.750808,22.479154],[120.757458,22.48183],[120.758552,22.488405],[120.761248,22.48893],[120.763834,22.491157],[120.764342,22.495386],[120.7627,22.501098],[120.760854,22.503403],[120.757483,22.508546],[120.753626,22.511036],[120.753029,22.518391],[120.751315,22.521969],[120.751664,22.525316],[120.749909,22.529358],[120.750016,22.534019],[120.748327,22.536707],[120.747944,22.538544],[120.743958,22.543104],[120.739479,22.551453],[120.739045,22.55366],[120.739952,22.558335]]]},"properties":{"code":"10013300","name":"來義鄉","countyCode":"10013","countyName":"屏東縣","townCode":"10013300","townName":"來義鄉","level":"town","unassigned":false,"note":"","label":[120.68423872493642,22.512356113103014],"bounds":[120.60908,22.432732,120.764342,22.571544],"focusBounds":[120.60908,22.432732,120.764342,22.571544],"color":"#98b69b","childCount":7}},{"type":"Feature","id":"10013310","geometry":{"type":"Polygon","coordinates":[[[120.7515,22.458483],[120.751285,22.456908],[120.750183,22.456214],[120.746963,22.456321],[120.744702,22.455666],[120.742067,22.451192],[120.740685,22.44984],[120.738198,22.448757],[120.73605,22.446515],[120.730514,22.445249],[120.729829,22.446152],[120.729308,22.451116],[120.726601,22.454334],[120.72532,22.459833],[120.724867,22.460454],[120.723421,22.460636],[120.723604,22.464354],[120.722996,22.465545],[120.720612,22.467047],[120.719801,22.468308],[120.71698,22.468857],[120.71487,22.468883],[120.712022,22.467514],[120.708259,22.467042],[120.701115,22.470889],[120.698819,22.468591],[120.698871,22.464078],[120.697077,22.459725],[120.697539,22.456875],[120.695239,22.452848],[120.692626,22.449846],[120.685663,22.446733],[120.681425,22.44591],[120.678781,22.445892],[120.677404,22.44668],[120.673777,22.44659],[120.671578,22.445425],[120.671469,22.443921],[120.670342,22.442384],[120.664269,22.441233],[120.662177,22.44019],[120.659193,22.440062],[120.658084,22.441831],[120.650224,22.443095],[120.646646,22.441212],[120.645121,22.439148],[120.644643,22.435929],[120.641595,22.432732],[120.636918,22.43313],[120.632643,22.435821],[120.632836,22.433823],[120.632228,22.432662],[120.630883,22.431674],[120.629416,22.428323],[120.629892,22.427819],[120.624361,22.425735],[120.623358,22.424204],[120.623171,22.421862],[120.62344,22.421469],[120.626524,22.421884],[120.629225,22.423148],[120.63072,22.422941],[120.629156,22.421797],[120.628844,22.420315],[120.628016,22.420005],[120.628275,22.417507],[120.62734,22.415709],[120.629918,22.415668],[120.631461,22.415032],[120.632124,22.414148],[120.631422,22.412783],[120.632469,22.411759],[120.631189,22.411553],[120.630453,22.412424],[120.628524,22.409771],[120.627283,22.409548],[120.62753,22.408771],[120.6258,22.408326],[120.624945,22.407359],[120.625853,22.406342],[120.625633,22.405892],[120.623763,22.405862],[120.623605,22.405055],[120.624209,22.405267],[120.625213,22.404495],[120.625732,22.403221],[120.627327,22.402585],[120.627497,22.402011],[120.628719,22.402517],[120.629543,22.402277],[120.628825,22.401058],[120.629559,22.400899],[120.630322,22.401688],[120.630904,22.401379],[120.630806,22.400556],[120.628986,22.399676],[120.629096,22.399122],[120.629628,22.398624],[120.63147,22.399206],[120.631577,22.398584],[120.633039,22.39914],[120.633148,22.396805],[120.634268,22.395956],[120.635711,22.396014],[120.635384,22.394469],[120.636862,22.393956],[120.632956,22.393044],[120.630584,22.395426],[120.627314,22.39423],[120.624423,22.3939],[120.624242,22.392873],[120.623254,22.39278],[120.62308,22.391189],[120.618696,22.391307],[120.616943,22.389729],[120.617614,22.388286],[120.61593,22.387069],[120.616581,22.386033],[120.618286,22.385222],[120.618344,22.384779],[120.617447,22.384287],[120.61751,22.383487],[120.618231,22.383063],[120.618032,22.377884],[120.618242,22.376738],[120.619462,22.376762],[120.619382,22.374968],[120.620044,22.373469],[120.620976,22.372889],[120.621473,22.371434],[120.624827,22.37128],[120.625229,22.370638],[120.624864,22.370249],[120.623698,22.370466],[120.622652,22.369038],[120.621542,22.369653],[120.620667,22.369011],[120.617896,22.370611],[120.619482,22.367331],[120.620525,22.366775],[120.620215,22.363439],[120.621732,22.362913],[120.622958,22.363765],[120.621291,22.362378],[120.621244,22.361722],[120.62038,22.36191],[120.620409,22.36126],[120.624997,22.362306],[120.62577,22.361841],[120.625984,22.359786],[120.62971,22.357889],[120.634076,22.35932],[120.638964,22.359026],[120.639515,22.356847],[120.639085,22.356468],[120.640235,22.355239],[120.641324,22.355225],[120.640783,22.352752],[120.641382,22.35187],[120.644657,22.348525],[120.648861,22.348979],[120.650652,22.34646],[120.654705,22.344972],[120.655947,22.343071],[120.658939,22.341085],[120.660923,22.343146],[120.660554,22.345327],[120.662896,22.346961],[120.66396,22.345794],[120.665129,22.345491],[120.666009,22.344018],[120.666729,22.344398],[120.667034,22.345492],[120.668282,22.345701],[120.668886,22.345448],[120.668936,22.344252],[120.673045,22.344596],[120.674834,22.343534],[120.677305,22.344415],[120.682075,22.344273],[120.683896,22.34377],[120.687586,22.341238],[120.689324,22.342932],[120.688997,22.343899],[120.689511,22.345781],[120.693812,22.34719],[120.693942,22.348428],[120.695173,22.348001],[120.697363,22.348372],[120.6984,22.347594],[120.700745,22.348196],[120.701271,22.349269],[120.702604,22.348504],[120.707965,22.353551],[120.709013,22.353364],[120.713391,22.355442],[120.718913,22.354679],[120.723724,22.35778],[120.726308,22.358649],[120.729192,22.361319],[120.729903,22.362856],[120.732316,22.364824],[120.733801,22.367013],[120.73955,22.366783],[120.740978,22.367355],[120.743458,22.367261],[120.744491,22.369815],[120.747515,22.371404],[120.748783,22.373247],[120.749127,22.375686],[120.748621,22.380383],[120.750499,22.384088],[120.752351,22.385816],[120.754557,22.386632],[120.756483,22.388383],[120.752141,22.392666],[120.752281,22.393908],[120.753797,22.396434],[120.757603,22.398176],[120.755357,22.403276],[120.753418,22.405058],[120.758116,22.404903],[120.763212,22.407156],[120.765307,22.409046],[120.768327,22.408625],[120.770578,22.406895],[120.77339,22.406934],[120.775555,22.409654],[120.77702,22.40889],[120.780357,22.409452],[120.782903,22.411209],[120.783436,22.412603],[120.784867,22.413071],[120.78641,22.414678],[120.78693,22.416139],[120.789638,22.417648],[120.788224,22.419443],[120.786867,22.42518],[120.784768,22.428118],[120.784733,22.429141],[120.782442,22.433901],[120.78002,22.437428],[120.776477,22.440443],[120.775132,22.443297],[120.776332,22.449954],[120.771924,22.451836],[120.765096,22.453058],[120.760177,22.456473],[120.758176,22.458517],[120.75654,22.457418],[120.755237,22.457208],[120.7515,22.458483]]]},"properties":{"code":"10013310","name":"春日鄉","countyCode":"10013","countyName":"屏東縣","townCode":"10013310","townName":"春日鄉","level":"town","unassigned":false,"note":"","label":[120.6959967738778,22.401035766021835],"bounds":[120.61593,22.341085,120.789638,22.470889],"focusBounds":[120.61593,22.341085,120.789638,22.470889],"color":"#58b99d","childCount":6}},{"type":"Feature","id":"10013320","geometry":{"type":"Polygon","coordinates":[[[120.743458,22.367261],[120.740978,22.367355],[120.73955,22.366783],[120.733801,22.367013],[120.732316,22.364824],[120.729903,22.362856],[120.729192,22.361319],[120.726308,22.358649],[120.723724,22.35778],[120.718913,22.354679],[120.713391,22.355442],[120.709013,22.353364],[120.707965,22.353551],[120.702604,22.348504],[120.701271,22.349269],[120.700745,22.348196],[120.6984,22.347594],[120.697363,22.348372],[120.695173,22.348001],[120.693942,22.348428],[120.693812,22.34719],[120.689511,22.345781],[120.688997,22.343899],[120.689324,22.342932],[120.687586,22.341238],[120.683896,22.34377],[120.682075,22.344273],[120.677305,22.344415],[120.674834,22.343534],[120.673045,22.344596],[120.668936,22.344252],[120.668886,22.345448],[120.668282,22.345701],[120.667034,22.345492],[120.666729,22.344398],[120.666009,22.344018],[120.665129,22.345491],[120.66396,22.345794],[120.662896,22.346961],[120.660554,22.345327],[120.660923,22.343146],[120.658939,22.341085],[120.655947,22.343071],[120.654705,22.344972],[120.650652,22.34646],[120.648861,22.348979],[120.644657,22.348525],[120.641382,22.35187],[120.640474,22.351231],[120.634954,22.351659],[120.630532,22.348197],[120.628538,22.347739],[120.625578,22.346037],[120.624546,22.344612],[120.62526,22.343669],[120.627578,22.343546],[120.627159,22.342573],[120.62777,22.341663],[120.629129,22.342555],[120.630327,22.341729],[120.630249,22.340922],[120.62893,22.340004],[120.629102,22.338748],[120.629753,22.338211],[120.630361,22.334981],[120.63175,22.331746],[120.632616,22.331625],[120.633746,22.325362],[120.636446,22.321746],[120.636653,22.319385],[120.636167,22.317888],[120.639506,22.31161],[120.641497,22.30908],[120.643513,22.310226],[120.64585,22.31074],[120.648387,22.309735],[120.648153,22.308338],[120.646448,22.307667],[120.646497,22.306642],[120.644754,22.30499],[120.645434,22.30322],[120.645167,22.298494],[120.645884,22.295606],[120.645202,22.294075],[120.645456,22.289556],[120.644824,22.289189],[120.646045,22.285193],[120.64686,22.284453],[120.649076,22.279537],[120.650024,22.274793],[120.652894,22.268901],[120.653335,22.265948],[120.656361,22.265914],[120.657124,22.265293],[120.658271,22.26555],[120.658673,22.265889],[120.658255,22.266281],[120.659477,22.266642],[120.660314,22.266156],[120.661201,22.266434],[120.662246,22.265956],[120.661957,22.26271],[120.664321,22.263145],[120.666213,22.264467],[120.670432,22.264061],[120.672422,22.263319],[120.673336,22.262133],[120.674002,22.260524],[120.67242,22.260505],[120.668974,22.261665],[120.664593,22.259215],[120.662027,22.259003],[120.661016,22.258044],[120.663025,22.255722],[120.665301,22.251794],[120.665427,22.250365],[120.668417,22.246248],[120.66865,22.245148],[120.670775,22.243746],[120.670441,22.242472],[120.671246,22.239403],[120.669987,22.237761],[120.672634,22.234445],[120.674888,22.22991],[120.678768,22.227991],[120.676629,22.22803],[120.675729,22.227026],[120.676166,22.22569],[120.678249,22.224344],[120.67759,22.222504],[120.678977,22.219054],[120.681723,22.216264],[120.682959,22.215772],[120.684682,22.213232],[120.688554,22.209533],[120.689617,22.207598],[120.69105,22.206903],[120.693022,22.206808],[120.695903,22.209962],[120.7046,22.211298],[120.706333,22.212989],[120.707464,22.213226],[120.709923,22.212944],[120.711579,22.21215],[120.713315,22.210334],[120.71752,22.207699],[120.714316,22.207546],[120.713329,22.207072],[120.712054,22.207445],[120.710091,22.206514],[120.709549,22.206979],[120.708747,22.206437],[120.706835,22.206355],[120.705133,22.204232],[120.703718,22.203727],[120.702313,22.204142],[120.703421,22.202141],[120.705397,22.200974],[120.704189,22.199341],[120.702443,22.199073],[120.700586,22.200033],[120.700936,22.201399],[120.699685,22.202291],[120.695325,22.197662],[120.695666,22.196623],[120.695177,22.195704],[120.696989,22.194285],[120.697124,22.193644],[120.695229,22.192435],[120.696696,22.190841],[120.693918,22.186439],[120.694569,22.183403],[120.69273,22.181436],[120.695374,22.175013],[120.694686,22.171053],[120.696551,22.16826],[120.696468,22.166854],[120.697119,22.166467],[120.69891,22.158542],[120.70151,22.157203],[120.700075,22.157413],[120.699837,22.156475],[120.69937,22.156411],[120.699844,22.154459],[120.700564,22.154177],[120.700669,22.151261],[120.701872,22.150461],[120.701087,22.14996],[120.701413,22.146061],[120.700143,22.143662],[120.700296,22.142564],[120.703771,22.142743],[120.708543,22.132283],[120.714903,22.125002],[120.717955,22.12275],[120.718453,22.121516],[120.71798,22.117792],[120.717383,22.115427],[120.715456,22.112661],[120.715707,22.111465],[120.718596,22.11195],[120.718719,22.112457],[120.720211,22.113104],[120.721223,22.112887],[120.722421,22.114959],[120.723941,22.11586],[120.72838,22.116119],[120.730531,22.116763],[120.732053,22.11806],[120.736048,22.118272],[120.736606,22.120623],[120.736169,22.124163],[120.735317,22.125738],[120.734983,22.129714],[120.7355,22.134742],[120.737442,22.139756],[120.736314,22.141937],[120.737668,22.144882],[120.737152,22.146911],[120.738228,22.148136],[120.738162,22.150713],[120.737111,22.153088],[120.737417,22.156404],[120.73655,22.157725],[120.734406,22.159247],[120.734069,22.161725],[120.732855,22.163745],[120.733754,22.164612],[120.735029,22.168295],[120.733905,22.169816],[120.732578,22.1741],[120.732922,22.174943],[120.736376,22.176348],[120.738264,22.175064],[120.739447,22.175008],[120.742575,22.175655],[120.745092,22.177231],[120.749115,22.177416],[120.750293,22.177946],[120.755573,22.176635],[120.757423,22.177951],[120.758952,22.178333],[120.7612,22.180471],[120.761619,22.181709],[120.762251,22.181253],[120.765069,22.182816],[120.766003,22.183873],[120.767815,22.184529],[120.770473,22.187709],[120.772032,22.188316],[120.773467,22.189662],[120.777671,22.191446],[120.780058,22.194203],[120.781613,22.193954],[120.783938,22.195484],[120.786336,22.196035],[120.789969,22.195734],[120.792882,22.197691],[120.797013,22.197819],[120.798846,22.199511],[120.799179,22.200802],[120.801614,22.202714],[120.802112,22.203743],[120.801802,22.204452],[120.802748,22.204829],[120.80401,22.204588],[120.80472,22.203743],[120.807731,22.204065],[120.811314,22.203707],[120.813503,22.204738],[120.815062,22.20647],[120.815168,22.207909],[120.816308,22.208201],[120.817679,22.207365],[120.818711,22.207814],[120.819886,22.207178],[120.821704,22.207628],[120.822849,22.206909],[120.824108,22.206867],[120.824387,22.207601],[120.826726,22.209147],[120.829056,22.209052],[120.830912,22.20987],[120.832465,22.211411],[120.833617,22.211044],[120.834948,22.212087],[120.837939,22.212367],[120.838069,22.213528],[120.842917,22.213636],[120.846722,22.212972],[120.848194,22.213275],[120.850271,22.21157],[120.856178,22.210626],[120.858034,22.211295],[120.860615,22.209659],[120.863665,22.210435],[120.863701,22.211197],[120.865849,22.211122],[120.86691,22.21261],[120.866518,22.21415],[120.867103,22.215971],[120.865198,22.218335],[120.866189,22.220248],[120.867428,22.220272],[120.867799,22.220894],[120.866648,22.22498],[120.867653,22.226211],[120.866429,22.229825],[120.86386,22.231139],[120.862145,22.230707],[120.864298,22.234285],[120.862534,22.236736],[120.859003,22.238635],[120.858668,22.240819],[120.855462,22.241495],[120.854269,22.242435],[120.850836,22.243657],[120.846417,22.243529],[120.844651,22.242863],[120.842605,22.243357],[120.841396,22.24456],[120.83961,22.243633],[120.838081,22.24403],[120.836057,22.245459],[120.834616,22.245371],[120.832542,22.247254],[120.831505,22.25006],[120.825908,22.256646],[120.82225,22.258055],[120.818652,22.261205],[120.815399,22.26322],[120.813908,22.261872],[120.812754,22.262172],[120.809385,22.260695],[120.808019,22.259361],[120.806129,22.259781],[120.799721,22.257179],[120.797895,22.257937],[120.798832,22.259867],[120.798624,22.263836],[120.799598,22.264994],[120.79727,22.266484],[120.796204,22.267788],[120.796287,22.269924],[120.797976,22.273847],[120.798009,22.276257],[120.800586,22.277352],[120.803053,22.276993],[120.804255,22.277354],[120.804868,22.276785],[120.806774,22.277158],[120.807212,22.280189],[120.805864,22.281183],[120.805695,22.283795],[120.805295,22.284173],[120.800686,22.284247],[120.799195,22.285396],[120.796017,22.28515],[120.793211,22.28579],[120.790979,22.288411],[120.791128,22.290647],[120.789898,22.293308],[120.786906,22.294341],[120.782127,22.294468],[120.780835,22.294953],[120.777743,22.297972],[120.776834,22.302584],[120.778151,22.308497],[120.783199,22.309461],[120.787131,22.309207],[120.78995,22.311067],[120.792687,22.312151],[120.794219,22.31468],[120.796586,22.317171],[120.796549,22.319414],[120.795324,22.321017],[120.7951,22.322571],[120.793405,22.323645],[120.792506,22.328396],[120.792473,22.335623],[120.789698,22.337643],[120.788468,22.341574],[120.786389,22.342239],[120.784723,22.345778],[120.78106,22.346373],[120.779106,22.347914],[120.775796,22.348744],[120.775178,22.349353],[120.774053,22.348531],[120.771671,22.348631],[120.769514,22.347479],[120.767263,22.34761],[120.765256,22.349504],[120.76338,22.352784],[120.762981,22.359145],[120.761004,22.360419],[120.758102,22.359415],[120.755544,22.360397],[120.752672,22.360395],[120.743458,22.367261]]]},"properties":{"code":"10013320","name":"獅子鄉","countyCode":"10013","countyName":"屏東縣","townCode":"10013320","townName":"獅子鄉","level":"town","unassigned":false,"note":"","label":[120.7375123080174,22.260333988940296],"bounds":[120.624546,22.111465,120.867799,22.367355],"focusBounds":[120.624546,22.111465,120.867799,22.367355],"color":"#efb44f","childCount":8}},{"type":"Feature","id":"10013330","geometry":{"type":"Polygon","coordinates":[[[120.896987,22.144114],[120.892555,22.15032],[120.893975,22.155778],[120.893418,22.160414],[120.89209,22.162444],[120.893801,22.168463],[120.893574,22.169961],[120.894231,22.172555],[120.893567,22.175419],[120.893954,22.17771],[120.892279,22.181482],[120.891944,22.184083],[120.892366,22.185417],[120.891115,22.190341],[120.890697,22.195329],[120.891854,22.196985],[120.893641,22.197955],[120.896144,22.202831],[120.896442,22.20424],[120.896079,22.20462],[120.896589,22.205058],[120.896613,22.20561],[120.895964,22.205926],[120.894201,22.216456],[120.894168,22.220601],[120.894747,22.221747],[120.894702,22.2237],[120.896487,22.228478],[120.899132,22.230367],[120.898478,22.2317],[120.899271,22.234043],[120.897028,22.2416],[120.896295,22.24643],[120.892053,22.245452],[120.89138,22.2443],[120.885919,22.241985],[120.884184,22.240712],[120.880616,22.234699],[120.879093,22.235217],[120.874731,22.234246],[120.873958,22.233587],[120.871531,22.233005],[120.871636,22.232036],[120.870844,22.231391],[120.868666,22.231282],[120.867453,22.230011],[120.866429,22.229825],[120.867653,22.226211],[120.866648,22.22498],[120.867799,22.220894],[120.867428,22.220272],[120.866189,22.220248],[120.865198,22.218335],[120.867103,22.215971],[120.866518,22.21415],[120.86691,22.21261],[120.865849,22.211122],[120.863701,22.211197],[120.863665,22.210435],[120.860615,22.209659],[120.858034,22.211295],[120.856178,22.210626],[120.850271,22.21157],[120.848194,22.213275],[120.846722,22.212972],[120.842917,22.213636],[120.838069,22.213528],[120.837939,22.212367],[120.834948,22.212087],[120.833617,22.211044],[120.832465,22.211411],[120.830912,22.20987],[120.829056,22.209052],[120.826726,22.209147],[120.824387,22.207601],[120.824108,22.206867],[120.822849,22.206909],[120.821704,22.207628],[120.819886,22.207178],[120.818711,22.207814],[120.817679,22.207365],[120.816308,22.208201],[120.815168,22.207909],[120.815062,22.20647],[120.813503,22.204738],[120.811314,22.203707],[120.807731,22.204065],[120.80472,22.203743],[120.80401,22.204588],[120.802748,22.204829],[120.801802,22.204452],[120.802112,22.203743],[120.801614,22.202714],[120.799179,22.200802],[120.798846,22.199511],[120.797013,22.197819],[120.792882,22.197691],[120.789969,22.195734],[120.786336,22.196035],[120.783938,22.195484],[120.781613,22.193954],[120.780058,22.194203],[120.777671,22.191446],[120.773467,22.189662],[120.772032,22.188316],[120.770473,22.187709],[120.767815,22.184529],[120.766003,22.183873],[120.765069,22.182816],[120.762251,22.181253],[120.761619,22.181709],[120.7612,22.180471],[120.758952,22.178333],[120.757423,22.177951],[120.755573,22.176635],[120.750293,22.177946],[120.749115,22.177416],[120.745092,22.177231],[120.742575,22.175655],[120.739447,22.175008],[120.738264,22.175064],[120.736376,22.176348],[120.732922,22.174943],[120.732578,22.1741],[120.733905,22.169816],[120.735029,22.168295],[120.733754,22.164612],[120.732855,22.163745],[120.734069,22.161725],[120.734406,22.159247],[120.73655,22.157725],[120.737417,22.156404],[120.737111,22.153088],[120.738162,22.150713],[120.738228,22.148136],[120.737152,22.146911],[120.737668,22.144882],[120.736314,22.141937],[120.737442,22.139756],[120.7355,22.134742],[120.734983,22.129714],[120.735317,22.125738],[120.736169,22.124163],[120.736606,22.120623],[120.736048,22.118272],[120.736335,22.116087],[120.738277,22.111526],[120.738047,22.107862],[120.73685,22.103818],[120.739348,22.09961],[120.741896,22.099295],[120.745268,22.096858],[120.745378,22.097526],[120.746984,22.098544],[120.748592,22.098034],[120.748221,22.099072],[120.748912,22.101808],[120.750856,22.103601],[120.751021,22.105093],[120.753834,22.107855],[120.754932,22.109884],[120.754202,22.112519],[120.755913,22.112793],[120.76091,22.111867],[120.768332,22.108663],[120.771122,22.108756],[120.777596,22.105806],[120.77965,22.105869],[120.780547,22.103567],[120.781914,22.104036],[120.786178,22.103183],[120.788369,22.101823],[120.790001,22.101572],[120.790967,22.099976],[120.792892,22.100097],[120.793092,22.096705],[120.793584,22.095872],[120.792969,22.092959],[120.793808,22.090491],[120.793513,22.089514],[120.795725,22.086335],[120.793653,22.084539],[120.793757,22.081873],[120.794859,22.079583],[120.794857,22.076121],[120.794095,22.074775],[120.79546,22.069796],[120.794645,22.068123],[120.797191,22.064267],[120.799075,22.06304],[120.800164,22.061635],[120.801993,22.060659],[120.803786,22.060902],[120.804962,22.059746],[120.806698,22.05929],[120.810708,22.060532],[120.811819,22.061803],[120.811962,22.063114],[120.813152,22.063263],[120.814499,22.064432],[120.815494,22.06822],[120.816909,22.068864],[120.817831,22.070451],[120.81803,22.072148],[120.817506,22.074145],[120.818022,22.075695],[120.819079,22.076452],[120.820263,22.075508],[120.821148,22.075579],[120.822212,22.076492],[120.820645,22.081576],[120.816531,22.085822],[120.816559,22.08713],[120.817688,22.089405],[120.818828,22.089916],[120.823545,22.090159],[120.826875,22.096472],[120.827296,22.100076],[120.828428,22.103344],[120.830419,22.105015],[120.831927,22.105528],[120.833033,22.107007],[120.839767,22.109592],[120.84184,22.111708],[120.84324,22.114462],[120.848909,22.116245],[120.849428,22.11722],[120.850412,22.117592],[120.853357,22.120394],[120.855197,22.123221],[120.854094,22.125298],[120.855911,22.127702],[120.855886,22.129172],[120.856555,22.130451],[120.855141,22.131807],[120.85492,22.134525],[120.853549,22.135574],[120.853062,22.137505],[120.851166,22.138939],[120.848723,22.142114],[120.848797,22.143],[120.850488,22.144666],[120.851766,22.14534],[120.852423,22.144694],[120.854276,22.145272],[120.857918,22.144642],[120.859282,22.143205],[120.86423,22.14214],[120.866108,22.140638],[120.868656,22.140637],[120.869779,22.141538],[120.869264,22.144373],[120.870059,22.144871],[120.872275,22.144817],[120.873229,22.144362],[120.873918,22.141543],[120.876288,22.141998],[120.878093,22.140373],[120.880511,22.140021],[120.881194,22.139349],[120.883312,22.139447],[120.884186,22.138625],[120.886344,22.139898],[120.886993,22.141097],[120.888619,22.141055],[120.891091,22.141846],[120.892939,22.141681],[120.896987,22.144114]]]},"properties":{"code":"10013330","name":"牡丹鄉","countyCode":"10013","countyName":"屏東縣","townCode":"10013330","townName":"牡丹鄉","level":"town","unassigned":false,"note":"","label":[120.80235366074572,22.14747471496713],"bounds":[120.732578,22.05929,120.899271,22.24643],"focusBounds":[120.732578,22.05929,120.899271,22.24643],"color":"#dd8590","childCount":6}}]}
