{"type":"FeatureCollection","features":[{"type":"Feature","id":"64000010","geometry":{"type":"Polygon","coordinates":[[[120.290183,22.614938],[120.29028,22.620532],[120.289371,22.62485],[120.285962,22.63174],[120.285167,22.634722],[120.282897,22.632539],[120.277446,22.624269],[120.277073,22.6228],[120.279159,22.620881],[120.27882,22.620316],[120.290183,22.614938]]]},"properties":{"code":"64000010","name":"鹽埕區","countyCode":"64000","countyName":"高雄市","townCode":"64000010","townName":"鹽埕區","level":"town","unassigned":false,"note":"","label":[120.2838727046823,22.623899639754217],"bounds":[120.277073,22.614938,120.29028,22.634722],"focusBounds":[120.277073,22.614938,120.29028,22.634722],"color":"#78a7e3","childCount":21}},{"type":"Feature","id":"64000020","geometry":{"type":"Polygon","coordinates":[[[120.308752,22.65472],[120.308817,22.656604],[120.306548,22.656986],[120.303227,22.656223],[120.303308,22.665811],[120.299835,22.665867],[120.298634,22.666493],[120.293245,22.672649],[120.288529,22.667722],[120.286691,22.66888],[120.286531,22.670606],[120.284505,22.671459],[120.281815,22.671398],[120.27864,22.673901],[120.277598,22.674141],[120.273765,22.674056],[120.272236,22.673132],[120.267951,22.672753],[120.264065,22.671643],[120.261351,22.66989],[120.260201,22.668227],[120.258597,22.667414],[120.25761,22.667861],[120.257492,22.668847],[120.256356,22.668604],[120.255345,22.666902],[120.252956,22.665038],[120.251154,22.661932],[120.251415,22.660558],[120.250302,22.656629],[120.250689,22.653474],[120.249863,22.65146],[120.251468,22.648019],[120.251475,22.645279],[120.254006,22.640462],[120.255074,22.639646],[120.256132,22.636248],[120.259335,22.633911],[120.260049,22.632016],[120.260638,22.631743],[120.26014,22.631702],[120.261021,22.631537],[120.26325,22.627377],[120.263296,22.624014],[120.256697,22.620911],[120.25651,22.61958],[120.270992,22.614923],[120.274213,22.613436],[120.2776,22.611099],[120.281266,22.614338],[120.288863,22.611023],[120.290183,22.614938],[120.27882,22.620316],[120.279159,22.620881],[120.277073,22.6228],[120.277446,22.624269],[120.282897,22.632539],[120.285167,22.634722],[120.284491,22.638611],[120.28176,22.643277],[120.281724,22.644349],[120.282799,22.646508],[120.28656,22.649897],[120.288051,22.650422],[120.292526,22.649536],[120.295827,22.652233],[120.299472,22.651429],[120.30242,22.653097],[120.306169,22.653247],[120.308752,22.65472]]]},"properties":{"code":"64000020","name":"鼓山區","countyCode":"64000","countyName":"高雄市","townCode":"64000020","townName":"鼓山區","level":"town","unassigned":false,"note":"","label":[120.268697664967,22.65361895150637],"bounds":[120.249863,22.611023,120.308817,22.674141],"focusBounds":[120.249863,22.611023,120.308817,22.674141],"color":"#dd8590","childCount":40}},{"type":"Feature","id":"64000030","geometry":{"type":"Polygon","coordinates":[[[120.314892,22.695889],[120.311905,22.699374],[120.308049,22.695207],[120.304073,22.697499],[120.304432,22.698017],[120.302584,22.698946],[120.302528,22.700774],[120.29774,22.700706],[120.296301,22.704146],[120.294811,22.705316],[120.29985,22.706947],[120.299854,22.707786],[120.296814,22.709528],[120.29347,22.706337],[120.292817,22.706512],[120.292524,22.705136],[120.271308,22.704873],[120.268851,22.705528],[120.268465,22.706873],[120.267522,22.706624],[120.267828,22.705227],[120.266364,22.706211],[120.265733,22.703601],[120.264277,22.702529],[120.26304,22.700098],[120.263477,22.696799],[120.258052,22.693623],[120.258052,22.689319],[120.262823,22.689035],[120.263462,22.686248],[120.263118,22.684002],[120.264105,22.682529],[120.264407,22.680854],[120.264545,22.676427],[120.263644,22.673236],[120.262455,22.67265],[120.259257,22.66904],[120.258338,22.668991],[120.258058,22.668481],[120.257492,22.668847],[120.25761,22.667861],[120.258597,22.667414],[120.260201,22.668227],[120.261351,22.66989],[120.264065,22.671643],[120.267951,22.672753],[120.272236,22.673132],[120.273765,22.674056],[120.277598,22.674141],[120.27864,22.673901],[120.281815,22.671398],[120.284505,22.671459],[120.286531,22.670606],[120.286691,22.66888],[120.288529,22.667722],[120.293245,22.672649],[120.298634,22.666493],[120.299835,22.665867],[120.303308,22.665811],[120.303227,22.656223],[120.306548,22.656986],[120.308817,22.656604],[120.308752,22.65472],[120.31114,22.654927],[120.312244,22.656011],[120.312365,22.658174],[120.311082,22.662235],[120.314518,22.667113],[120.314758,22.669012],[120.317627,22.669582],[120.318805,22.671473],[120.319642,22.671718],[120.320373,22.67448],[120.322969,22.677189],[120.324055,22.677376],[120.325006,22.678431],[120.32531,22.67976],[120.326628,22.679757],[120.326204,22.680509],[120.323506,22.680262],[120.32212,22.681537],[120.324259,22.683823],[120.324708,22.68516],[120.323671,22.685078],[120.322929,22.687927],[120.32117,22.690208],[120.320367,22.689929],[120.316353,22.693363],[120.316802,22.694249],[120.314892,22.695889]]]},"properties":{"code":"64000030","name":"左營區","countyCode":"64000","countyName":"高雄市","townCode":"64000030","townName":"左營區","level":"town","unassigned":false,"note":"","label":[120.28677290166233,22.68851790268463],"bounds":[120.257492,22.65472,120.326628,22.709528],"focusBounds":[120.257492,22.65472,120.326628,22.709528],"color":"#a49ad4","childCount":42}},{"type":"Feature","id":"64000040","geometry":{"type":"Polygon","coordinates":[[[120.331082,22.755081],[120.330252,22.755344],[120.327357,22.754844],[120.326924,22.755956],[120.324994,22.755964],[120.324844,22.753592],[120.326061,22.752327],[120.325249,22.749555],[120.325893,22.748428],[120.326617,22.748161],[120.323132,22.744369],[120.325815,22.741683],[120.323004,22.739556],[120.325739,22.735932],[120.324601,22.736149],[120.322337,22.733881],[120.322129,22.734615],[120.320079,22.73463],[120.317116,22.735466],[120.31571,22.737031],[120.312468,22.7355],[120.308451,22.736379],[120.308133,22.735737],[120.309799,22.734451],[120.309914,22.7331],[120.311381,22.731473],[120.3114,22.730802],[120.310124,22.729798],[120.3077,22.72987],[120.305394,22.729273],[120.303796,22.730404],[120.300974,22.729023],[120.300013,22.729889],[120.299877,22.731885],[120.299214,22.732082],[120.296576,22.728364],[120.295232,22.72944],[120.295815,22.731433],[120.294899,22.732196],[120.295015,22.732756],[120.293422,22.733742],[120.293732,22.734528],[120.292334,22.735238],[120.292808,22.736306],[120.291259,22.737224],[120.289594,22.736714],[120.285723,22.737666],[120.285047,22.735732],[120.277546,22.737911],[120.276226,22.733851],[120.274951,22.733614],[120.275182,22.731683],[120.270929,22.730446],[120.26933,22.731661],[120.266969,22.729762],[120.266018,22.729915],[120.263301,22.72766],[120.25628,22.718535],[120.256822,22.71487],[120.255785,22.714184],[120.257089,22.714325],[120.256831,22.712428],[120.260766,22.703651],[120.262247,22.698231],[120.261187,22.696346],[120.260059,22.696485],[120.258052,22.695557],[120.258052,22.693623],[120.263477,22.696799],[120.26304,22.700098],[120.264277,22.702529],[120.265733,22.703601],[120.266364,22.706211],[120.267828,22.705227],[120.267522,22.706624],[120.268465,22.706873],[120.268851,22.705528],[120.271308,22.704873],[120.292524,22.705136],[120.292817,22.706512],[120.29347,22.706337],[120.296814,22.709528],[120.299854,22.707786],[120.29985,22.706947],[120.294811,22.705316],[120.296301,22.704146],[120.29774,22.700706],[120.302528,22.700774],[120.302584,22.698946],[120.304432,22.698017],[120.304073,22.697499],[120.308049,22.695207],[120.311905,22.699374],[120.314892,22.695889],[120.321009,22.701411],[120.323499,22.705576],[120.328613,22.703983],[120.329614,22.704656],[120.327225,22.706302],[120.325672,22.708893],[120.326383,22.709777],[120.328946,22.709305],[120.329416,22.71134],[120.326385,22.716063],[120.324436,22.717874],[120.328697,22.719233],[120.330096,22.718063],[120.333084,22.719975],[120.332058,22.721517],[120.334363,22.722412],[120.337608,22.721183],[120.334074,22.723861],[120.334343,22.725606],[120.335507,22.727568],[120.336336,22.727605],[120.340535,22.730473],[120.339825,22.732594],[120.338562,22.733653],[120.338817,22.735137],[120.339662,22.735754],[120.340196,22.738398],[120.337503,22.738815],[120.337657,22.739639],[120.337207,22.740057],[120.340794,22.743939],[120.338741,22.744297],[120.337445,22.745588],[120.335764,22.74542],[120.336103,22.749039],[120.334761,22.749444],[120.334358,22.752426],[120.332964,22.752031],[120.332431,22.752342],[120.331082,22.755081]]]},"properties":{"code":"64000040","name":"楠梓區","countyCode":"64000","countyName":"高雄市","townCode":"64000040","townName":"楠梓區","level":"town","unassigned":false,"note":"","label":[120.31030288944827,22.715722873535086],"bounds":[120.255785,22.693623,120.340794,22.755964],"focusBounds":[120.255785,22.693623,120.340794,22.755964],"color":"#a8bf62","childCount":38}},{"type":"Feature","id":"64000050","geometry":{"type":"Polygon","coordinates":[[[120.326628,22.679757],[120.32531,22.67976],[120.325006,22.678431],[120.324055,22.677376],[120.322969,22.677189],[120.320373,22.67448],[120.319642,22.671718],[120.318805,22.671473],[120.317627,22.669582],[120.314758,22.669012],[120.314518,22.667113],[120.311082,22.662235],[120.312365,22.658174],[120.312244,22.656011],[120.31114,22.654927],[120.308752,22.65472],[120.306169,22.653247],[120.30242,22.653097],[120.299472,22.651429],[120.295827,22.652233],[120.292526,22.649536],[120.288051,22.650422],[120.28656,22.649897],[120.282799,22.646508],[120.281724,22.644349],[120.28176,22.643277],[120.284491,22.638611],[120.285167,22.634722],[120.285962,22.63174],[120.288417,22.633218],[120.297104,22.636057],[120.299715,22.636904],[120.306636,22.636405],[120.309539,22.636852],[120.313228,22.636701],[120.31675,22.634294],[120.319769,22.631935],[120.320759,22.632258],[120.318768,22.637201],[120.31718,22.638451],[120.317651,22.638498],[120.344682,22.633786],[120.345194,22.637123],[120.350212,22.638962],[120.349551,22.639794],[120.345896,22.641687],[120.348488,22.646624],[120.34724,22.647293],[120.346348,22.647206],[120.34551,22.646177],[120.337023,22.652441],[120.337455,22.653156],[120.334925,22.654981],[120.333211,22.657355],[120.331388,22.658626],[120.330766,22.660008],[120.332497,22.660584],[120.335124,22.659579],[120.336531,22.659904],[120.335186,22.661465],[120.335208,22.662271],[120.333347,22.665638],[120.337398,22.669294],[120.337722,22.670096],[120.339276,22.670798],[120.339518,22.672111],[120.33774,22.673489],[120.332098,22.67198],[120.330142,22.672447],[120.328038,22.671632],[120.327563,22.672049],[120.328061,22.673029],[120.327013,22.672322],[120.326845,22.673906],[120.32791,22.674901],[120.330654,22.67587],[120.329466,22.67651],[120.329201,22.675866],[120.326463,22.674929],[120.326308,22.675536],[120.327912,22.676006],[120.326628,22.679757]]]},"properties":{"code":"64000050","name":"三民區","countyCode":"64000","countyName":"高雄市","townCode":"64000050","townName":"三民區","level":"town","unassigned":false,"note":"","label":[120.32127358391095,22.648860615958633],"bounds":[120.281724,22.63174,120.350212,22.67976],"focusBounds":[120.281724,22.63174,120.350212,22.67976],"color":"#68bec9","childCount":86}},{"type":"Feature","id":"64000060","geometry":{"type":"Polygon","coordinates":[[[120.31675,22.634294],[120.313228,22.636701],[120.309539,22.636852],[120.306636,22.636405],[120.299715,22.636904],[120.297104,22.636057],[120.299969,22.628645],[120.297574,22.62783],[120.298141,22.626323],[120.301538,22.627436],[120.300943,22.623218],[120.302168,22.619914],[120.312131,22.623245],[120.310936,22.626399],[120.314224,22.627511],[120.313256,22.630572],[120.317906,22.630261],[120.31675,22.634294]]]},"properties":{"code":"64000060","name":"新興區","countyCode":"64000","countyName":"高雄市","townCode":"64000060","townName":"新興區","level":"town","unassigned":false,"note":"","label":[120.3065364317247,22.630081900541363],"bounds":[120.297104,22.619914,120.317906,22.636904],"focusBounds":[120.297104,22.619914,120.317906,22.636904],"color":"#df9f6a","childCount":32}},{"type":"Feature","id":"64000070","geometry":{"type":"Polygon","coordinates":[[[120.302168,22.619914],[120.300943,22.623218],[120.301538,22.627436],[120.298141,22.626323],[120.297574,22.62783],[120.299969,22.628645],[120.297104,22.636057],[120.288417,22.633218],[120.285962,22.63174],[120.289371,22.62485],[120.29028,22.620532],[120.294976,22.621032],[120.29621,22.617987],[120.302168,22.619914]]]},"properties":{"code":"64000070","name":"前金區","countyCode":"64000","countyName":"高雄市","townCode":"64000070","townName":"前金區","level":"town","unassigned":false,"note":"","label":[120.29302515866513,22.627774454404786],"bounds":[120.285962,22.617987,120.302168,22.636057],"focusBounds":[120.285962,22.617987,120.302168,22.636057],"color":"#c38cb8","childCount":20}},{"type":"Feature","id":"64000080","geometry":{"type":"Polygon","coordinates":[[[120.326966,22.612372],[120.327402,22.614173],[120.32678,22.616571],[120.328039,22.616591],[120.327889,22.617678],[120.334522,22.618482],[120.334876,22.616106],[120.337163,22.61633],[120.339983,22.618241],[120.340654,22.619055],[120.338184,22.620615],[120.33963,22.62256],[120.339993,22.62422],[120.344756,22.624948],[120.345557,22.626573],[120.344031,22.627308],[120.344267,22.628003],[120.339303,22.629519],[120.341731,22.629902],[120.341952,22.630847],[120.343107,22.630941],[120.343522,22.633049],[120.345201,22.633114],[120.344682,22.633786],[120.317651,22.638498],[120.31718,22.638451],[120.318768,22.637201],[120.320759,22.632258],[120.319769,22.631935],[120.31675,22.634294],[120.317906,22.630261],[120.313256,22.630572],[120.314224,22.627511],[120.310936,22.626399],[120.312131,22.623245],[120.302168,22.619914],[120.29621,22.617987],[120.294976,22.621032],[120.29028,22.620532],[120.290183,22.614938],[120.288863,22.611023],[120.295882,22.607732],[120.296625,22.609464],[120.305098,22.612477],[120.304786,22.613338],[120.305178,22.614095],[120.317711,22.618297],[120.31819,22.615397],[120.322605,22.61561],[120.323579,22.615397],[120.323676,22.614449],[120.325252,22.61493],[120.325109,22.611942],[120.326672,22.611706],[120.326966,22.612372]]]},"properties":{"code":"64000080","name":"苓雅區","countyCode":"64000","countyName":"高雄市","townCode":"64000080","townName":"苓雅區","level":"town","unassigned":false,"note":"","label":[120.32915445565408,22.627162184157697],"bounds":[120.288863,22.607732,120.345557,22.638498],"focusBounds":[120.288863,22.607732,120.345557,22.638498],"color":"#98b69b","childCount":70}},{"type":"Feature","id":"64000090","geometry":{"type":"Polygon","coordinates":[[[120.326966,22.612372],[120.326672,22.611706],[120.325109,22.611942],[120.325252,22.61493],[120.323676,22.614449],[120.323579,22.615397],[120.322605,22.61561],[120.31819,22.615397],[120.317711,22.618297],[120.305178,22.614095],[120.304786,22.613338],[120.305098,22.612477],[120.296625,22.609464],[120.295882,22.607732],[120.288863,22.611023],[120.281266,22.614338],[120.2776,22.611099],[120.281859,22.606657],[120.297583,22.581787],[120.301772,22.577249],[120.305482,22.571814],[120.317108,22.559067],[120.318187,22.561624],[120.323807,22.565093],[120.324014,22.566893],[120.325765,22.568426],[120.328352,22.568892],[120.330583,22.570114],[120.331723,22.570911],[120.330867,22.572057],[120.332834,22.573215],[120.337129,22.57412],[120.33931,22.5812],[120.339265,22.584528],[120.337742,22.588108],[120.335254,22.590575],[120.334133,22.589548],[120.334668,22.587568],[120.334081,22.5862],[120.332197,22.58633],[120.331229,22.585917],[120.329645,22.586637],[120.3278,22.5855],[120.326643,22.585718],[120.325813,22.585085],[120.324081,22.584976],[120.322936,22.586058],[120.324694,22.586161],[120.32336,22.588759],[120.32171,22.590589],[120.320543,22.591113],[120.322336,22.592079],[120.322903,22.596429],[120.329788,22.601038],[120.330389,22.600272],[120.338323,22.60549],[120.33918,22.605465],[120.339095,22.606248],[120.337947,22.606803],[120.337451,22.61016],[120.332666,22.609993],[120.332644,22.612661],[120.326966,22.612372]]]},"properties":{"code":"64000090","name":"前鎮區","countyCode":"64000","countyName":"高雄市","townCode":"64000090","townName":"前鎮區","level":"town","unassigned":false,"note":"","label":[120.30689595162849,22.596675031498258],"bounds":[120.2776,22.559067,120.33931,22.618297],"focusBounds":[120.2776,22.559067,120.33931,22.618297],"color":"#58b99d","childCount":60}},{"type":"Feature","id":"64000100","geometry":{"type":"MultiPolygon","coordinates":[[[[114.369813,10.379938],[114.361747,10.377462],[114.360034,10.376286],[114.35929,10.375258],[114.360198,10.374229],[114.359676,10.372127],[114.361574,10.371348],[114.359955,10.372225],[114.36027,10.373548],[114.360684,10.373973],[114.360638,10.373466],[114.361131,10.373601],[114.3618,10.374825],[114.362469,10.374198],[114.361989,10.373103],[114.362507,10.373081],[114.363171,10.373781],[114.362497,10.373197],[114.362818,10.374105],[114.367396,10.375573],[114.369952,10.377212],[114.371412,10.378601],[114.37116,10.379596],[114.369813,10.379938]]],[[[116.718584,20.702332],[116.718248,20.702282],[116.719018,20.702091],[116.718584,20.702332]]],[[[116.707798,20.704128],[116.706913,20.704715],[116.707668,20.704094],[116.70734,20.703452],[116.707704,20.703262],[116.707798,20.704128]]],[[[116.71662,20.709669],[116.713758,20.709384],[116.71168,20.708433],[116.710755,20.706989],[116.710903,20.706416],[116.711758,20.705802],[116.712523,20.705953],[116.711589,20.706991],[116.711859,20.707672],[116.715331,20.707449],[116.715531,20.706453],[116.716008,20.706861],[116.718323,20.705931],[116.718273,20.705289],[116.722462,20.705752],[116.72435,20.704804],[116.724233,20.704276],[116.724622,20.704958],[116.725974,20.704924],[116.726734,20.703328],[116.725032,20.703427],[116.721084,20.702036],[116.721992,20.701727],[116.723155,20.702101],[116.723853,20.70159],[116.723923,20.700725],[116.723001,20.699765],[116.720072,20.70145],[116.71691,20.702042],[116.715636,20.703158],[116.714817,20.702557],[116.714295,20.70276],[116.713084,20.703707],[116.712919,20.705185],[116.710854,20.705034],[116.710324,20.703854],[116.71529,20.701675],[116.717766,20.70136],[116.724794,20.698807],[116.724906,20.698147],[116.725274,20.698705],[116.727329,20.698245],[116.727816,20.69805],[116.727708,20.697404],[116.728,20.697995],[116.730924,20.697219],[116.734855,20.697476],[116.734246,20.697533],[116.7334,20.699358],[116.733857,20.699685],[116.733137,20.699689],[116.732864,20.700333],[116.732629,20.701988],[116.733367,20.702196],[116.732555,20.702083],[116.731878,20.703276],[116.730607,20.703468],[116.727568,20.705924],[116.723077,20.706624],[116.718392,20.709259],[116.71662,20.709669]]],[[[120.2776,22.611099],[120.274213,22.613436],[120.270992,22.614923],[120.25651,22.61958],[120.256134,22.617698],[120.262264,22.613983],[120.263176,22.612975],[120.263185,22.610349],[120.264187,22.611395],[120.265802,22.610529],[120.265987,22.608799],[120.26525,22.606601],[120.263703,22.605126],[120.263032,22.601388],[120.263773,22.601902],[120.26679,22.59999],[120.271291,22.592781],[120.278363,22.584359],[120.282385,22.580757],[120.284497,22.578074],[120.285771,22.577855],[120.302838,22.55777],[120.30342,22.554335],[120.300656,22.551279],[120.298541,22.547504],[120.301763,22.545813],[120.301464,22.54501],[120.302008,22.545753],[120.303404,22.545515],[120.31557,22.55184],[120.320343,22.555257],[120.317108,22.559067],[120.305482,22.571814],[120.301772,22.577249],[120.297583,22.581787],[120.281859,22.606657],[120.2776,22.611099]]]]},"properties":{"code":"64000100","name":"旗津區","countyCode":"64000","countyName":"高雄市","townCode":"64000100","townName":"旗津區","level":"town","unassigned":false,"note":"","label":[120.2778960148054,22.59785310905217],"bounds":[114.35929,10.371348,120.320343,22.61958],"focusBounds":[120.256134,22.54501,120.320343,22.61958],"color":"#efb44f","childCount":16}},{"type":"Feature","id":"64000110","geometry":{"type":"Polygon","coordinates":[[[120.392494,22.537403],[120.392523,22.538432],[120.393976,22.539831],[120.394603,22.542099],[120.395886,22.542885],[120.398859,22.549119],[120.398239,22.550319],[120.397285,22.550863],[120.397362,22.552821],[120.396557,22.55342],[120.396675,22.554298],[120.395798,22.555808],[120.394471,22.555486],[120.394157,22.555967],[120.395298,22.556543],[120.394601,22.557185],[120.394981,22.557759],[120.39389,22.559628],[120.394206,22.560241],[120.395219,22.560024],[120.395557,22.560417],[120.394605,22.561382],[120.395142,22.563458],[120.39349,22.564434],[120.394422,22.566004],[120.393686,22.566869],[120.392841,22.566353],[120.391771,22.567375],[120.391083,22.566625],[120.391727,22.566759],[120.391948,22.566011],[120.393693,22.565771],[120.392687,22.565091],[120.392179,22.565453],[120.391377,22.565059],[120.390345,22.565806],[120.390017,22.567252],[120.389773,22.566819],[120.389245,22.566977],[120.388986,22.5686],[120.387319,22.568355],[120.386184,22.569101],[120.385041,22.571225],[120.386362,22.573128],[120.385593,22.577297],[120.382882,22.578489],[120.379843,22.582527],[120.37916,22.582711],[120.377741,22.581699],[120.375504,22.582556],[120.374027,22.582247],[120.373017,22.583058],[120.373474,22.585443],[120.370446,22.587178],[120.370929,22.587616],[120.370238,22.587855],[120.369207,22.586864],[120.364596,22.586538],[120.363138,22.585047],[120.354806,22.584944],[120.349969,22.585504],[120.348615,22.584728],[120.342738,22.583513],[120.339265,22.584528],[120.33931,22.5812],[120.337129,22.57412],[120.332834,22.573215],[120.330867,22.572057],[120.331723,22.570911],[120.330583,22.570114],[120.328352,22.568892],[120.325765,22.568426],[120.324014,22.566893],[120.323807,22.565093],[120.318187,22.561624],[120.317108,22.559067],[120.320343,22.555257],[120.31557,22.55184],[120.303404,22.545515],[120.307493,22.545251],[120.321833,22.527791],[120.31681,22.52423],[120.307611,22.53543],[120.303747,22.53269],[120.296964,22.540947],[120.293409,22.538426],[120.288842,22.543984],[120.289132,22.544629],[120.288609,22.544074],[120.286247,22.543791],[120.288642,22.543841],[120.312444,22.514867],[120.324246,22.522762],[120.325242,22.530086],[120.329503,22.533784],[120.331434,22.532856],[120.329901,22.532991],[120.325363,22.529453],[120.326131,22.529402],[120.325324,22.523482],[120.333353,22.528779],[120.337,22.524847],[120.333748,22.521405],[120.341938,22.515184],[120.343475,22.514739],[120.350965,22.509535],[120.354899,22.505977],[120.355928,22.504275],[120.35892,22.502182],[120.358933,22.500712],[120.360291,22.50775],[120.361396,22.508571],[120.361114,22.509614],[120.36277,22.510004],[120.362536,22.510478],[120.36352,22.511484],[120.363456,22.512532],[120.366645,22.516766],[120.366421,22.518538],[120.370941,22.52232],[120.371558,22.524435],[120.372532,22.525556],[120.374233,22.526843],[120.380076,22.528211],[120.381946,22.530486],[120.386361,22.533183],[120.386801,22.535198],[120.389529,22.535547],[120.390222,22.536702],[120.392494,22.537403]]]},"properties":{"code":"64000110","name":"小港區","countyCode":"64000","countyName":"高雄市","townCode":"64000110","townName":"小港區","level":"town","unassigned":false,"note":"","label":[120.35644000710472,22.549559137764245],"bounds":[120.286247,22.500712,120.398859,22.587855],"focusBounds":[120.286247,22.500712,120.398859,22.587855],"color":"#78a7e3","childCount":39}},{"type":"Feature","id":"64000120","geometry":{"type":"Polygon","coordinates":[[[120.377805,22.637707],[120.375061,22.643577],[120.375944,22.644413],[120.374577,22.647445],[120.37197,22.646611],[120.370925,22.648649],[120.368653,22.648068],[120.369044,22.646443],[120.367134,22.645373],[120.365257,22.645345],[120.364829,22.644141],[120.362332,22.645713],[120.362317,22.646659],[120.361745,22.646463],[120.359107,22.647519],[120.358371,22.647058],[120.359007,22.645862],[120.358045,22.641955],[120.354786,22.645938],[120.35273,22.64734],[120.351289,22.646643],[120.350231,22.647809],[120.348161,22.647777],[120.34724,22.647293],[120.348488,22.646624],[120.345896,22.641687],[120.349551,22.639794],[120.350212,22.638962],[120.345194,22.637123],[120.344682,22.633786],[120.345201,22.633114],[120.343522,22.633049],[120.343107,22.630941],[120.341952,22.630847],[120.341731,22.629902],[120.339303,22.629519],[120.344267,22.628003],[120.344031,22.627308],[120.345557,22.626573],[120.344756,22.624948],[120.339993,22.62422],[120.33963,22.62256],[120.338184,22.620615],[120.340654,22.619055],[120.339983,22.618241],[120.337163,22.61633],[120.334876,22.616106],[120.334522,22.618482],[120.327889,22.617678],[120.328039,22.616591],[120.32678,22.616571],[120.327402,22.614173],[120.326966,22.612372],[120.332644,22.612661],[120.332666,22.609993],[120.337451,22.61016],[120.337947,22.606803],[120.339095,22.606248],[120.33918,22.605465],[120.338323,22.60549],[120.330389,22.600272],[120.329788,22.601038],[120.322903,22.596429],[120.322336,22.592079],[120.320543,22.591113],[120.32171,22.590589],[120.32336,22.588759],[120.324694,22.586161],[120.322936,22.586058],[120.324081,22.584976],[120.325813,22.585085],[120.326643,22.585718],[120.3278,22.5855],[120.329645,22.586637],[120.331229,22.585917],[120.332197,22.58633],[120.334081,22.5862],[120.334668,22.587568],[120.334133,22.589548],[120.335254,22.590575],[120.337742,22.588108],[120.339265,22.584528],[120.342738,22.583513],[120.348615,22.584728],[120.349969,22.585504],[120.354806,22.584944],[120.363138,22.585047],[120.364596,22.586538],[120.369207,22.586864],[120.370238,22.587855],[120.369084,22.588429],[120.370267,22.590806],[120.368414,22.593723],[120.369773,22.595604],[120.370484,22.595607],[120.370792,22.597046],[120.371546,22.597755],[120.371808,22.599958],[120.371138,22.602588],[120.37286,22.606468],[120.375013,22.606291],[120.377315,22.608114],[120.378538,22.614908],[120.379763,22.617269],[120.379586,22.618539],[120.378385,22.619828],[120.378172,22.62244],[120.380711,22.622844],[120.381296,22.623843],[120.384528,22.624684],[120.387596,22.626329],[120.386093,22.629516],[120.383771,22.628673],[120.381967,22.629939],[120.378018,22.636407],[120.377805,22.637707]]]},"properties":{"code":"64000120","name":"鳳山區","countyCode":"64000","countyName":"高雄市","townCode":"64000120","townName":"鳳山區","level":"town","unassigned":false,"note":"","label":[120.35594870406501,22.611689847170968],"bounds":[120.320543,22.583513,120.387596,22.648649],"focusBounds":[120.320543,22.583513,120.387596,22.648649],"color":"#dd8590","childCount":75}},{"type":"Feature","id":"64000130","geometry":{"type":"Polygon","coordinates":[[[120.427459,22.534273],[120.418567,22.533988],[120.41676,22.533034],[120.414132,22.533312],[120.413615,22.532517],[120.409642,22.532833],[120.407038,22.533845],[120.403284,22.533819],[120.403294,22.535464],[120.399545,22.537554],[120.398491,22.537172],[120.396908,22.537881],[120.393752,22.536534],[120.392494,22.537403],[120.390222,22.536702],[120.389529,22.535547],[120.386801,22.535198],[120.386361,22.533183],[120.381946,22.530486],[120.380076,22.528211],[120.374233,22.526843],[120.372532,22.525556],[120.371558,22.524435],[120.370941,22.52232],[120.366421,22.518538],[120.366645,22.516766],[120.363456,22.512532],[120.36352,22.511484],[120.362536,22.510478],[120.36277,22.510004],[120.361114,22.509614],[120.361396,22.508571],[120.360291,22.50775],[120.358933,22.500712],[120.359877,22.501065],[120.373248,22.491225],[120.384887,22.484878],[120.386916,22.483047],[120.393726,22.479037],[120.395654,22.477027],[120.398412,22.475576],[120.40091,22.474935],[120.401856,22.473885],[120.410922,22.47073],[120.413861,22.470458],[120.420831,22.46847],[120.424434,22.468713],[120.423937,22.47995],[120.42573,22.498172],[120.423657,22.506522],[120.422856,22.518451],[120.424355,22.523272],[120.425134,22.528474],[120.427459,22.534273]]]},"properties":{"code":"64000130","name":"林園區","countyCode":"64000","countyName":"高雄市","townCode":"64000130","townName":"林園區","level":"town","unassigned":false,"note":"","label":[120.39816513732228,22.50651158797745],"bounds":[120.358933,22.46847,120.427459,22.537881],"focusBounds":[120.358933,22.46847,120.427459,22.537881],"color":"#a49ad4","childCount":24}},{"type":"Feature","id":"64000140","geometry":{"type":"Polygon","coordinates":[[[120.43528,22.628819],[120.435908,22.631364],[120.435376,22.633771],[120.435317,22.639726],[120.436195,22.648149],[120.436061,22.651678],[120.430065,22.649436],[120.425963,22.649194],[120.424329,22.647736],[120.423043,22.647421],[120.421723,22.645944],[120.420423,22.645285],[120.418623,22.645157],[120.415945,22.64372],[120.415977,22.643037],[120.410363,22.64319],[120.406916,22.643991],[120.404754,22.643233],[120.401408,22.64302],[120.397158,22.644663],[120.393291,22.643904],[120.392451,22.643148],[120.390122,22.643554],[120.388289,22.642205],[120.385128,22.641467],[120.384396,22.641971],[120.381311,22.63932],[120.37805,22.638529],[120.377805,22.637707],[120.378018,22.636407],[120.381967,22.629939],[120.383771,22.628673],[120.386093,22.629516],[120.387596,22.626329],[120.384528,22.624684],[120.381296,22.623843],[120.380711,22.622844],[120.378172,22.62244],[120.378385,22.619828],[120.379586,22.618539],[120.379763,22.617269],[120.378538,22.614908],[120.377315,22.608114],[120.375013,22.606291],[120.37286,22.606468],[120.371138,22.602588],[120.371808,22.599958],[120.371546,22.597755],[120.370792,22.597046],[120.370484,22.595607],[120.369773,22.595604],[120.368414,22.593723],[120.370267,22.590806],[120.369084,22.588429],[120.370238,22.587855],[120.370929,22.587616],[120.370446,22.587178],[120.373474,22.585443],[120.373017,22.583058],[120.374027,22.582247],[120.375504,22.582556],[120.377741,22.581699],[120.37916,22.582711],[120.379843,22.582527],[120.382882,22.578489],[120.385593,22.577297],[120.386362,22.573128],[120.385041,22.571225],[120.386184,22.569101],[120.387319,22.568355],[120.388986,22.5686],[120.389245,22.566977],[120.389773,22.566819],[120.390017,22.567252],[120.390345,22.565806],[120.391377,22.565059],[120.392179,22.565453],[120.392687,22.565091],[120.393693,22.565771],[120.391948,22.566011],[120.391727,22.566759],[120.391083,22.566625],[120.391771,22.567375],[120.392841,22.566353],[120.393686,22.566869],[120.394422,22.566004],[120.39349,22.564434],[120.395142,22.563458],[120.394605,22.561382],[120.395557,22.560417],[120.395219,22.560024],[120.394206,22.560241],[120.39389,22.559628],[120.394981,22.557759],[120.394601,22.557185],[120.395298,22.556543],[120.394157,22.555967],[120.394471,22.555486],[120.395798,22.555808],[120.396675,22.554298],[120.396557,22.55342],[120.397362,22.552821],[120.397285,22.550863],[120.398239,22.550319],[120.398859,22.549119],[120.395886,22.542885],[120.394603,22.542099],[120.393976,22.539831],[120.392523,22.538432],[120.392494,22.537403],[120.393752,22.536534],[120.396908,22.537881],[120.398491,22.537172],[120.399545,22.537554],[120.403294,22.535464],[120.403284,22.533819],[120.407038,22.533845],[120.409642,22.532833],[120.413615,22.532517],[120.414132,22.533312],[120.41676,22.533034],[120.418567,22.533988],[120.427459,22.534273],[120.430875,22.544007],[120.432693,22.545654],[120.436574,22.547557],[120.438341,22.553523],[120.440733,22.557617],[120.44253,22.561577],[120.444416,22.570141],[120.447004,22.586176],[120.446752,22.593352],[120.445929,22.598267],[120.445082,22.600349],[120.442735,22.603348],[120.437989,22.606706],[120.434614,22.613412],[120.433683,22.617595],[120.433474,22.623225],[120.43528,22.628819]]]},"properties":{"code":"64000140","name":"大寮區","countyCode":"64000","countyName":"高雄市","townCode":"64000140","townName":"大寮區","level":"town","unassigned":false,"note":"","label":[120.41115584164726,22.592572609948053],"bounds":[120.368414,22.532517,120.447004,22.651678],"focusBounds":[120.368414,22.532517,120.447004,22.651678],"color":"#a8bf62","childCount":24}},{"type":"Feature","id":"64000150","geometry":{"type":"Polygon","coordinates":[[[120.454315,22.771776],[120.450641,22.772764],[120.444185,22.772546],[120.441843,22.773362],[120.438886,22.772878],[120.436676,22.773584],[120.431261,22.774104],[120.428524,22.777792],[120.42632,22.777105],[120.426098,22.775802],[120.424542,22.774873],[120.422321,22.774919],[120.420861,22.77401],[120.418984,22.774609],[120.418467,22.772042],[120.417564,22.77044],[120.416537,22.76973],[120.41613,22.768311],[120.416148,22.766742],[120.417375,22.765809],[120.417276,22.764321],[120.413747,22.761136],[120.412856,22.758993],[120.411849,22.758061],[120.411415,22.756996],[120.411875,22.755553],[120.411303,22.753995],[120.411817,22.75276],[120.411285,22.751941],[120.411243,22.749834],[120.41047,22.748818],[120.411737,22.747254],[120.410392,22.745879],[120.410581,22.744101],[120.408989,22.742304],[120.408052,22.742171],[120.406746,22.741089],[120.405063,22.738615],[120.401395,22.737976],[120.399982,22.738964],[120.397246,22.735308],[120.398543,22.734807],[120.399945,22.735659],[120.400835,22.734741],[120.400819,22.733822],[120.401578,22.733274],[120.400291,22.728896],[120.40079,22.727455],[120.400045,22.725892],[120.400374,22.725289],[120.401904,22.725726],[120.403226,22.724548],[120.401413,22.719075],[120.399394,22.715015],[120.399211,22.713387],[120.400037,22.712704],[120.399862,22.711929],[120.398207,22.710666],[120.398441,22.7092],[120.397981,22.708157],[120.39525,22.705676],[120.393474,22.703235],[120.396065,22.702425],[120.396224,22.701306],[120.396898,22.701106],[120.396812,22.700275],[120.395339,22.697577],[120.394331,22.697243],[120.394187,22.696173],[120.39245,22.694739],[120.393363,22.691977],[120.389921,22.687347],[120.389778,22.685344],[120.390317,22.684865],[120.391634,22.684987],[120.39201,22.683774],[120.393878,22.683801],[120.394426,22.682487],[120.397671,22.680766],[120.395881,22.679998],[120.395527,22.678845],[120.395862,22.677745],[120.397134,22.677077],[120.397049,22.67544],[120.398472,22.673125],[120.398227,22.671641],[120.399106,22.671171],[120.400134,22.668648],[120.402588,22.666441],[120.402334,22.660761],[120.40283,22.659724],[120.401566,22.657881],[120.401573,22.655367],[120.399597,22.652078],[120.400068,22.651361],[120.399614,22.6506],[120.401121,22.649635],[120.401672,22.647619],[120.401414,22.646534],[120.400096,22.645317],[120.401905,22.644106],[120.401408,22.64302],[120.404754,22.643233],[120.406916,22.643991],[120.410363,22.64319],[120.415977,22.643037],[120.415945,22.64372],[120.418623,22.645157],[120.420423,22.645285],[120.421723,22.645944],[120.423043,22.647421],[120.424329,22.647736],[120.425963,22.649194],[120.430065,22.649436],[120.436061,22.651678],[120.436057,22.661337],[120.436628,22.665016],[120.437877,22.667061],[120.44,22.673039],[120.439588,22.678325],[120.442627,22.684557],[120.446975,22.687692],[120.448061,22.689434],[120.450769,22.696696],[120.45127,22.700072],[120.45279,22.704169],[120.455956,22.720974],[120.456002,22.730573],[120.453711,22.755955],[120.453714,22.760858],[120.454417,22.764175],[120.453764,22.768978],[120.454315,22.771776]]]},"properties":{"code":"64000150","name":"大樹區","countyCode":"64000","countyName":"高雄市","townCode":"64000150","townName":"大樹區","level":"town","unassigned":false,"note":"","label":[120.42602697534207,22.710590663911063],"bounds":[120.389778,22.64302,120.456002,22.777792],"focusBounds":[120.389778,22.64302,120.456002,22.777792],"color":"#68bec9","childCount":18}},{"type":"Feature","id":"64000160","geometry":{"type":"Polygon","coordinates":[[[120.411849,22.758061],[120.409831,22.75907],[120.409967,22.759912],[120.409165,22.761361],[120.408419,22.761525],[120.40799,22.760774],[120.407387,22.761127],[120.407731,22.763045],[120.404913,22.766462],[120.403623,22.765741],[120.402769,22.766064],[120.401114,22.765738],[120.39888,22.763497],[120.398979,22.761716],[120.397967,22.76166],[120.397817,22.761013],[120.396682,22.760429],[120.395802,22.761783],[120.394212,22.762246],[120.393362,22.761907],[120.391033,22.764775],[120.389823,22.762858],[120.388483,22.762083],[120.386873,22.763188],[120.383767,22.763314],[120.383371,22.760475],[120.38214,22.759193],[120.38027,22.758662],[120.380208,22.756776],[120.378414,22.75718],[120.378082,22.755942],[120.375273,22.75573],[120.374422,22.755119],[120.37402,22.751553],[120.373574,22.751124],[120.372589,22.753064],[120.370139,22.75352],[120.369442,22.75309],[120.369941,22.752054],[120.367913,22.74979],[120.366666,22.751544],[120.361473,22.751158],[120.357202,22.751834],[120.354394,22.752885],[120.348326,22.751617],[120.347536,22.75272],[120.346696,22.752902],[120.344918,22.755574],[120.343994,22.755808],[120.343296,22.755085],[120.34411,22.752952],[120.341741,22.753887],[120.340652,22.753236],[120.341246,22.749849],[120.339612,22.747827],[120.339028,22.747466],[120.337197,22.749168],[120.336103,22.749039],[120.335764,22.74542],[120.337445,22.745588],[120.338741,22.744297],[120.340794,22.743939],[120.337207,22.740057],[120.337657,22.739639],[120.337503,22.738815],[120.340196,22.738398],[120.339662,22.735754],[120.338817,22.735137],[120.338562,22.733653],[120.339825,22.732594],[120.340535,22.730473],[120.336336,22.727605],[120.335507,22.727568],[120.334343,22.725606],[120.334074,22.723861],[120.337608,22.721183],[120.338118,22.721138],[120.338998,22.71757],[120.340394,22.716874],[120.340926,22.715995],[120.345806,22.717237],[120.346495,22.715878],[120.34716,22.715886],[120.347239,22.716505],[120.348814,22.716536],[120.34941,22.715567],[120.351406,22.71787],[120.352103,22.716953],[120.352659,22.717222],[120.353232,22.716694],[120.355886,22.716533],[120.360192,22.714469],[120.364681,22.709163],[120.365909,22.709798],[120.366717,22.711404],[120.368221,22.711365],[120.369649,22.712563],[120.369993,22.714551],[120.371384,22.714446],[120.372222,22.715303],[120.371946,22.71713],[120.373679,22.721386],[120.372852,22.726335],[120.373756,22.726995],[120.375161,22.727014],[120.376512,22.728511],[120.378191,22.728288],[120.378455,22.729167],[120.377835,22.731936],[120.378911,22.734003],[120.380495,22.735127],[120.380891,22.736124],[120.385234,22.73766],[120.385832,22.739807],[120.387063,22.740033],[120.388237,22.741733],[120.389152,22.742109],[120.390926,22.741836],[120.391188,22.740222],[120.39237,22.740037],[120.392979,22.739387],[120.392756,22.738442],[120.393548,22.737411],[120.392763,22.735799],[120.395682,22.734875],[120.397246,22.735308],[120.399982,22.738964],[120.401395,22.737976],[120.405063,22.738615],[120.406746,22.741089],[120.408052,22.742171],[120.408989,22.742304],[120.410581,22.744101],[120.410392,22.745879],[120.411737,22.747254],[120.41047,22.748818],[120.411243,22.749834],[120.411285,22.751941],[120.411817,22.75276],[120.411303,22.753995],[120.411875,22.755553],[120.411415,22.756996],[120.411849,22.758061]]]},"properties":{"code":"64000160","name":"大社區","countyCode":"64000","countyName":"高雄市","townCode":"64000160","townName":"大社區","level":"town","unassigned":false,"note":"","label":[120.35724665596537,22.73385389031127],"bounds":[120.334074,22.709163,120.411875,22.766462],"focusBounds":[120.334074,22.709163,120.411875,22.766462],"color":"#df9f6a","childCount":9}},{"type":"Feature","id":"64000170","geometry":{"type":"Polygon","coordinates":[[[120.397246,22.735308],[120.395682,22.734875],[120.392763,22.735799],[120.393548,22.737411],[120.392756,22.738442],[120.392979,22.739387],[120.39237,22.740037],[120.391188,22.740222],[120.390926,22.741836],[120.389152,22.742109],[120.388237,22.741733],[120.387063,22.740033],[120.385832,22.739807],[120.385234,22.73766],[120.380891,22.736124],[120.380495,22.735127],[120.378911,22.734003],[120.377835,22.731936],[120.378455,22.729167],[120.378191,22.728288],[120.376512,22.728511],[120.375161,22.727014],[120.373756,22.726995],[120.372852,22.726335],[120.373679,22.721386],[120.371946,22.71713],[120.372222,22.715303],[120.371384,22.714446],[120.369993,22.714551],[120.369649,22.712563],[120.368221,22.711365],[120.366717,22.711404],[120.365909,22.709798],[120.364681,22.709163],[120.360192,22.714469],[120.355886,22.716533],[120.353232,22.716694],[120.352659,22.717222],[120.352103,22.716953],[120.351406,22.71787],[120.34941,22.715567],[120.348814,22.716536],[120.347239,22.716505],[120.34716,22.715886],[120.346495,22.715878],[120.345806,22.717237],[120.340926,22.715995],[120.340394,22.716874],[120.338998,22.71757],[120.338118,22.721138],[120.337608,22.721183],[120.334363,22.722412],[120.332058,22.721517],[120.333084,22.719975],[120.330096,22.718063],[120.328697,22.719233],[120.324436,22.717874],[120.326385,22.716063],[120.329416,22.71134],[120.328946,22.709305],[120.326383,22.709777],[120.325672,22.708893],[120.327225,22.706302],[120.329614,22.704656],[120.328613,22.703983],[120.323499,22.705576],[120.321009,22.701411],[120.314892,22.695889],[120.316802,22.694249],[120.316353,22.693363],[120.320367,22.689929],[120.32117,22.690208],[120.322929,22.687927],[120.323671,22.685078],[120.324708,22.68516],[120.324259,22.683823],[120.32212,22.681537],[120.323506,22.680262],[120.326204,22.680509],[120.326628,22.679757],[120.327912,22.676006],[120.326308,22.675536],[120.326463,22.674929],[120.329201,22.675866],[120.329466,22.67651],[120.330654,22.67587],[120.32791,22.674901],[120.326845,22.673906],[120.327013,22.672322],[120.328061,22.673029],[120.327563,22.672049],[120.328038,22.671632],[120.330142,22.672447],[120.332098,22.67198],[120.33774,22.673489],[120.339518,22.672111],[120.34109,22.673018],[120.346197,22.6702],[120.347777,22.669962],[120.351002,22.671087],[120.352742,22.672881],[120.354279,22.673161],[120.356295,22.671438],[120.357182,22.669267],[120.359583,22.669656],[120.360218,22.6689],[120.361485,22.669127],[120.361818,22.66971],[120.362764,22.669662],[120.365501,22.671816],[120.366851,22.674009],[120.366617,22.67489],[120.367364,22.676155],[120.368314,22.675945],[120.369264,22.676804],[120.370077,22.676845],[120.371678,22.680076],[120.373704,22.681585],[120.374817,22.683921],[120.379529,22.686393],[120.379363,22.689088],[120.381309,22.689252],[120.384102,22.691045],[120.389668,22.696589],[120.39245,22.694739],[120.394187,22.696173],[120.394331,22.697243],[120.395339,22.697577],[120.396812,22.700275],[120.396898,22.701106],[120.396224,22.701306],[120.396065,22.702425],[120.393474,22.703235],[120.39525,22.705676],[120.397981,22.708157],[120.398441,22.7092],[120.398207,22.710666],[120.399862,22.711929],[120.400037,22.712704],[120.399211,22.713387],[120.399394,22.715015],[120.401413,22.719075],[120.403226,22.724548],[120.401904,22.725726],[120.400374,22.725289],[120.400045,22.725892],[120.40079,22.727455],[120.400291,22.728896],[120.401578,22.733274],[120.400819,22.733822],[120.400835,22.734741],[120.399945,22.735659],[120.398543,22.734807],[120.397246,22.735308]]]},"properties":{"code":"64000170","name":"仁武區","countyCode":"64000","countyName":"高雄市","townCode":"64000170","townName":"仁武區","level":"town","unassigned":false,"note":"","label":[120.35016737491046,22.69361872979878],"bounds":[120.314892,22.6689,120.403226,22.742109],"focusBounds":[120.314892,22.6689,120.403226,22.742109],"color":"#c38cb8","childCount":17}},{"type":"Feature","id":"64000180","geometry":{"type":"Polygon","coordinates":[[[120.401408,22.64302],[120.401905,22.644106],[120.400096,22.645317],[120.401414,22.646534],[120.401672,22.647619],[120.401121,22.649635],[120.399614,22.6506],[120.400068,22.651361],[120.399597,22.652078],[120.401573,22.655367],[120.401566,22.657881],[120.40283,22.659724],[120.402334,22.660761],[120.402588,22.666441],[120.400134,22.668648],[120.399106,22.671171],[120.398227,22.671641],[120.398472,22.673125],[120.397049,22.67544],[120.397134,22.677077],[120.395862,22.677745],[120.395527,22.678845],[120.395881,22.679998],[120.397671,22.680766],[120.394426,22.682487],[120.393878,22.683801],[120.39201,22.683774],[120.391634,22.684987],[120.390317,22.684865],[120.389778,22.685344],[120.389921,22.687347],[120.393363,22.691977],[120.39245,22.694739],[120.389668,22.696589],[120.384102,22.691045],[120.381309,22.689252],[120.379363,22.689088],[120.379529,22.686393],[120.374817,22.683921],[120.373704,22.681585],[120.371678,22.680076],[120.370077,22.676845],[120.369264,22.676804],[120.368314,22.675945],[120.367364,22.676155],[120.366617,22.67489],[120.366851,22.674009],[120.365501,22.671816],[120.362764,22.669662],[120.361818,22.66971],[120.361485,22.669127],[120.360218,22.6689],[120.359583,22.669656],[120.357182,22.669267],[120.356295,22.671438],[120.354279,22.673161],[120.352742,22.672881],[120.351002,22.671087],[120.347777,22.669962],[120.346197,22.6702],[120.34109,22.673018],[120.339518,22.672111],[120.339276,22.670798],[120.337722,22.670096],[120.337398,22.669294],[120.333347,22.665638],[120.335208,22.662271],[120.335186,22.661465],[120.336531,22.659904],[120.335124,22.659579],[120.332497,22.660584],[120.330766,22.660008],[120.331388,22.658626],[120.333211,22.657355],[120.334925,22.654981],[120.337455,22.653156],[120.337023,22.652441],[120.34551,22.646177],[120.346348,22.647206],[120.34724,22.647293],[120.348161,22.647777],[120.350231,22.647809],[120.351289,22.646643],[120.35273,22.64734],[120.354786,22.645938],[120.358045,22.641955],[120.359007,22.645862],[120.358371,22.647058],[120.359107,22.647519],[120.361745,22.646463],[120.362317,22.646659],[120.362332,22.645713],[120.364829,22.644141],[120.365257,22.645345],[120.367134,22.645373],[120.369044,22.646443],[120.368653,22.648068],[120.370925,22.648649],[120.37197,22.646611],[120.374577,22.647445],[120.375944,22.644413],[120.375061,22.643577],[120.377805,22.637707],[120.37805,22.638529],[120.381311,22.63932],[120.384396,22.641971],[120.385128,22.641467],[120.388289,22.642205],[120.390122,22.643554],[120.392451,22.643148],[120.393291,22.643904],[120.397158,22.644663],[120.401408,22.64302]]]},"properties":{"code":"64000180","name":"鳥松區","countyCode":"64000","countyName":"高雄市","townCode":"64000180","townName":"鳥松區","level":"town","unassigned":false,"note":"","label":[120.38233289255305,22.663416145067707],"bounds":[120.330766,22.637707,120.40283,22.696589],"focusBounds":[120.330766,22.637707,120.40283,22.696589],"color":"#98b69b","childCount":7}},{"type":"Feature","id":"64000190","geometry":{"type":"Polygon","coordinates":[[[120.350845,22.825381],[120.349447,22.825845],[120.347781,22.828047],[120.346957,22.82751],[120.344678,22.828084],[120.342898,22.827623],[120.342114,22.828507],[120.343241,22.829759],[120.345763,22.829841],[120.347902,22.831587],[120.347235,22.832992],[120.346381,22.839052],[120.345048,22.84009],[120.344107,22.842155],[120.340909,22.83685],[120.339351,22.836262],[120.336479,22.836641],[120.334757,22.835315],[120.32987,22.835351],[120.329416,22.83676],[120.327766,22.837644],[120.327523,22.838499],[120.326004,22.839256],[120.325109,22.838658],[120.322042,22.839884],[120.32143,22.839438],[120.320045,22.84048],[120.320181,22.841342],[120.319764,22.841575],[120.317381,22.836331],[120.313142,22.836242],[120.312884,22.837002],[120.308477,22.836964],[120.307588,22.834576],[120.303175,22.837105],[120.30039,22.837119],[120.299746,22.838823],[120.298601,22.839299],[120.295306,22.840088],[120.294388,22.840114],[120.294,22.839638],[120.293377,22.837364],[120.292095,22.836505],[120.291478,22.833105],[120.292842,22.8323],[120.295152,22.828991],[120.293713,22.827329],[120.291176,22.826667],[120.287162,22.824041],[120.285436,22.824355],[120.284489,22.823895],[120.283886,22.822865],[120.283454,22.818788],[120.280535,22.818545],[120.279455,22.816957],[120.274555,22.816681],[120.270318,22.820517],[120.266936,22.820267],[120.266941,22.821453],[120.268189,22.82247],[120.258163,22.823969],[120.25813,22.824441],[120.254746,22.824988],[120.255497,22.823709],[120.253258,22.821058],[120.253201,22.818134],[120.255154,22.817272],[120.256517,22.814051],[120.255232,22.811412],[120.252984,22.809823],[120.253125,22.808762],[120.253913,22.808721],[120.254102,22.807392],[120.254944,22.806559],[120.259063,22.809132],[120.262887,22.802753],[120.261356,22.802271],[120.261969,22.800309],[120.260969,22.799481],[120.26152,22.796995],[120.256486,22.795412],[120.256534,22.794089],[120.254497,22.793539],[120.254353,22.791219],[120.252429,22.790787],[120.252328,22.789393],[120.254954,22.783646],[120.254942,22.781895],[120.255722,22.780356],[120.254819,22.780143],[120.255118,22.778824],[120.257668,22.779035],[120.258185,22.778397],[120.25944,22.77891],[120.262072,22.775692],[120.258482,22.772621],[120.258769,22.770202],[120.262935,22.770239],[120.263447,22.768889],[120.266937,22.770765],[120.267182,22.767539],[120.269093,22.767672],[120.269578,22.770755],[120.274059,22.769497],[120.274799,22.767112],[120.276842,22.768063],[120.279396,22.766932],[120.279839,22.765905],[120.280588,22.765813],[120.282472,22.767083],[120.282782,22.769304],[120.284624,22.768652],[120.285451,22.769005],[120.28574,22.769697],[120.284905,22.770347],[120.285139,22.771049],[120.286793,22.771268],[120.288284,22.770159],[120.289366,22.770097],[120.292144,22.772972],[120.293543,22.772481],[120.294587,22.770692],[120.295963,22.775964],[120.299405,22.776152],[120.300157,22.776925],[120.300003,22.777727],[120.30386,22.776783],[120.305012,22.77381],[120.306092,22.772812],[120.309245,22.774387],[120.313618,22.770754],[120.314846,22.770851],[120.315301,22.774114],[120.317032,22.774615],[120.317394,22.775181],[120.316439,22.777146],[120.315053,22.778177],[120.315809,22.778761],[120.315858,22.779949],[120.317168,22.780266],[120.316383,22.783676],[120.316937,22.785442],[120.316335,22.785963],[120.316781,22.787859],[120.315219,22.787571],[120.314223,22.788809],[120.314367,22.789759],[120.313528,22.791181],[120.314602,22.794661],[120.315061,22.794989],[120.317266,22.794703],[120.318516,22.795669],[120.319751,22.79864],[120.320027,22.800872],[120.320492,22.801148],[120.322571,22.800301],[120.322961,22.801556],[120.324205,22.802721],[120.324181,22.805197],[120.326232,22.804951],[120.326224,22.803966],[120.325145,22.803168],[120.326169,22.802384],[120.327209,22.800428],[120.328357,22.800377],[120.329122,22.800958],[120.328275,22.800979],[120.327926,22.80171],[120.328664,22.80432],[120.329869,22.805043],[120.331822,22.804696],[120.334516,22.807751],[120.336111,22.808294],[120.336857,22.809188],[120.338029,22.809429],[120.339169,22.808816],[120.340497,22.810222],[120.342693,22.808618],[120.344334,22.808483],[120.343738,22.811681],[120.344818,22.812634],[120.346004,22.81174],[120.34765,22.811519],[120.347643,22.812952],[120.348706,22.812713],[120.350385,22.815083],[120.349376,22.816586],[120.350065,22.817338],[120.348542,22.818616],[120.348226,22.82025],[120.34717,22.821821],[120.347746,22.82246],[120.346901,22.823228],[120.348589,22.823872],[120.348833,22.824803],[120.350845,22.824802],[120.350845,22.825381]]]},"properties":{"code":"64000190","name":"岡山區","countyCode":"64000","countyName":"高雄市","townCode":"64000190","townName":"岡山區","level":"town","unassigned":false,"note":"","label":[120.29374879116541,22.79974959555485],"bounds":[120.252328,22.765813,120.350845,22.842155],"focusBounds":[120.252328,22.765813,120.350845,22.842155],"color":"#58b99d","childCount":34}},{"type":"Feature","id":"64000200","geometry":{"type":"Polygon","coordinates":[[[120.314846,22.770851],[120.313618,22.770754],[120.309245,22.774387],[120.306092,22.772812],[120.305012,22.77381],[120.30386,22.776783],[120.300003,22.777727],[120.300157,22.776925],[120.299405,22.776152],[120.295963,22.775964],[120.294587,22.770692],[120.293543,22.772481],[120.292144,22.772972],[120.289366,22.770097],[120.288284,22.770159],[120.286793,22.771268],[120.285139,22.771049],[120.284905,22.770347],[120.28574,22.769697],[120.285451,22.769005],[120.284624,22.768652],[120.282782,22.769304],[120.282472,22.767083],[120.280588,22.765813],[120.279839,22.765905],[120.279396,22.766932],[120.276842,22.768063],[120.274799,22.767112],[120.274506,22.766196],[120.275314,22.76523],[120.274292,22.763299],[120.275811,22.761409],[120.276212,22.758364],[120.275774,22.75511],[120.273918,22.753705],[120.274214,22.750726],[120.271597,22.748817],[120.272019,22.747054],[120.271093,22.744607],[120.269445,22.742299],[120.269272,22.740652],[120.267541,22.741911],[120.266741,22.741562],[120.265997,22.741915],[120.264634,22.741249],[120.266232,22.738459],[120.263014,22.735631],[120.263225,22.735115],[120.26507,22.734805],[120.265643,22.734216],[120.265521,22.732737],[120.266527,22.731001],[120.266018,22.729915],[120.266969,22.729762],[120.26933,22.731661],[120.270929,22.730446],[120.275182,22.731683],[120.274951,22.733614],[120.276226,22.733851],[120.277546,22.737911],[120.285047,22.735732],[120.285723,22.737666],[120.289594,22.736714],[120.291259,22.737224],[120.292808,22.736306],[120.292334,22.735238],[120.293732,22.734528],[120.293422,22.733742],[120.295015,22.732756],[120.294899,22.732196],[120.295815,22.731433],[120.295232,22.72944],[120.296576,22.728364],[120.299214,22.732082],[120.299877,22.731885],[120.300013,22.729889],[120.300974,22.729023],[120.303796,22.730404],[120.305394,22.729273],[120.3077,22.72987],[120.310124,22.729798],[120.3114,22.730802],[120.311381,22.731473],[120.309914,22.7331],[120.309799,22.734451],[120.308133,22.735737],[120.308451,22.736379],[120.312468,22.7355],[120.31571,22.737031],[120.317116,22.735466],[120.320079,22.73463],[120.322129,22.734615],[120.322337,22.733881],[120.324601,22.736149],[120.325739,22.735932],[120.323004,22.739556],[120.325815,22.741683],[120.323132,22.744369],[120.326617,22.748161],[120.325893,22.748428],[120.325249,22.749555],[120.326061,22.752327],[120.324844,22.753592],[120.324994,22.755964],[120.326924,22.755956],[120.327357,22.754844],[120.330252,22.755344],[120.331082,22.755081],[120.331812,22.757085],[120.333053,22.756545],[120.334721,22.757191],[120.33654,22.756801],[120.337641,22.757526],[120.335023,22.76034],[120.334731,22.762768],[120.333743,22.763219],[120.333746,22.764409],[120.332585,22.766561],[120.33272,22.768286],[120.329774,22.774621],[120.32326,22.768628],[120.319222,22.769329],[120.316996,22.768754],[120.315095,22.770012],[120.314846,22.770851]]]},"properties":{"code":"64000200","name":"橋頭區","countyCode":"64000","countyName":"高雄市","townCode":"64000200","townName":"橋頭區","level":"town","unassigned":false,"note":"","label":[120.30120084610925,22.753284164081187],"bounds":[120.263014,22.728364,120.337641,22.777727],"focusBounds":[120.263014,22.728364,120.337641,22.777727],"color":"#efb44f","childCount":17}},{"type":"Feature","id":"64000210","geometry":{"type":"Polygon","coordinates":[[[120.418014,22.808465],[120.416038,22.810675],[120.412894,22.810664],[120.412116,22.8111],[120.409948,22.813072],[120.410215,22.814883],[120.409492,22.815706],[120.404181,22.815306],[120.401689,22.816484],[120.401032,22.816039],[120.399796,22.816548],[120.398062,22.815847],[120.396516,22.813955],[120.395701,22.814622],[120.395726,22.817326],[120.394274,22.817201],[120.392853,22.817853],[120.391887,22.817582],[120.390267,22.818676],[120.389044,22.818662],[120.387924,22.817744],[120.386625,22.819394],[120.384708,22.820718],[120.383871,22.820331],[120.382881,22.818703],[120.381909,22.819783],[120.380878,22.81986],[120.380288,22.821608],[120.379332,22.821926],[120.379138,22.822868],[120.377904,22.824077],[120.378108,22.824834],[120.375782,22.825017],[120.375991,22.82603],[120.374693,22.825363],[120.373417,22.82562],[120.371461,22.824237],[120.370184,22.825523],[120.368779,22.825166],[120.368276,22.826124],[120.366459,22.826187],[120.364997,22.828349],[120.363342,22.826791],[120.362919,22.825522],[120.361897,22.825394],[120.361313,22.826646],[120.360165,22.827116],[120.358061,22.83121],[120.356481,22.830253],[120.354077,22.830388],[120.352921,22.829544],[120.350323,22.826852],[120.350845,22.825381],[120.350845,22.824802],[120.348833,22.824803],[120.348589,22.823872],[120.346901,22.823228],[120.347746,22.82246],[120.34717,22.821821],[120.348226,22.82025],[120.348542,22.818616],[120.350065,22.817338],[120.349376,22.816586],[120.350385,22.815083],[120.348706,22.812713],[120.347643,22.812952],[120.34765,22.811519],[120.346004,22.81174],[120.344818,22.812634],[120.343738,22.811681],[120.344334,22.808483],[120.342693,22.808618],[120.340497,22.810222],[120.339169,22.808816],[120.338029,22.809429],[120.336857,22.809188],[120.336111,22.808294],[120.334516,22.807751],[120.331822,22.804696],[120.329869,22.805043],[120.328664,22.80432],[120.327926,22.80171],[120.328275,22.800979],[120.329122,22.800958],[120.328357,22.800377],[120.327209,22.800428],[120.326169,22.802384],[120.325145,22.803168],[120.326224,22.803966],[120.326232,22.804951],[120.324181,22.805197],[120.324205,22.802721],[120.322961,22.801556],[120.322571,22.800301],[120.320492,22.801148],[120.320027,22.800872],[120.319751,22.79864],[120.318516,22.795669],[120.317266,22.794703],[120.315061,22.794989],[120.314602,22.794661],[120.313528,22.791181],[120.314367,22.789759],[120.314223,22.788809],[120.315219,22.787571],[120.316781,22.787859],[120.316335,22.785963],[120.316937,22.785442],[120.316383,22.783676],[120.317168,22.780266],[120.315858,22.779949],[120.315809,22.778761],[120.315053,22.778177],[120.316439,22.777146],[120.317394,22.775181],[120.317032,22.774615],[120.315301,22.774114],[120.314846,22.770851],[120.315095,22.770012],[120.316996,22.768754],[120.319222,22.769329],[120.32326,22.768628],[120.329774,22.774621],[120.33272,22.768286],[120.332585,22.766561],[120.333746,22.764409],[120.333743,22.763219],[120.334731,22.762768],[120.335023,22.76034],[120.337641,22.757526],[120.33654,22.756801],[120.334721,22.757191],[120.333053,22.756545],[120.331812,22.757085],[120.331082,22.755081],[120.332431,22.752342],[120.332964,22.752031],[120.334358,22.752426],[120.334761,22.749444],[120.336103,22.749039],[120.337197,22.749168],[120.339028,22.747466],[120.339612,22.747827],[120.341246,22.749849],[120.340652,22.753236],[120.341741,22.753887],[120.34411,22.752952],[120.343296,22.755085],[120.343994,22.755808],[120.344918,22.755574],[120.346696,22.752902],[120.347536,22.75272],[120.348326,22.751617],[120.354394,22.752885],[120.357202,22.751834],[120.361473,22.751158],[120.366666,22.751544],[120.367913,22.74979],[120.369941,22.752054],[120.369442,22.75309],[120.370139,22.75352],[120.372589,22.753064],[120.373574,22.751124],[120.37402,22.751553],[120.374422,22.755119],[120.375273,22.75573],[120.378082,22.755942],[120.378414,22.75718],[120.380208,22.756776],[120.38027,22.758662],[120.38214,22.759193],[120.383371,22.760475],[120.383767,22.763314],[120.386873,22.763188],[120.388483,22.762083],[120.389823,22.762858],[120.391033,22.764775],[120.393362,22.761907],[120.394212,22.762246],[120.395802,22.761783],[120.396682,22.760429],[120.397817,22.761013],[120.397967,22.76166],[120.398979,22.761716],[120.39888,22.763497],[120.401114,22.765738],[120.402769,22.766064],[120.403623,22.765741],[120.404913,22.766462],[120.407731,22.763045],[120.407387,22.761127],[120.40799,22.760774],[120.408419,22.761525],[120.409165,22.761361],[120.409967,22.759912],[120.409831,22.75907],[120.411849,22.758061],[120.412856,22.758993],[120.413747,22.761136],[120.417276,22.764321],[120.417375,22.765809],[120.416148,22.766742],[120.41613,22.768311],[120.416537,22.76973],[120.417564,22.77044],[120.418467,22.772042],[120.418984,22.774609],[120.420861,22.77401],[120.422321,22.774919],[120.424542,22.774873],[120.426098,22.775802],[120.42632,22.777105],[120.428524,22.777792],[120.428001,22.778698],[120.430285,22.781941],[120.431765,22.786367],[120.429888,22.787074],[120.429091,22.788074],[120.429043,22.789193],[120.42655,22.791379],[120.425473,22.791111],[120.42518,22.791853],[120.423668,22.792164],[120.423115,22.793223],[120.421821,22.793841],[120.422262,22.796042],[120.422975,22.796573],[120.422745,22.79739],[120.420332,22.800015],[120.420467,22.801198],[120.419599,22.802359],[120.419711,22.803109],[120.416429,22.804982],[120.415389,22.806195],[120.418014,22.808465]]]},"properties":{"code":"64000210","name":"燕巢區","countyCode":"64000","countyName":"高雄市","townCode":"64000210","townName":"燕巢區","level":"town","unassigned":false,"note":"","label":[120.36968621976871,22.788583325353137],"bounds":[120.313528,22.747466,120.431765,22.83121],"focusBounds":[120.313528,22.747466,120.431765,22.83121],"color":"#78a7e3","childCount":11}},{"type":"Feature","id":"64000220","geometry":{"type":"Polygon","coordinates":[[[120.408681,22.912338],[120.406317,22.914648],[120.405333,22.918158],[120.401106,22.91852],[120.400439,22.919032],[120.399855,22.921449],[120.399185,22.922161],[120.395906,22.92274],[120.390813,22.921732],[120.389243,22.920319],[120.388641,22.920641],[120.386802,22.91826],[120.384259,22.919246],[120.383952,22.920128],[120.383156,22.919956],[120.381548,22.92111],[120.381815,22.919905],[120.38055,22.920189],[120.380169,22.918455],[120.377289,22.917981],[120.37722,22.916835],[120.376405,22.915981],[120.376513,22.914348],[120.374011,22.914254],[120.373169,22.912439],[120.371739,22.91277],[120.371214,22.912343],[120.371711,22.910822],[120.373138,22.909326],[120.372357,22.907912],[120.372488,22.906636],[120.371615,22.906462],[120.371423,22.90702],[120.370718,22.907097],[120.36899,22.90572],[120.368148,22.903902],[120.367322,22.905178],[120.366292,22.905067],[120.365511,22.903918],[120.365986,22.902233],[120.364152,22.901774],[120.363359,22.902304],[120.362465,22.901996],[120.361903,22.90091],[120.361374,22.901354],[120.361504,22.902051],[120.360794,22.901483],[120.359468,22.90142],[120.359227,22.900227],[120.359672,22.899784],[120.360481,22.899657],[120.361614,22.90051],[120.361083,22.897805],[120.357975,22.895856],[120.356895,22.892921],[120.356196,22.892821],[120.3554,22.893935],[120.354497,22.892685],[120.355434,22.891948],[120.353287,22.892381],[120.353279,22.891147],[120.354855,22.890924],[120.355167,22.890429],[120.351731,22.889097],[120.351978,22.887502],[120.351097,22.888224],[120.34963,22.886628],[120.348956,22.884261],[120.350431,22.882257],[120.352679,22.882755],[120.353863,22.883983],[120.352216,22.885789],[120.352738,22.886945],[120.35625,22.886662],[120.356856,22.886108],[120.356093,22.883011],[120.357681,22.882216],[120.357885,22.880944],[120.355138,22.879989],[120.354796,22.878462],[120.356396,22.876425],[120.356906,22.874397],[120.355206,22.871351],[120.352356,22.869268],[120.351849,22.867668],[120.350138,22.866676],[120.349702,22.86429],[120.348079,22.861171],[120.348468,22.86016],[120.346789,22.858548],[120.34528,22.855107],[120.345447,22.853816],[120.344054,22.850901],[120.344576,22.846791],[120.344107,22.842155],[120.345048,22.84009],[120.346381,22.839052],[120.347235,22.832992],[120.347902,22.831587],[120.345763,22.829841],[120.343241,22.829759],[120.342114,22.828507],[120.342898,22.827623],[120.344678,22.828084],[120.346957,22.82751],[120.347781,22.828047],[120.349447,22.825845],[120.350845,22.825381],[120.350323,22.826852],[120.352921,22.829544],[120.354077,22.830388],[120.356481,22.830253],[120.358061,22.83121],[120.360165,22.827116],[120.361313,22.826646],[120.361897,22.825394],[120.362919,22.825522],[120.363342,22.826791],[120.364997,22.828349],[120.366459,22.826187],[120.368276,22.826124],[120.368779,22.825166],[120.370184,22.825523],[120.371461,22.824237],[120.373417,22.82562],[120.374693,22.825363],[120.375991,22.82603],[120.375782,22.825017],[120.378108,22.824834],[120.377904,22.824077],[120.379138,22.822868],[120.379332,22.821926],[120.380288,22.821608],[120.380878,22.81986],[120.381909,22.819783],[120.382881,22.818703],[120.383871,22.820331],[120.384708,22.820718],[120.386625,22.819394],[120.387924,22.817744],[120.389044,22.818662],[120.390267,22.818676],[120.391887,22.817582],[120.392853,22.817853],[120.394274,22.817201],[120.395726,22.817326],[120.395701,22.814622],[120.396516,22.813955],[120.398062,22.815847],[120.399796,22.816548],[120.401032,22.816039],[120.401689,22.816484],[120.404181,22.815306],[120.409492,22.815706],[120.410215,22.814883],[120.409948,22.813072],[120.412116,22.8111],[120.412894,22.810664],[120.416038,22.810675],[120.418014,22.808465],[120.418751,22.808678],[120.421167,22.811534],[120.421814,22.816261],[120.423926,22.819129],[120.424767,22.819175],[120.425312,22.818556],[120.426772,22.819701],[120.427442,22.821782],[120.42689,22.8246],[120.430586,22.825949],[120.432975,22.830286],[120.432953,22.832063],[120.433754,22.831925],[120.434952,22.832652],[120.437446,22.835813],[120.439243,22.83659],[120.439939,22.838005],[120.443702,22.839732],[120.444568,22.842415],[120.446784,22.843701],[120.447492,22.846207],[120.449673,22.847644],[120.44808,22.850064],[120.446787,22.850727],[120.445191,22.854455],[120.444748,22.85634],[120.445126,22.857392],[120.44419,22.858668],[120.444401,22.859879],[120.443084,22.860873],[120.442981,22.862483],[120.443904,22.864511],[120.446182,22.866335],[120.444685,22.866756],[120.444228,22.867777],[120.443139,22.868149],[120.443408,22.869837],[120.444576,22.870186],[120.44692,22.872172],[120.448456,22.874321],[120.446552,22.8751],[120.444849,22.878109],[120.442895,22.87915],[120.443084,22.880995],[120.442607,22.882293],[120.443033,22.885576],[120.442498,22.886118],[120.441971,22.885935],[120.441619,22.886718],[120.438888,22.885562],[120.435848,22.885896],[120.4339,22.886841],[120.433011,22.886599],[120.432553,22.891329],[120.430108,22.894289],[120.429638,22.896014],[120.428014,22.895084],[120.427557,22.893743],[120.427301,22.894339],[120.426548,22.893419],[120.425702,22.893679],[120.424414,22.892802],[120.423239,22.893888],[120.422365,22.893103],[120.422615,22.894914],[120.423226,22.895323],[120.422676,22.896063],[120.423724,22.89647],[120.423431,22.897176],[120.423871,22.898292],[120.42376,22.8996],[120.422863,22.899772],[120.423016,22.900307],[120.421678,22.899372],[120.421281,22.900914],[120.421859,22.901994],[120.421176,22.902722],[120.421922,22.902897],[120.421862,22.903269],[120.420697,22.903772],[120.420186,22.903155],[120.419193,22.904111],[120.419386,22.90527],[120.418726,22.905745],[120.41806,22.904807],[120.417033,22.904947],[120.416509,22.904373],[120.417004,22.906209],[120.41662,22.906915],[120.417285,22.90848],[120.416123,22.909981],[120.414253,22.909353],[120.413644,22.907664],[120.409852,22.909685],[120.407938,22.909844],[120.407891,22.911316],[120.408681,22.912338]]]},"properties":{"code":"64000220","name":"田寮區","countyCode":"64000","countyName":"高雄市","townCode":"64000220","townName":"田寮區","level":"town","unassigned":false,"note":"","label":[120.39587641235627,22.863563289717025],"bounds":[120.342114,22.808465,120.449673,22.92274],"focusBounds":[120.342114,22.808465,120.449673,22.92274],"color":"#dd8590","childCount":10}},{"type":"Feature","id":"64000230","geometry":{"type":"Polygon","coordinates":[[[120.316485,22.898444],[120.313521,22.899916],[120.309111,22.90057],[120.301709,22.900586],[120.285332,22.904578],[120.279871,22.904882],[120.278109,22.904511],[120.277755,22.903917],[120.277833,22.901908],[120.279607,22.896838],[120.279496,22.896294],[120.278186,22.896182],[120.278078,22.895202],[120.278891,22.894399],[120.283069,22.89323],[120.286472,22.893291],[120.287999,22.892105],[120.288148,22.889878],[120.289226,22.888249],[120.288699,22.887003],[120.289098,22.885645],[120.291172,22.88654],[120.292466,22.886161],[120.292348,22.88219],[120.299856,22.881688],[120.300169,22.883751],[120.301821,22.883341],[120.301897,22.88195],[120.30395,22.881684],[120.304487,22.881165],[120.30406,22.878009],[120.304901,22.876391],[120.305207,22.873877],[120.303669,22.872546],[120.304498,22.871434],[120.30414,22.866657],[120.304444,22.865989],[120.306021,22.865162],[120.306826,22.862061],[120.30474,22.857281],[120.305991,22.854332],[120.305992,22.852491],[120.305503,22.851643],[120.303716,22.851642],[120.298952,22.849053],[120.297456,22.845195],[120.297352,22.843622],[120.29359,22.842142],[120.294,22.839638],[120.294388,22.840114],[120.295306,22.840088],[120.298601,22.839299],[120.299746,22.838823],[120.30039,22.837119],[120.303175,22.837105],[120.307588,22.834576],[120.308477,22.836964],[120.312884,22.837002],[120.313142,22.836242],[120.317381,22.836331],[120.319764,22.841575],[120.320181,22.841342],[120.320045,22.84048],[120.32143,22.839438],[120.322042,22.839884],[120.325109,22.838658],[120.326004,22.839256],[120.327523,22.838499],[120.327766,22.837644],[120.329416,22.83676],[120.32987,22.835351],[120.334757,22.835315],[120.336479,22.836641],[120.339351,22.836262],[120.340909,22.83685],[120.344107,22.842155],[120.344576,22.846791],[120.344054,22.850901],[120.345447,22.853816],[120.34528,22.855107],[120.346789,22.858548],[120.348468,22.86016],[120.348079,22.861171],[120.349702,22.86429],[120.350138,22.866676],[120.351849,22.867668],[120.352356,22.869268],[120.355206,22.871351],[120.356906,22.874397],[120.356396,22.876425],[120.354796,22.878462],[120.355138,22.879989],[120.357885,22.880944],[120.357681,22.882216],[120.356093,22.883011],[120.356856,22.886108],[120.35625,22.886662],[120.352738,22.886945],[120.352216,22.885789],[120.353863,22.883983],[120.352679,22.882755],[120.350431,22.882257],[120.348956,22.884261],[120.34963,22.886628],[120.351097,22.888224],[120.350519,22.889706],[120.349089,22.890573],[120.345137,22.889437],[120.332265,22.889324],[120.330461,22.891193],[120.32704,22.898459],[120.32488,22.90046],[120.32412,22.900326],[120.320076,22.894995],[120.318778,22.8955],[120.316485,22.898444]]]},"properties":{"code":"64000230","name":"阿蓮區","countyCode":"64000","countyName":"高雄市","townCode":"64000230","townName":"阿蓮區","level":"town","unassigned":false,"note":"","label":[120.3271844814382,22.868410619080557],"bounds":[120.277755,22.834576,120.357885,22.904882],"focusBounds":[120.277755,22.834576,120.357885,22.904882],"color":"#a49ad4","childCount":12}},{"type":"Feature","id":"64000240","geometry":{"type":"Polygon","coordinates":[[[120.278186,22.896182],[120.276412,22.896081],[120.276553,22.895489],[120.274054,22.895249],[120.269842,22.896695],[120.260535,22.901755],[120.258775,22.901865],[120.257513,22.901198],[120.256829,22.899541],[120.258781,22.896862],[120.258771,22.895338],[120.260883,22.890692],[120.260702,22.889217],[120.259676,22.887494],[120.259612,22.88556],[120.255154,22.884495],[120.252568,22.884424],[120.25258,22.877054],[120.253937,22.873854],[120.252144,22.87406],[120.25192,22.873067],[120.250951,22.872297],[120.249056,22.872105],[120.248619,22.871543],[120.24718,22.871341],[120.244553,22.872065],[120.24363,22.871564],[120.24384,22.870606],[120.241703,22.869607],[120.241735,22.868816],[120.240378,22.868301],[120.239312,22.869232],[120.237949,22.869113],[120.236869,22.870668],[120.233068,22.868237],[120.232418,22.868869],[120.230961,22.868287],[120.227631,22.872632],[120.225194,22.872809],[120.222736,22.872276],[120.221317,22.870855],[120.219934,22.870638],[120.218486,22.870567],[120.216743,22.867106],[120.217589,22.866739],[120.21738,22.865769],[120.220588,22.864573],[120.219423,22.862352],[120.218741,22.857342],[120.213385,22.851152],[120.220002,22.84674],[120.223759,22.845496],[120.226755,22.83918],[120.229509,22.840299],[120.229026,22.842243],[120.231864,22.838974],[120.236297,22.839972],[120.237584,22.839143],[120.238902,22.838068],[120.239264,22.83532],[120.240134,22.835739],[120.240671,22.834837],[120.240229,22.834272],[120.240994,22.832204],[120.241653,22.832224],[120.241826,22.831642],[120.242676,22.831734],[120.243392,22.829271],[120.247664,22.829329],[120.249541,22.830014],[120.250291,22.829043],[120.255019,22.831474],[120.256955,22.828273],[120.253844,22.826625],[120.254746,22.824988],[120.25813,22.824441],[120.258163,22.823969],[120.268189,22.82247],[120.266941,22.821453],[120.266936,22.820267],[120.270318,22.820517],[120.274555,22.816681],[120.279455,22.816957],[120.280535,22.818545],[120.283454,22.818788],[120.283886,22.822865],[120.284489,22.823895],[120.285436,22.824355],[120.287162,22.824041],[120.291176,22.826667],[120.293713,22.827329],[120.295152,22.828991],[120.292842,22.8323],[120.291478,22.833105],[120.292095,22.836505],[120.293377,22.837364],[120.294,22.839638],[120.29359,22.842142],[120.297352,22.843622],[120.297456,22.845195],[120.298952,22.849053],[120.303716,22.851642],[120.305503,22.851643],[120.305992,22.852491],[120.305991,22.854332],[120.30474,22.857281],[120.306826,22.862061],[120.306021,22.865162],[120.304444,22.865989],[120.30414,22.866657],[120.304498,22.871434],[120.303669,22.872546],[120.305207,22.873877],[120.304901,22.876391],[120.30406,22.878009],[120.304487,22.881165],[120.30395,22.881684],[120.301897,22.88195],[120.301821,22.883341],[120.300169,22.883751],[120.299856,22.881688],[120.292348,22.88219],[120.292466,22.886161],[120.291172,22.88654],[120.289098,22.885645],[120.288699,22.887003],[120.289226,22.888249],[120.288148,22.889878],[120.287999,22.892105],[120.286472,22.893291],[120.283069,22.89323],[120.278891,22.894399],[120.278078,22.895202],[120.278186,22.896182]]]},"properties":{"code":"64000240","name":"路竹區","countyCode":"64000","countyName":"高雄市","townCode":"64000240","townName":"路竹區","level":"town","unassigned":false,"note":"","label":[120.2705478928063,22.854133608572397],"bounds":[120.213385,22.816681,120.306826,22.901865],"focusBounds":[120.213385,22.816681,120.306826,22.901865],"color":"#a8bf62","childCount":20}},{"type":"Feature","id":"64000250","geometry":{"type":"Polygon","coordinates":[[[120.258771,22.895338],[120.256471,22.894014],[120.2531,22.89463],[120.247609,22.898188],[120.242863,22.903512],[120.23291,22.905547],[120.231571,22.908664],[120.231694,22.915397],[120.230422,22.916691],[120.228473,22.916975],[120.226657,22.916278],[120.221026,22.909993],[120.218111,22.909623],[120.213291,22.911029],[120.208071,22.915239],[120.204738,22.914668],[120.202353,22.915441],[120.195861,22.919615],[120.192056,22.921194],[120.191011,22.920455],[120.189179,22.92069],[120.187745,22.920235],[120.189863,22.918113],[120.190509,22.913418],[120.19203,22.911123],[120.198664,22.907921],[120.199987,22.906779],[120.199154,22.906655],[120.199804,22.901073],[120.197586,22.900813],[120.197392,22.9027],[120.196565,22.902418],[120.197536,22.900718],[120.196893,22.898354],[120.19783,22.893841],[120.199825,22.889294],[120.202,22.887598],[120.203031,22.887495],[120.204532,22.891799],[120.20417,22.892538],[120.20496,22.893275],[120.207147,22.893489],[120.209766,22.890811],[120.21073,22.888162],[120.21028,22.886246],[120.207603,22.884621],[120.204959,22.884295],[120.203757,22.882288],[120.206537,22.88391],[120.20954,22.88228],[120.211226,22.882551],[120.218202,22.881483],[120.218472,22.871291],[120.21997,22.871232],[120.219934,22.870638],[120.221317,22.870855],[120.222736,22.872276],[120.225194,22.872809],[120.227631,22.872632],[120.230961,22.868287],[120.232418,22.868869],[120.233068,22.868237],[120.236869,22.870668],[120.237949,22.869113],[120.239312,22.869232],[120.240378,22.868301],[120.241735,22.868816],[120.241703,22.869607],[120.24384,22.870606],[120.24363,22.871564],[120.244553,22.872065],[120.24718,22.871341],[120.248619,22.871543],[120.249056,22.872105],[120.250951,22.872297],[120.25192,22.873067],[120.252144,22.87406],[120.253937,22.873854],[120.25258,22.877054],[120.252568,22.884424],[120.255154,22.884495],[120.259612,22.88556],[120.259676,22.887494],[120.260702,22.889217],[120.260883,22.890692],[120.258771,22.895338]]]},"properties":{"code":"64000250","name":"湖內區","countyCode":"64000","countyName":"高雄市","townCode":"64000250","townName":"湖內區","level":"town","unassigned":false,"note":"","label":[120.23503850192984,22.8873045935088],"bounds":[120.187745,22.868237,120.260883,22.921194],"focusBounds":[120.187745,22.868237,120.260883,22.921194],"color":"#68bec9","childCount":14}},{"type":"Feature","id":"64000260","geometry":{"type":"Polygon","coordinates":[[[120.219934,22.870638],[120.21997,22.871232],[120.218472,22.871291],[120.218202,22.881483],[120.211226,22.882551],[120.20954,22.88228],[120.206537,22.88391],[120.203757,22.882288],[120.204959,22.884295],[120.207603,22.884621],[120.21028,22.886246],[120.21073,22.888162],[120.209766,22.890811],[120.207147,22.893489],[120.20496,22.893275],[120.20417,22.892538],[120.204532,22.891799],[120.203031,22.887495],[120.202,22.887598],[120.199825,22.889294],[120.19783,22.893841],[120.196893,22.898354],[120.197536,22.900718],[120.196565,22.902418],[120.197392,22.9027],[120.197586,22.900813],[120.199804,22.901073],[120.199154,22.906655],[120.199987,22.906779],[120.198664,22.907921],[120.19203,22.911123],[120.190509,22.913418],[120.189863,22.918113],[120.187745,22.920235],[120.181451,22.916361],[120.17675,22.912338],[120.174749,22.911704],[120.174747,22.910016],[120.180203,22.895355],[120.184036,22.887755],[120.188964,22.875959],[120.188683,22.875602],[120.190083,22.873379],[120.191902,22.868075],[120.191473,22.867921],[120.192212,22.867177],[120.192103,22.865726],[120.192783,22.86522],[120.192858,22.864775],[120.19021,22.863904],[120.189701,22.860691],[120.191349,22.859845],[120.193115,22.859966],[120.193327,22.859358],[120.189199,22.858382],[120.189396,22.857975],[120.191588,22.858329],[120.192383,22.857721],[120.192914,22.856373],[120.19111,22.855381],[120.192955,22.856284],[120.195336,22.850186],[120.196798,22.85053],[120.200272,22.854033],[120.203633,22.854776],[120.207211,22.854822],[120.213385,22.851152],[120.218741,22.857342],[120.219423,22.862352],[120.220588,22.864573],[120.21738,22.865769],[120.217589,22.866739],[120.216743,22.867106],[120.218486,22.870567],[120.219934,22.870638]]]},"properties":{"code":"64000260","name":"茄萣區","countyCode":"64000","countyName":"高雄市","townCode":"64000260","townName":"茄萣區","level":"town","unassigned":false,"note":"","label":[120.20392081612555,22.86962331360535],"bounds":[120.174747,22.850186,120.220588,22.920235],"focusBounds":[120.174747,22.850186,120.220588,22.920235],"color":"#df9f6a","childCount":15}},{"type":"Feature","id":"64000270","geometry":{"type":"Polygon","coordinates":[[[120.254746,22.824988],[120.253844,22.826625],[120.256955,22.828273],[120.255019,22.831474],[120.250291,22.829043],[120.249541,22.830014],[120.247664,22.829329],[120.243392,22.829271],[120.242676,22.831734],[120.241826,22.831642],[120.241653,22.832224],[120.240994,22.832204],[120.240229,22.834272],[120.240671,22.834837],[120.240134,22.835739],[120.239264,22.83532],[120.238902,22.838068],[120.237584,22.839143],[120.236297,22.839972],[120.231864,22.838974],[120.229026,22.842243],[120.229509,22.840299],[120.226755,22.83918],[120.223759,22.845496],[120.220002,22.84674],[120.213385,22.851152],[120.207211,22.854822],[120.203633,22.854776],[120.200272,22.854033],[120.196798,22.85053],[120.195336,22.850186],[120.193013,22.848172],[120.196517,22.844746],[120.198084,22.844607],[120.189807,22.841746],[120.198393,22.844451],[120.198146,22.843562],[120.199033,22.843519],[120.201314,22.8387],[120.200452,22.838463],[120.205157,22.825226],[120.206229,22.825432],[120.207246,22.822907],[120.207204,22.821067],[120.206168,22.820757],[120.205983,22.820154],[120.190284,22.815384],[120.190156,22.813586],[120.193319,22.80744],[120.197907,22.805246],[120.21233,22.807611],[120.214228,22.804854],[120.215384,22.804163],[120.215495,22.803455],[120.215987,22.80404],[120.216813,22.803775],[120.217488,22.804327],[120.219243,22.804509],[120.223,22.802718],[120.22804,22.801746],[120.229166,22.802255],[120.231208,22.802265],[120.237139,22.798237],[120.238202,22.796887],[120.240468,22.795967],[120.244447,22.795358],[120.244958,22.796385],[120.243693,22.797373],[120.245792,22.797875],[120.250177,22.797129],[120.253361,22.795446],[120.256486,22.795412],[120.26152,22.796995],[120.260969,22.799481],[120.261969,22.800309],[120.261356,22.802271],[120.262887,22.802753],[120.259063,22.809132],[120.254944,22.806559],[120.254102,22.807392],[120.253913,22.808721],[120.253125,22.808762],[120.252984,22.809823],[120.255232,22.811412],[120.256517,22.814051],[120.255154,22.817272],[120.253201,22.818134],[120.253258,22.821058],[120.255497,22.823709],[120.254746,22.824988]]]},"properties":{"code":"64000270","name":"永安區","countyCode":"64000","countyName":"高雄市","townCode":"64000270","townName":"永安區","level":"town","unassigned":false,"note":"","label":[120.22624789366155,22.821170576474188],"bounds":[120.189807,22.795358,120.262887,22.854822],"focusBounds":[120.189807,22.795358,120.262887,22.854822],"color":"#c38cb8","childCount":6}},{"type":"Feature","id":"64000280","geometry":{"type":"Polygon","coordinates":[[[120.256486,22.795412],[120.253361,22.795446],[120.250177,22.797129],[120.245792,22.797875],[120.243693,22.797373],[120.244958,22.796385],[120.244447,22.795358],[120.240468,22.795967],[120.238202,22.796887],[120.237139,22.798237],[120.231208,22.802265],[120.229166,22.802255],[120.22804,22.801746],[120.223,22.802718],[120.219243,22.804509],[120.217488,22.804327],[120.216813,22.803775],[120.215987,22.80404],[120.215495,22.803455],[120.220603,22.790536],[120.23236,22.766068],[120.232405,22.762525],[120.233049,22.762742],[120.230935,22.761926],[120.23124,22.760726],[120.232916,22.759979],[120.234041,22.760367],[120.234612,22.759866],[120.243157,22.743923],[120.244763,22.745582],[120.242993,22.747077],[120.244238,22.748552],[120.243665,22.749532],[120.244084,22.751279],[120.243071,22.751545],[120.243427,22.753677],[120.244814,22.753583],[120.245153,22.75131],[120.246578,22.750837],[120.246751,22.754172],[120.24922,22.754231],[120.250484,22.756439],[120.249456,22.759662],[120.250871,22.760491],[120.250585,22.76386],[120.251901,22.764518],[120.253783,22.767699],[120.254966,22.768203],[120.254633,22.769302],[120.258769,22.770202],[120.258482,22.772621],[120.262072,22.775692],[120.25944,22.77891],[120.258185,22.778397],[120.257668,22.779035],[120.255118,22.778824],[120.254819,22.780143],[120.255722,22.780356],[120.254942,22.781895],[120.254954,22.783646],[120.252328,22.789393],[120.252429,22.790787],[120.254353,22.791219],[120.254497,22.793539],[120.256534,22.794089],[120.256486,22.795412]]]},"properties":{"code":"64000280","name":"彌陀區","countyCode":"64000","countyName":"高雄市","townCode":"64000280","townName":"彌陀區","level":"town","unassigned":false,"note":"","label":[120.24097799691903,22.780407450418682],"bounds":[120.215495,22.743923,120.262072,22.804509],"focusBounds":[120.215495,22.743923,120.262072,22.804509],"color":"#98b69b","childCount":12}},{"type":"Feature","id":"64000290","geometry":{"type":"Polygon","coordinates":[[[120.274799,22.767112],[120.274059,22.769497],[120.269578,22.770755],[120.269093,22.767672],[120.267182,22.767539],[120.266937,22.770765],[120.263447,22.768889],[120.262935,22.770239],[120.258769,22.770202],[120.254633,22.769302],[120.254966,22.768203],[120.253783,22.767699],[120.251901,22.764518],[120.250585,22.76386],[120.250871,22.760491],[120.249456,22.759662],[120.250484,22.756439],[120.24922,22.754231],[120.246751,22.754172],[120.246578,22.750837],[120.245153,22.75131],[120.244814,22.753583],[120.243427,22.753677],[120.243071,22.751545],[120.244084,22.751279],[120.243665,22.749532],[120.244238,22.748552],[120.242993,22.747077],[120.244763,22.745582],[120.243157,22.743923],[120.245426,22.738813],[120.245329,22.737659],[120.250337,22.727878],[120.250357,22.726839],[120.24933,22.725676],[120.24985,22.724206],[120.251364,22.723705],[120.25303,22.723904],[120.254952,22.719559],[120.25628,22.718535],[120.263301,22.72766],[120.266018,22.729915],[120.266527,22.731001],[120.265521,22.732737],[120.265643,22.734216],[120.26507,22.734805],[120.263225,22.735115],[120.263014,22.735631],[120.266232,22.738459],[120.264634,22.741249],[120.265997,22.741915],[120.266741,22.741562],[120.267541,22.741911],[120.269272,22.740652],[120.269445,22.742299],[120.271093,22.744607],[120.272019,22.747054],[120.271597,22.748817],[120.274214,22.750726],[120.273918,22.753705],[120.275774,22.75511],[120.276212,22.758364],[120.275811,22.761409],[120.274292,22.763299],[120.275314,22.76523],[120.274506,22.766196],[120.274799,22.767112]]]},"properties":{"code":"64000290","name":"梓官區","countyCode":"64000","countyName":"高雄市","townCode":"64000290","townName":"梓官區","level":"town","unassigned":false,"note":"","label":[120.25901381493217,22.749942855751236],"bounds":[120.242993,22.718535,120.276212,22.770765],"focusBounds":[120.242993,22.718535,120.276212,22.770765],"color":"#78a7e3","childCount":15}},{"type":"Feature","id":"64000300","geometry":{"type":"Polygon","coordinates":[[[120.516527,22.91131],[120.516335,22.91361],[120.514441,22.915781],[120.516352,22.916594],[120.516966,22.918653],[120.519308,22.921427],[120.520103,22.924149],[120.52393,22.92908],[120.522666,22.932072],[120.519372,22.93689],[120.519199,22.939417],[120.520524,22.940184],[120.521064,22.941972],[120.52072,22.943375],[120.519221,22.945497],[120.519034,22.94744],[120.520101,22.950584],[120.521516,22.95145],[120.523411,22.951491],[120.524135,22.952162],[120.522316,22.961352],[120.523642,22.964999],[120.524895,22.967069],[120.527025,22.968603],[120.529229,22.973443],[120.528718,22.975877],[120.527093,22.977524],[120.524541,22.978745],[120.522214,22.978002],[120.52089,22.978869],[120.52091,22.979907],[120.520281,22.980101],[120.519517,22.97991],[120.519157,22.97805],[120.517983,22.977601],[120.516723,22.977893],[120.515363,22.976938],[120.51478,22.977181],[120.51182,22.975811],[120.511137,22.974955],[120.509558,22.96974],[120.509387,22.968299],[120.510137,22.967448],[120.509472,22.965544],[120.508512,22.964571],[120.509925,22.962166],[120.509375,22.960808],[120.510801,22.958423],[120.510449,22.957275],[120.50688,22.955407],[120.503463,22.951509],[120.502004,22.951647],[120.500536,22.950743],[120.500731,22.949925],[120.499848,22.949702],[120.498435,22.948226],[120.499325,22.946562],[120.499167,22.943564],[120.499692,22.94289],[120.497888,22.940351],[120.497857,22.936906],[120.496073,22.934674],[120.495798,22.933136],[120.49512,22.933161],[120.494283,22.931836],[120.492333,22.931706],[120.491055,22.932026],[120.490303,22.933322],[120.489923,22.93238],[120.487059,22.933249],[120.484852,22.936853],[120.484248,22.938946],[120.48307,22.940013],[120.482898,22.938012],[120.481567,22.935655],[120.481079,22.931886],[120.481447,22.930172],[120.483312,22.928309],[120.48293,22.925675],[120.479738,22.923652],[120.481292,22.922301],[120.482004,22.920123],[120.481214,22.917589],[120.479889,22.916837],[120.479882,22.914584],[120.476937,22.912716],[120.47689,22.911476],[120.474767,22.909496],[120.47502,22.908056],[120.473845,22.907226],[120.473904,22.906386],[120.472996,22.906347],[120.471487,22.903571],[120.471722,22.902902],[120.470214,22.901129],[120.469114,22.897431],[120.469917,22.894411],[120.468452,22.892249],[120.467233,22.891395],[120.464154,22.893488],[120.458658,22.888324],[120.458068,22.888701],[120.454439,22.888363],[120.45169,22.886771],[120.449696,22.886914],[120.449099,22.8874],[120.447946,22.886981],[120.446175,22.887248],[120.444132,22.886556],[120.443033,22.885576],[120.442607,22.882293],[120.443084,22.880995],[120.442895,22.87915],[120.444849,22.878109],[120.446552,22.8751],[120.448456,22.874321],[120.44692,22.872172],[120.444576,22.870186],[120.443408,22.869837],[120.443139,22.868149],[120.444228,22.867777],[120.444685,22.866756],[120.446182,22.866335],[120.443904,22.864511],[120.442981,22.862483],[120.443084,22.860873],[120.444401,22.859879],[120.44419,22.858668],[120.445126,22.857392],[120.444748,22.85634],[120.445191,22.854455],[120.446787,22.850727],[120.44808,22.850064],[120.449673,22.847644],[120.447492,22.846207],[120.446784,22.843701],[120.444568,22.842415],[120.443702,22.839732],[120.439939,22.838005],[120.439243,22.83659],[120.437446,22.835813],[120.434952,22.832652],[120.433754,22.831925],[120.432953,22.832063],[120.432975,22.830286],[120.430586,22.825949],[120.42689,22.8246],[120.427442,22.821782],[120.426772,22.819701],[120.425312,22.818556],[120.424767,22.819175],[120.423926,22.819129],[120.421814,22.816261],[120.421167,22.811534],[120.418751,22.808678],[120.418014,22.808465],[120.415389,22.806195],[120.416429,22.804982],[120.419711,22.803109],[120.419599,22.802359],[120.420467,22.801198],[120.420332,22.800015],[120.422745,22.79739],[120.422975,22.796573],[120.422262,22.796042],[120.421821,22.793841],[120.423115,22.793223],[120.423668,22.792164],[120.42518,22.791853],[120.425473,22.791111],[120.42655,22.791379],[120.429043,22.789193],[120.429091,22.788074],[120.429888,22.787074],[120.431765,22.786367],[120.430285,22.781941],[120.428001,22.778698],[120.428524,22.777792],[120.431261,22.774104],[120.436676,22.773584],[120.438886,22.772878],[120.441843,22.773362],[120.444185,22.772546],[120.450641,22.772764],[120.454315,22.771776],[120.455645,22.774416],[120.455964,22.780044],[120.45743,22.785385],[120.464034,22.800288],[120.465499,22.81275],[120.467355,22.815479],[120.46753,22.822351],[120.46919,22.825017],[120.468755,22.830673],[120.471263,22.83287],[120.473966,22.836714],[120.476237,22.838185],[120.477705,22.837866],[120.47881,22.836765],[120.480354,22.837732],[120.481454,22.837592],[120.482127,22.83605],[120.484211,22.835548],[120.48817,22.835802],[120.4908,22.835269],[120.492768,22.835693],[120.491461,22.83696],[120.492738,22.83729],[120.494076,22.836667],[120.496302,22.832654],[120.497692,22.831712],[120.499968,22.831248],[120.503414,22.831731],[120.505251,22.831451],[120.507684,22.835188],[120.507814,22.842085],[120.510332,22.842005],[120.51456,22.843427],[120.51817,22.843379],[120.519579,22.85889],[120.51781,22.859453],[120.517116,22.862357],[120.511181,22.862439],[120.5103,22.862966],[120.507149,22.863208],[120.506008,22.863848],[120.503793,22.863278],[120.501823,22.863495],[120.49943,22.863948],[120.498835,22.864889],[120.495281,22.865098],[120.496085,22.867652],[120.497181,22.868771],[120.49818,22.871109],[120.498749,22.870707],[120.502444,22.871896],[120.502076,22.873091],[120.502808,22.873058],[120.503628,22.874615],[120.501875,22.877665],[120.503235,22.877796],[120.503079,22.88017],[120.504231,22.882429],[120.505263,22.883251],[120.505621,22.886015],[120.507716,22.887026],[120.507154,22.890929],[120.508631,22.894916],[120.50789,22.896181],[120.507083,22.896147],[120.506604,22.897646],[120.505252,22.898535],[120.505635,22.901278],[120.507644,22.90394],[120.50997,22.905637],[120.510625,22.907231],[120.513337,22.909165],[120.515121,22.909371],[120.516527,22.91131]]]},"properties":{"code":"64000300","name":"旗山區","countyCode":"64000","countyName":"高雄市","townCode":"64000300","townName":"旗山區","level":"town","unassigned":false,"note":"","label":[120.47070181860478,22.86186560892289],"bounds":[120.415389,22.771776,120.529229,22.980101],"focusBounds":[120.415389,22.771776,120.529229,22.980101],"color":"#efb44f","childCount":21}},{"type":"Feature","id":"64000310","geometry":{"type":"Polygon","coordinates":[[[120.623665,22.977977],[120.622449,22.977904],[120.619859,22.979008],[120.614405,22.978741],[120.609518,22.979354],[120.608731,22.980743],[120.605493,22.983374],[120.604123,22.981796],[120.604563,22.980955],[120.602657,22.9806],[120.602202,22.980054],[120.600994,22.977415],[120.600247,22.973708],[120.596513,22.973084],[120.593332,22.973301],[120.590711,22.974866],[120.589771,22.974919],[120.585277,22.971165],[120.581981,22.9698],[120.577297,22.964924],[120.574416,22.960567],[120.573612,22.957718],[120.575879,22.955384],[120.576691,22.95303],[120.576073,22.9506],[120.574411,22.949705],[120.574343,22.948222],[120.575149,22.947169],[120.574299,22.944681],[120.572005,22.942394],[120.569909,22.941188],[120.566863,22.940838],[120.565491,22.939935],[120.561451,22.941094],[120.559944,22.940886],[120.556132,22.942355],[120.553824,22.941078],[120.551687,22.940873],[120.549865,22.937766],[120.547786,22.935668],[120.543539,22.934537],[120.540104,22.931882],[120.539146,22.930053],[120.536842,22.927916],[120.537208,22.926253],[120.535841,22.924866],[120.532146,22.924707],[120.530269,22.922438],[120.528151,22.921626],[120.527012,22.916281],[120.524899,22.915596],[120.523046,22.913591],[120.520352,22.913478],[120.516527,22.91131],[120.515121,22.909371],[120.513337,22.909165],[120.510625,22.907231],[120.50997,22.905637],[120.507644,22.90394],[120.505635,22.901278],[120.505252,22.898535],[120.506604,22.897646],[120.507083,22.896147],[120.50789,22.896181],[120.508631,22.894916],[120.507154,22.890929],[120.507716,22.887026],[120.505621,22.886015],[120.505263,22.883251],[120.504231,22.882429],[120.503079,22.88017],[120.503235,22.877796],[120.501875,22.877665],[120.503628,22.874615],[120.502808,22.873058],[120.502076,22.873091],[120.502444,22.871896],[120.498749,22.870707],[120.49818,22.871109],[120.497181,22.868771],[120.496085,22.867652],[120.495281,22.865098],[120.498835,22.864889],[120.49943,22.863948],[120.501823,22.863495],[120.503793,22.863278],[120.506008,22.863848],[120.507149,22.863208],[120.5103,22.862966],[120.511181,22.862439],[120.517116,22.862357],[120.51781,22.859453],[120.519579,22.85889],[120.51817,22.843379],[120.51456,22.843427],[120.510332,22.842005],[120.507814,22.842085],[120.507684,22.835188],[120.505251,22.831451],[120.508941,22.829581],[120.509988,22.828511],[120.515382,22.831518],[120.51994,22.831436],[120.5201,22.832356],[120.522934,22.832941],[120.524652,22.831951],[120.530572,22.832983],[120.529773,22.8317],[120.531005,22.830827],[120.534003,22.830566],[120.536433,22.829266],[120.544063,22.829794],[120.548026,22.828433],[120.553259,22.828403],[120.558021,22.832402],[120.56279,22.834658],[120.566673,22.838336],[120.569588,22.843156],[120.574243,22.847717],[120.595184,22.863604],[120.595589,22.865244],[120.595089,22.867619],[120.594309,22.867937],[120.594216,22.869611],[120.592373,22.872667],[120.592268,22.874107],[120.593443,22.875255],[120.592618,22.876509],[120.59391,22.878892],[120.592973,22.8806],[120.595021,22.881953],[120.595572,22.883762],[120.596823,22.884695],[120.597106,22.885691],[120.596115,22.887471],[120.597445,22.889089],[120.595888,22.892238],[120.596946,22.893508],[120.597072,22.895689],[120.595923,22.896937],[120.597047,22.900934],[120.599099,22.902609],[120.600374,22.905115],[120.596925,22.90735],[120.597908,22.908671],[120.601013,22.909788],[120.602025,22.912023],[120.602097,22.914244],[120.603617,22.916434],[120.603862,22.91768],[120.603514,22.919293],[120.601907,22.920834],[120.603192,22.921738],[120.606203,22.921813],[120.608066,22.922582],[120.609051,22.920948],[120.610375,22.920238],[120.611932,22.919879],[120.613277,22.920301],[120.616121,22.923315],[120.617305,22.929301],[120.616784,22.931204],[120.618127,22.932633],[120.618814,22.934454],[120.620017,22.934912],[120.621962,22.937414],[120.621226,22.939784],[120.622662,22.941469],[120.625649,22.943042],[120.626338,22.944363],[120.625757,22.949361],[120.623964,22.951204],[120.626035,22.955632],[120.626266,22.959641],[120.627104,22.961713],[120.626502,22.96388],[120.628262,22.9709],[120.627431,22.97383],[120.625819,22.976236],[120.623665,22.977977]]]},"properties":{"code":"64000310","name":"美濃區","countyCode":"64000","countyName":"高雄市","townCode":"64000310","townName":"美濃區","level":"town","unassigned":false,"note":"","label":[120.55888899561462,22.896119344771712],"bounds":[120.495281,22.828403,120.628262,22.983374],"focusBounds":[120.495281,22.828403,120.628262,22.983374],"color":"#78a7e3","childCount":19}},{"type":"Feature","id":"64000320","geometry":{"type":"Polygon","coordinates":[[[120.670768,22.982706],[120.673466,22.985936],[120.678114,22.98898],[120.682445,22.990288],[120.684137,22.991332],[120.68842,22.991816],[120.69184,22.994557],[120.693709,22.997593],[120.687965,22.99887],[120.686257,22.999685],[120.680928,23.000195],[120.677868,23.001515],[120.674711,23.003689],[120.677307,23.005042],[120.679612,23.007799],[120.682632,23.009339],[120.684718,23.012755],[120.689433,23.017726],[120.693244,23.020277],[120.698291,23.025454],[120.699595,23.027992],[120.699675,23.031184],[120.700498,23.034714],[120.702857,23.039371],[120.713361,23.043966],[120.716269,23.050981],[120.718983,23.052126],[120.720671,23.054775],[120.722805,23.055218],[120.724169,23.057574],[120.724098,23.058504],[120.72216,23.059517],[120.717679,23.063222],[120.715834,23.066924],[120.713719,23.068364],[120.711999,23.072532],[120.70888,23.073214],[120.70939,23.077387],[120.708917,23.082549],[120.706346,23.088392],[120.708853,23.091225],[120.709562,23.093216],[120.709328,23.098218],[120.713642,23.100455],[120.716756,23.101343],[120.720947,23.100624],[120.726582,23.097843],[120.728915,23.098053],[120.737268,23.104029],[120.741741,23.10951],[120.74206,23.111306],[120.742815,23.111598],[120.743668,23.113962],[120.744728,23.114778],[120.744645,23.117112],[120.745517,23.117753],[120.740145,23.117512],[120.736754,23.118437],[120.733768,23.120823],[120.732006,23.120973],[120.729885,23.119457],[120.727723,23.118843],[120.721318,23.119595],[120.718983,23.119329],[120.716295,23.118256],[120.713664,23.116085],[120.71184,23.11566],[120.710267,23.11549],[120.70746,23.116366],[120.704183,23.119467],[120.700884,23.12474],[120.696673,23.127553],[120.693781,23.131299],[120.69216,23.134457],[120.690407,23.135036],[120.687706,23.134717],[120.683333,23.137189],[120.679758,23.14073],[120.678994,23.139688],[120.675504,23.129238],[120.676999,23.128904],[120.680318,23.126216],[120.682408,23.120751],[120.687629,23.112408],[120.690909,23.111279],[120.693571,23.108966],[120.695037,23.108363],[120.695367,23.106353],[120.693636,23.102254],[120.68769,23.095022],[120.686731,23.092314],[120.685918,23.092208],[120.685695,23.092993],[120.684164,23.092464],[120.684161,23.09348],[120.683146,23.093568],[120.683,23.094454],[120.681722,23.093769],[120.679739,23.094533],[120.67777,23.096655],[120.676632,23.098327],[120.676744,23.099406],[120.67526,23.100912],[120.673371,23.104688],[120.673525,23.105758],[120.674992,23.107922],[120.673623,23.110774],[120.673494,23.112263],[120.667186,23.116766],[120.665817,23.119367],[120.664542,23.118475],[120.662525,23.118218],[120.660348,23.11706],[120.656216,23.11335],[120.655566,23.10896],[120.649803,23.100709],[120.651325,23.096818],[120.649316,23.092861],[120.649632,23.091945],[120.648542,23.091411],[120.645263,23.09221],[120.639852,23.089351],[120.638022,23.088895],[120.636974,23.087763],[120.639498,23.082603],[120.639704,23.078488],[120.637875,23.075308],[120.635795,23.073111],[120.631485,23.071304],[120.629022,23.068084],[120.624251,23.065279],[120.624706,23.063973],[120.626392,23.062692],[120.62304,23.053319],[120.623276,23.05145],[120.624132,23.050665],[120.624994,23.047984],[120.62185,23.047758],[120.62111,23.046017],[120.619413,23.044373],[120.616314,23.042529],[120.614381,23.040082],[120.612108,23.039672],[120.610002,23.037021],[120.608075,23.036298],[120.608699,23.033823],[120.60851,23.031257],[120.612509,23.02976],[120.617753,23.024219],[120.619666,23.02367],[120.621652,23.018813],[120.621233,23.016392],[120.620127,23.014549],[120.62007,23.012734],[120.621148,23.009635],[120.621002,23.007378],[120.621729,23.004801],[120.618939,23.001123],[120.619195,22.999985],[120.618406,22.997793],[120.61962,22.994673],[120.620196,22.990995],[120.619466,22.988915],[120.619817,22.98722],[120.621049,22.985803],[120.621634,22.982722],[120.623665,22.977977],[120.625819,22.976236],[120.627431,22.97383],[120.628262,22.9709],[120.626502,22.96388],[120.627104,22.961713],[120.626266,22.959641],[120.626035,22.955632],[120.623964,22.951204],[120.625757,22.949361],[120.626338,22.944363],[120.625649,22.943042],[120.622662,22.941469],[120.621226,22.939784],[120.621962,22.937414],[120.620017,22.934912],[120.618814,22.934454],[120.618127,22.932633],[120.616784,22.931204],[120.617305,22.929301],[120.616121,22.923315],[120.613277,22.920301],[120.611932,22.919879],[120.610375,22.920238],[120.609051,22.920948],[120.608066,22.922582],[120.606203,22.921813],[120.603192,22.921738],[120.601907,22.920834],[120.603514,22.919293],[120.603862,22.91768],[120.603617,22.916434],[120.602097,22.914244],[120.602025,22.912023],[120.601013,22.909788],[120.597908,22.908671],[120.596925,22.90735],[120.600374,22.905115],[120.599099,22.902609],[120.597047,22.900934],[120.595923,22.896937],[120.597072,22.895689],[120.596946,22.893508],[120.595888,22.892238],[120.597445,22.889089],[120.596115,22.887471],[120.597106,22.885691],[120.596823,22.884695],[120.595572,22.883762],[120.595021,22.881953],[120.592973,22.8806],[120.59391,22.878892],[120.592618,22.876509],[120.593443,22.875255],[120.592268,22.874107],[120.592373,22.872667],[120.594216,22.869611],[120.594309,22.867937],[120.595089,22.867619],[120.595589,22.865244],[120.595184,22.863604],[120.598659,22.867404],[120.60541,22.87297],[120.614109,22.876462],[120.616749,22.876814],[120.621174,22.875692],[120.627291,22.878873],[120.63437,22.880747],[120.637478,22.882529],[120.640437,22.883095],[120.645028,22.885176],[120.646637,22.883531],[120.647686,22.879568],[120.648094,22.877542],[120.6491,22.876965],[120.65011,22.885689],[120.653412,22.890757],[120.65833,22.896354],[120.659627,22.900226],[120.662634,22.904903],[120.664311,22.908801],[120.668233,22.913616],[120.670511,22.918306],[120.669513,22.920845],[120.669524,22.92299],[120.670447,22.926673],[120.670139,22.929314],[120.671694,22.934226],[120.671252,22.935462],[120.671088,22.94216],[120.671592,22.944337],[120.672577,22.945069],[120.672657,22.945835],[120.670689,22.948171],[120.668675,22.953512],[120.665891,22.956716],[120.666008,22.961237],[120.663044,22.967418],[120.665107,22.972245],[120.669855,22.979801],[120.670768,22.982706]]]},"properties":{"code":"64000320","name":"六龜區","countyCode":"64000","countyName":"高雄市","townCode":"64000320","townName":"六龜區","level":"town","unassigned":false,"note":"","label":[120.66312865495829,23.046502778022884],"bounds":[120.592268,22.863604,120.745517,23.14073],"focusBounds":[120.592268,22.863604,120.745517,23.14073],"color":"#dd8590","childCount":12}},{"type":"Feature","id":"64000330","geometry":{"type":"Polygon","coordinates":[[[120.651444,23.208497],[120.648527,23.208634],[120.647381,23.207336],[120.646127,23.206983],[120.643311,23.203323],[120.64266,23.200162],[120.640968,23.198774],[120.638955,23.192666],[120.636951,23.191326],[120.636568,23.190129],[120.6384,23.185685],[120.639793,23.183689],[120.641111,23.182995],[120.638591,23.181741],[120.637298,23.180396],[120.637445,23.178526],[120.636168,23.175105],[120.629319,23.174363],[120.629436,23.17325],[120.631019,23.170826],[120.630658,23.170064],[120.627017,23.167972],[120.625225,23.167761],[120.623219,23.164155],[120.621237,23.162958],[120.616538,23.163096],[120.616376,23.161734],[120.61504,23.159534],[120.613432,23.159246],[120.612508,23.157312],[120.61111,23.155899],[120.612345,23.153608],[120.611846,23.151702],[120.607854,23.14844],[120.60557,23.148526],[120.605607,23.146474],[120.603788,23.144925],[120.601108,23.144166],[120.598999,23.141056],[120.598475,23.138577],[120.597879,23.138444],[120.597548,23.1374],[120.596283,23.136862],[120.59548,23.135271],[120.594652,23.131593],[120.590502,23.127196],[120.588448,23.123359],[120.588918,23.119966],[120.58808,23.114097],[120.583189,23.108041],[120.582533,23.106014],[120.581169,23.105215],[120.577223,23.099464],[120.575793,23.095766],[120.574126,23.094858],[120.574827,23.091749],[120.574402,23.09073],[120.573096,23.089793],[120.570343,23.085643],[120.568148,23.083869],[120.566892,23.081827],[120.565392,23.080695],[120.563723,23.080343],[120.562776,23.078488],[120.560365,23.077192],[120.558897,23.075649],[120.559053,23.07344],[120.554497,23.06883],[120.553063,23.067894],[120.546812,23.065686],[120.545427,23.063946],[120.543807,23.063314],[120.54237,23.063373],[120.541417,23.06223],[120.543179,23.060328],[120.544692,23.056353],[120.545035,23.054535],[120.54457,23.050419],[120.545485,23.050614],[120.54684,23.049462],[120.546724,23.042621],[120.549466,23.042196],[120.550285,23.043394],[120.550543,23.042314],[120.554963,23.038587],[120.555775,23.038601],[120.55889,23.042897],[120.560138,23.043788],[120.56292,23.044445],[120.563655,23.043784],[120.568581,23.043682],[120.570228,23.044532],[120.573935,23.044318],[120.576705,23.044937],[120.578102,23.046282],[120.578071,23.048145],[120.578559,23.048705],[120.583078,23.050807],[120.585913,23.053299],[120.587708,23.052597],[120.589702,23.049808],[120.591382,23.049863],[120.592197,23.048647],[120.594769,23.047726],[120.599978,23.04339],[120.600921,23.041523],[120.600317,23.03929],[120.601522,23.037612],[120.606712,23.036998],[120.608075,23.036298],[120.610002,23.037021],[120.612108,23.039672],[120.614381,23.040082],[120.616314,23.042529],[120.619413,23.044373],[120.62111,23.046017],[120.62185,23.047758],[120.624994,23.047984],[120.624132,23.050665],[120.623276,23.05145],[120.62304,23.053319],[120.626392,23.062692],[120.624706,23.063973],[120.624251,23.065279],[120.629022,23.068084],[120.631485,23.071304],[120.635795,23.073111],[120.637875,23.075308],[120.639704,23.078488],[120.639498,23.082603],[120.636974,23.087763],[120.638022,23.088895],[120.639852,23.089351],[120.645263,23.09221],[120.648542,23.091411],[120.649632,23.091945],[120.649316,23.092861],[120.651325,23.096818],[120.649803,23.100709],[120.655566,23.10896],[120.656216,23.11335],[120.660348,23.11706],[120.662525,23.118218],[120.664542,23.118475],[120.665817,23.119367],[120.671097,23.125153],[120.673628,23.126424],[120.675504,23.129238],[120.678994,23.139688],[120.679758,23.14073],[120.679831,23.143231],[120.682138,23.148436],[120.682978,23.152174],[120.685299,23.155836],[120.685152,23.159141],[120.686517,23.164377],[120.691318,23.171879],[120.689918,23.175931],[120.686855,23.176551],[120.684199,23.178661],[120.68086,23.182838],[120.68132,23.188057],[120.680884,23.190631],[120.682486,23.194824],[120.680136,23.196463],[120.677596,23.196693],[120.673507,23.19848],[120.668437,23.198511],[120.6652,23.199755],[120.658479,23.200503],[120.657198,23.203745],[120.655233,23.205984],[120.652815,23.208101],[120.651444,23.208497]]]},"properties":{"code":"64000330","name":"甲仙區","countyCode":"64000","countyName":"高雄市","townCode":"64000330","townName":"甲仙區","level":"town","unassigned":false,"note":"","label":[120.62218996223324,23.115878548238133],"bounds":[120.541417,23.036298,120.691318,23.208634],"focusBounds":[120.541417,23.036298,120.691318,23.208634],"color":"#a49ad4","childCount":7}},{"type":"Feature","id":"64000340","geometry":{"type":"Polygon","coordinates":[[[120.608075,23.036298],[120.606712,23.036998],[120.601522,23.037612],[120.600317,23.03929],[120.600921,23.041523],[120.599978,23.04339],[120.594769,23.047726],[120.592197,23.048647],[120.591382,23.049863],[120.589702,23.049808],[120.587708,23.052597],[120.585913,23.053299],[120.583078,23.050807],[120.578559,23.048705],[120.578071,23.048145],[120.578102,23.046282],[120.576705,23.044937],[120.573935,23.044318],[120.570228,23.044532],[120.568581,23.043682],[120.563655,23.043784],[120.56292,23.044445],[120.560138,23.043788],[120.55889,23.042897],[120.555775,23.038601],[120.554963,23.038587],[120.550543,23.042314],[120.550285,23.043394],[120.549466,23.042196],[120.546724,23.042621],[120.54684,23.049462],[120.545485,23.050614],[120.54457,23.050419],[120.545035,23.054535],[120.544692,23.056353],[120.543179,23.060328],[120.541417,23.06223],[120.539736,23.061932],[120.53801,23.060746],[120.538084,23.059485],[120.537406,23.058658],[120.535126,23.057409],[120.531481,23.05663],[120.526983,23.053399],[120.526255,23.052195],[120.523031,23.049567],[120.523654,23.047442],[120.522308,23.045672],[120.519666,23.044975],[120.511288,23.036163],[120.508669,23.034824],[120.503717,23.028645],[120.502142,23.027605],[120.503746,23.025755],[120.50534,23.024535],[120.506893,23.024383],[120.508484,23.022084],[120.511163,23.020825],[120.513484,23.018782],[120.517421,23.018313],[120.520722,23.019093],[120.522977,23.02021],[120.526237,23.023206],[120.531766,23.02651],[120.53355,23.028111],[120.535417,23.026473],[120.536783,23.025974],[120.537192,23.025232],[120.537279,23.024292],[120.536662,23.023383],[120.536925,23.021436],[120.535469,23.017877],[120.535356,23.015077],[120.534306,23.012817],[120.531291,23.010607],[120.53063,23.00908],[120.530348,23.007116],[120.529461,23.005623],[120.530017,23.004409],[120.529773,23.001138],[120.527164,23.000101],[120.527083,22.999336],[120.526029,22.998722],[120.526275,22.997676],[120.527155,22.996978],[120.527205,22.996003],[120.526816,22.994849],[120.525249,22.993382],[120.524502,22.989998],[120.523479,22.989919],[120.522341,22.98865],[120.52256,22.986208],[120.52031,22.982339],[120.520281,22.980101],[120.52091,22.979907],[120.52089,22.978869],[120.522214,22.978002],[120.524541,22.978745],[120.527093,22.977524],[120.528718,22.975877],[120.529229,22.973443],[120.527025,22.968603],[120.524895,22.967069],[120.523642,22.964999],[120.522316,22.961352],[120.524135,22.952162],[120.523411,22.951491],[120.521516,22.95145],[120.520101,22.950584],[120.519034,22.94744],[120.519221,22.945497],[120.52072,22.943375],[120.521064,22.941972],[120.520524,22.940184],[120.519199,22.939417],[120.519372,22.93689],[120.522666,22.932072],[120.52393,22.92908],[120.520103,22.924149],[120.519308,22.921427],[120.516966,22.918653],[120.516352,22.916594],[120.514441,22.915781],[120.516335,22.91361],[120.516527,22.91131],[120.520352,22.913478],[120.523046,22.913591],[120.524899,22.915596],[120.527012,22.916281],[120.528151,22.921626],[120.530269,22.922438],[120.532146,22.924707],[120.535841,22.924866],[120.537208,22.926253],[120.536842,22.927916],[120.539146,22.930053],[120.540104,22.931882],[120.543539,22.934537],[120.547786,22.935668],[120.549865,22.937766],[120.551687,22.940873],[120.553824,22.941078],[120.556132,22.942355],[120.559944,22.940886],[120.561451,22.941094],[120.565491,22.939935],[120.566863,22.940838],[120.569909,22.941188],[120.572005,22.942394],[120.574299,22.944681],[120.575149,22.947169],[120.574343,22.948222],[120.574411,22.949705],[120.576073,22.9506],[120.576691,22.95303],[120.575879,22.955384],[120.573612,22.957718],[120.574416,22.960567],[120.577297,22.964924],[120.581981,22.9698],[120.585277,22.971165],[120.589771,22.974919],[120.590711,22.974866],[120.593332,22.973301],[120.596513,22.973084],[120.600247,22.973708],[120.600994,22.977415],[120.602202,22.980054],[120.602657,22.9806],[120.604563,22.980955],[120.604123,22.981796],[120.605493,22.983374],[120.608731,22.980743],[120.609518,22.979354],[120.614405,22.978741],[120.619859,22.979008],[120.622449,22.977904],[120.623665,22.977977],[120.621634,22.982722],[120.621049,22.985803],[120.619817,22.98722],[120.619466,22.988915],[120.620196,22.990995],[120.61962,22.994673],[120.618406,22.997793],[120.619195,22.999985],[120.618939,23.001123],[120.621729,23.004801],[120.621002,23.007378],[120.621148,23.009635],[120.62007,23.012734],[120.620127,23.014549],[120.621233,23.016392],[120.621652,23.018813],[120.619666,23.02367],[120.617753,23.024219],[120.612509,23.02976],[120.60851,23.031257],[120.608699,23.033823],[120.608075,23.036298]]]},"properties":{"code":"64000340","name":"杉林區","countyCode":"64000","countyName":"高雄市","townCode":"64000340","townName":"杉林區","level":"town","unassigned":false,"note":"","label":[120.56629695968846,23.00051340252708],"bounds":[120.502142,22.91131,120.623665,23.06223],"focusBounds":[120.502142,22.91131,120.623665,23.06223],"color":"#a8bf62","childCount":8}},{"type":"Feature","id":"64000350","geometry":{"type":"Polygon","coordinates":[[[120.520281,22.980101],[120.52031,22.982339],[120.52256,22.986208],[120.522341,22.98865],[120.523479,22.989919],[120.524502,22.989998],[120.525249,22.993382],[120.526816,22.994849],[120.527205,22.996003],[120.527155,22.996978],[120.526275,22.997676],[120.526029,22.998722],[120.527083,22.999336],[120.527164,23.000101],[120.529773,23.001138],[120.530017,23.004409],[120.529461,23.005623],[120.530348,23.007116],[120.53063,23.00908],[120.531291,23.010607],[120.534306,23.012817],[120.535356,23.015077],[120.535469,23.017877],[120.536925,23.021436],[120.536662,23.023383],[120.537279,23.024292],[120.537192,23.025232],[120.536783,23.025974],[120.535417,23.026473],[120.53355,23.028111],[120.531766,23.02651],[120.526237,23.023206],[120.522977,23.02021],[120.520722,23.019093],[120.517421,23.018313],[120.513484,23.018782],[120.511163,23.020825],[120.508484,23.022084],[120.506893,23.024383],[120.50534,23.024535],[120.503746,23.025755],[120.502142,23.027605],[120.50025,23.025926],[120.498695,23.025482],[120.497547,23.024116],[120.49475,23.023189],[120.491526,23.020976],[120.486,23.01849],[120.483457,23.016474],[120.480998,23.011571],[120.481062,23.009073],[120.480357,23.006268],[120.47938,23.005007],[120.479891,23.002707],[120.478392,23.003524],[120.470549,23.002379],[120.468096,23.002643],[120.467214,23.003556],[120.462656,23.003205],[120.461396,23.004097],[120.460365,23.003394],[120.459545,23.000789],[120.460533,23.000303],[120.461478,22.998119],[120.460257,22.997394],[120.459101,22.995739],[120.460431,22.993685],[120.460277,22.992846],[120.461074,22.992245],[120.46111,22.99077],[120.459633,22.989903],[120.455428,22.991126],[120.454714,22.990622],[120.45319,22.984806],[120.454758,22.982729],[120.454693,22.980757],[120.452954,22.97771],[120.45217,22.977742],[120.451718,22.978627],[120.44963,22.977242],[120.445482,22.979375],[120.444296,22.9794],[120.443755,22.978011],[120.442644,22.977324],[120.442152,22.973777],[120.438405,22.966138],[120.437248,22.96218],[120.435288,22.959448],[120.432994,22.956085],[120.432524,22.951971],[120.428524,22.942541],[120.428521,22.940616],[120.425908,22.939042],[120.425448,22.937624],[120.425746,22.93596],[120.424526,22.933657],[120.424886,22.933168],[120.422761,22.930956],[120.421921,22.929169],[120.422015,22.92741],[120.419934,22.924142],[120.419952,22.922994],[120.418062,22.92071],[120.417188,22.917287],[120.415421,22.915693],[120.410154,22.914088],[120.408681,22.912338],[120.407891,22.911316],[120.407938,22.909844],[120.409852,22.909685],[120.413644,22.907664],[120.414253,22.909353],[120.416123,22.909981],[120.417285,22.90848],[120.41662,22.906915],[120.417004,22.906209],[120.416509,22.904373],[120.417033,22.904947],[120.41806,22.904807],[120.418726,22.905745],[120.419386,22.90527],[120.419193,22.904111],[120.420186,22.903155],[120.420697,22.903772],[120.421862,22.903269],[120.421922,22.902897],[120.421176,22.902722],[120.421859,22.901994],[120.421281,22.900914],[120.421678,22.899372],[120.423016,22.900307],[120.422863,22.899772],[120.42376,22.8996],[120.423871,22.898292],[120.423431,22.897176],[120.423724,22.89647],[120.422676,22.896063],[120.423226,22.895323],[120.422615,22.894914],[120.422365,22.893103],[120.423239,22.893888],[120.424414,22.892802],[120.425702,22.893679],[120.426548,22.893419],[120.427301,22.894339],[120.427557,22.893743],[120.428014,22.895084],[120.429638,22.896014],[120.430108,22.894289],[120.432553,22.891329],[120.433011,22.886599],[120.4339,22.886841],[120.435848,22.885896],[120.438888,22.885562],[120.441619,22.886718],[120.441971,22.885935],[120.442498,22.886118],[120.443033,22.885576],[120.444132,22.886556],[120.446175,22.887248],[120.447946,22.886981],[120.449099,22.8874],[120.449696,22.886914],[120.45169,22.886771],[120.454439,22.888363],[120.458068,22.888701],[120.458658,22.888324],[120.464154,22.893488],[120.467233,22.891395],[120.468452,22.892249],[120.469917,22.894411],[120.469114,22.897431],[120.470214,22.901129],[120.471722,22.902902],[120.471487,22.903571],[120.472996,22.906347],[120.473904,22.906386],[120.473845,22.907226],[120.47502,22.908056],[120.474767,22.909496],[120.47689,22.911476],[120.476937,22.912716],[120.479882,22.914584],[120.479889,22.916837],[120.481214,22.917589],[120.482004,22.920123],[120.481292,22.922301],[120.479738,22.923652],[120.48293,22.925675],[120.483312,22.928309],[120.481447,22.930172],[120.481079,22.931886],[120.481567,22.935655],[120.482898,22.938012],[120.48307,22.940013],[120.484248,22.938946],[120.484852,22.936853],[120.487059,22.933249],[120.489923,22.93238],[120.490303,22.933322],[120.491055,22.932026],[120.492333,22.931706],[120.494283,22.931836],[120.49512,22.933161],[120.495798,22.933136],[120.496073,22.934674],[120.497857,22.936906],[120.497888,22.940351],[120.499692,22.94289],[120.499167,22.943564],[120.499325,22.946562],[120.498435,22.948226],[120.499848,22.949702],[120.500731,22.949925],[120.500536,22.950743],[120.502004,22.951647],[120.503463,22.951509],[120.50688,22.955407],[120.510449,22.957275],[120.510801,22.958423],[120.509375,22.960808],[120.509925,22.962166],[120.508512,22.964571],[120.509472,22.965544],[120.510137,22.967448],[120.509387,22.968299],[120.509558,22.96974],[120.511137,22.974955],[120.51182,22.975811],[120.51478,22.977181],[120.515363,22.976938],[120.516723,22.977893],[120.517983,22.977601],[120.519157,22.97805],[120.519517,22.97991],[120.520281,22.980101]]]},"properties":{"code":"64000350","name":"內門區","countyCode":"64000","countyName":"高雄市","townCode":"64000350","townName":"內門區","level":"town","unassigned":false,"note":"","label":[120.47823428189318,22.967341638828294],"bounds":[120.407891,22.885562,120.537279,23.028111],"focusBounds":[120.407891,22.885562,120.537279,23.028111],"color":"#68bec9","childCount":18}},{"type":"Feature","id":"64000360","geometry":{"type":"Polygon","coordinates":[[[120.829391,22.975168],[120.826173,22.977165],[120.82156,22.978718],[120.816209,22.979733],[120.81027,22.985282],[120.808244,22.989398],[120.806107,22.987075],[120.80318,22.986834],[120.801648,22.985651],[120.799133,22.98564],[120.796764,22.986998],[120.793291,22.987419],[120.791163,22.989166],[120.78857,22.989494],[120.785257,22.99183],[120.782881,22.992575],[120.782146,22.993501],[120.776647,22.990966],[120.775554,22.98817],[120.773408,22.986482],[120.77233,22.984414],[120.771063,22.983397],[120.766783,22.982785],[120.763808,22.983472],[120.760461,22.983121],[120.751523,22.984299],[120.749966,22.984156],[120.748811,22.982936],[120.746745,22.981935],[120.744508,22.982611],[120.743195,22.984345],[120.740111,22.985233],[120.737808,22.990495],[120.7352,22.992936],[120.732371,22.994017],[120.730971,22.995248],[120.728318,22.995989],[120.724219,23.002364],[120.722512,23.00186],[120.719806,23.000103],[120.718404,22.997737],[120.714681,22.996359],[120.712555,22.994323],[120.711553,22.992344],[120.708069,22.990433],[120.704914,22.990012],[120.70202,22.988489],[120.693664,22.98182],[120.690922,22.981796],[120.688566,22.980943],[120.686738,22.978211],[120.682433,22.978153],[120.670768,22.982706],[120.669855,22.979801],[120.665107,22.972245],[120.663044,22.967418],[120.666008,22.961237],[120.665891,22.956716],[120.668675,22.953512],[120.670689,22.948171],[120.672657,22.945835],[120.672577,22.945069],[120.671592,22.944337],[120.671088,22.94216],[120.671252,22.935462],[120.671694,22.934226],[120.670139,22.929314],[120.670447,22.926673],[120.669524,22.92299],[120.669513,22.920845],[120.670511,22.918306],[120.668233,22.913616],[120.664311,22.908801],[120.662634,22.904903],[120.659627,22.900226],[120.65833,22.896354],[120.653412,22.890757],[120.65011,22.885689],[120.6491,22.876965],[120.65102,22.877213],[120.652502,22.879689],[120.654873,22.881473],[120.655868,22.881616],[120.656765,22.881111],[120.65805,22.879708],[120.658419,22.874336],[120.659664,22.87012],[120.658645,22.86607],[120.66005,22.860659],[120.660905,22.85967],[120.664294,22.858806],[120.66857,22.858714],[120.669882,22.856866],[120.672112,22.856352],[120.676722,22.857254],[120.678101,22.859492],[120.678969,22.862868],[120.684036,22.863513],[120.686219,22.864663],[120.690539,22.864873],[120.691976,22.868453],[120.697373,22.872553],[120.701364,22.876483],[120.702537,22.879241],[120.704539,22.880668],[120.708252,22.881646],[120.709963,22.881084],[120.716506,22.880868],[120.720507,22.881999],[120.725019,22.880834],[120.731772,22.875887],[120.737469,22.874298],[120.742419,22.873736],[120.744182,22.871184],[120.746196,22.869435],[120.746584,22.867785],[120.74926,22.865683],[120.75191,22.864731],[120.753652,22.86524],[120.755037,22.864679],[120.756556,22.862224],[120.758768,22.860927],[120.762155,22.856814],[120.764158,22.848993],[120.766089,22.848596],[120.768511,22.845202],[120.769914,22.844554],[120.771534,22.84187],[120.77289,22.841096],[120.774181,22.837955],[120.776728,22.836068],[120.779306,22.835226],[120.782065,22.83646],[120.785839,22.839903],[120.790204,22.840145],[120.792496,22.841001],[120.79299,22.8423],[120.7917,22.848373],[120.793347,22.852032],[120.801078,22.851029],[120.807073,22.854867],[120.813657,22.85747],[120.813845,22.859586],[120.815164,22.861658],[120.815887,22.862112],[120.819088,22.862346],[120.822957,22.865722],[120.824975,22.86646],[120.82904,22.865737],[120.833038,22.866274],[120.834867,22.864837],[120.837499,22.864073],[120.840943,22.860382],[120.841654,22.858547],[120.84122,22.856991],[120.842978,22.854211],[120.847173,22.851967],[120.848355,22.851947],[120.848965,22.853293],[120.853185,22.857622],[120.856196,22.855129],[120.857289,22.852681],[120.859927,22.851462],[120.859427,22.849237],[120.862315,22.847127],[120.863161,22.84476],[120.864565,22.843081],[120.865575,22.847089],[120.868348,22.850746],[120.866603,22.853816],[120.869288,22.856612],[120.869572,22.857758],[120.861651,22.861396],[120.859151,22.863446],[120.864199,22.866667],[120.865545,22.869664],[120.864871,22.872551],[120.861219,22.876148],[120.859727,22.878368],[120.855158,22.878719],[120.852088,22.878097],[120.840525,22.881949],[120.838841,22.884638],[120.838226,22.889894],[120.834951,22.8931],[120.833197,22.898234],[120.833537,22.899815],[120.830371,22.901965],[120.828481,22.904636],[120.829959,22.909526],[120.830751,22.910481],[120.832781,22.911346],[120.833288,22.912268],[120.831439,22.919855],[120.829159,22.920784],[120.826881,22.928135],[120.821814,22.935258],[120.822157,22.936688],[120.821463,22.939196],[120.821778,22.945124],[120.823568,22.950531],[120.824752,22.952454],[120.824188,22.9539],[120.823049,22.95492],[120.820793,22.961966],[120.82232,22.963719],[120.822179,22.964633],[120.830165,22.970338],[120.828997,22.972968],[120.829391,22.975168]]]},"properties":{"code":"64000360","name":"茂林區","countyCode":"64000","countyName":"高雄市","townCode":"64000360","townName":"茂林區","level":"town","unassigned":false,"note":"","label":[120.7540445213619,22.924331184466133],"bounds":[120.6491,22.835226,120.869572,23.002364],"focusBounds":[120.6491,22.835226,120.869572,23.002364],"color":"#df9f6a","childCount":3}},{"type":"Feature","id":"64000370","geometry":{"type":"MultiPolygon","coordinates":[[[[120.665817,23.119367],[120.667186,23.116766],[120.673494,23.112263],[120.673623,23.110774],[120.674992,23.107922],[120.673525,23.105758],[120.673371,23.104688],[120.67526,23.100912],[120.676744,23.099406],[120.676632,23.098327],[120.67777,23.096655],[120.679739,23.094533],[120.681722,23.093769],[120.683,23.094454],[120.683146,23.093568],[120.684161,23.09348],[120.684164,23.092464],[120.685695,23.092993],[120.685918,23.092208],[120.686731,23.092314],[120.68769,23.095022],[120.693636,23.102254],[120.695367,23.106353],[120.695037,23.108363],[120.693571,23.108966],[120.690909,23.111279],[120.687629,23.112408],[120.682408,23.120751],[120.680318,23.126216],[120.676999,23.128904],[120.675504,23.129238],[120.673628,23.126424],[120.671097,23.125153],[120.665817,23.119367]]],[[[121.015268,23.43541],[121.014141,23.437925],[121.010581,23.441244],[121.010421,23.44507],[121.010746,23.446652],[121.012867,23.448757],[121.015024,23.449777],[121.015855,23.451609],[121.014949,23.454278],[121.011718,23.457171],[121.010428,23.459599],[121.007447,23.462785],[121.003815,23.462956],[120.999693,23.462167],[120.984602,23.46657],[120.980537,23.469214],[120.970631,23.469042],[120.968467,23.471227],[120.967109,23.471713],[120.965217,23.470701],[120.961387,23.470767],[120.957515,23.469503],[120.955999,23.467336],[120.948435,23.464167],[120.941157,23.463009],[120.938908,23.463915],[120.936639,23.463781],[120.934498,23.461451],[120.934494,23.459892],[120.935106,23.458905],[120.93475,23.45844],[120.931548,23.457143],[120.928385,23.456909],[120.928483,23.455493],[120.92684,23.455998],[120.926189,23.457484],[120.923873,23.458346],[120.922483,23.458143],[120.921438,23.4591],[120.916165,23.458888],[120.915173,23.458006],[120.912936,23.458517],[120.911658,23.457626],[120.909402,23.457544],[120.908331,23.456706],[120.907465,23.455041],[120.906442,23.454591],[120.90567,23.453176],[120.904484,23.452948],[120.902369,23.454142],[120.900523,23.454089],[120.900411,23.452094],[120.896245,23.450417],[120.896418,23.449594],[120.895146,23.445922],[120.892871,23.445214],[120.891767,23.446609],[120.891394,23.444231],[120.890597,23.443439],[120.890697,23.442413],[120.886765,23.434854],[120.885561,23.434813],[120.883824,23.436256],[120.882822,23.435414],[120.881617,23.433014],[120.878918,23.43215],[120.875362,23.432768],[120.875415,23.431345],[120.873404,23.429651],[120.871738,23.429598],[120.86962,23.42643],[120.868126,23.426645],[120.86625,23.426078],[120.864523,23.423941],[120.862304,23.424578],[120.860042,23.423785],[120.859102,23.425119],[120.858103,23.424338],[120.857077,23.421968],[120.853968,23.423187],[120.853093,23.42194],[120.84952,23.42016],[120.849308,23.41201],[120.847924,23.411213],[120.847504,23.409958],[120.844755,23.408229],[120.843939,23.403924],[120.842357,23.401743],[120.841043,23.401011],[120.840534,23.39977],[120.838413,23.398247],[120.838759,23.396505],[120.841173,23.396077],[120.841007,23.394923],[120.83888,23.39448],[120.836873,23.393387],[120.835582,23.389861],[120.834118,23.389653],[120.834104,23.388723],[120.834906,23.387718],[120.834628,23.386681],[120.832915,23.387206],[120.830972,23.386601],[120.829378,23.383431],[120.829767,23.381577],[120.829112,23.375797],[120.828528,23.374954],[120.825741,23.373492],[120.825422,23.371707],[120.823094,23.371941],[120.821195,23.370523],[120.816276,23.371479],[120.813396,23.369423],[120.809835,23.369548],[120.808519,23.368391],[120.807242,23.369107],[120.805788,23.370909],[120.804584,23.370815],[120.810226,23.362938],[120.813751,23.360276],[120.812764,23.356053],[120.81321,23.354723],[120.818978,23.350744],[120.82141,23.347317],[120.823135,23.346013],[120.823429,23.341018],[120.821594,23.34066],[120.818863,23.339216],[120.817989,23.338109],[120.811864,23.334089],[120.812034,23.332583],[120.808781,23.329748],[120.808749,23.327131],[120.807283,23.325359],[120.80651,23.321602],[120.801677,23.31993],[120.799434,23.319645],[120.797652,23.316796],[120.797554,23.313213],[120.793497,23.308042],[120.791787,23.304553],[120.789581,23.302871],[120.787768,23.302695],[120.786047,23.30152],[120.785403,23.300513],[120.785244,23.298219],[120.782983,23.296214],[120.782539,23.294866],[120.778856,23.295221],[120.777291,23.293245],[120.776114,23.29065],[120.776432,23.287917],[120.775041,23.287611],[120.774096,23.286121],[120.775991,23.281722],[120.774069,23.279306],[120.772633,23.274218],[120.771167,23.272854],[120.770452,23.271068],[120.769145,23.270777],[120.76826,23.269724],[120.76854,23.266999],[120.766186,23.262502],[120.76485,23.261724],[120.765322,23.258762],[120.764769,23.255967],[120.761938,23.252972],[120.760027,23.249138],[120.760303,23.24434],[120.758269,23.238552],[120.754289,23.235938],[120.756156,23.232282],[120.755521,23.229861],[120.753007,23.228354],[120.750629,23.225582],[120.749786,23.222699],[120.74706,23.219883],[120.745452,23.219269],[120.745257,23.214724],[120.743205,23.206334],[120.740523,23.201994],[120.737744,23.199977],[120.736332,23.198221],[120.735078,23.194739],[120.730344,23.191084],[120.727177,23.190056],[120.725824,23.188399],[120.724146,23.184657],[120.722445,23.183624],[120.719966,23.182846],[120.718292,23.1815],[120.717433,23.181615],[120.716325,23.183413],[120.715318,23.183437],[120.710952,23.180048],[120.709768,23.178161],[120.701526,23.173428],[120.698941,23.169304],[120.695752,23.171084],[120.692742,23.170883],[120.691318,23.171879],[120.686517,23.164377],[120.685152,23.159141],[120.685299,23.155836],[120.682978,23.152174],[120.682138,23.148436],[120.679831,23.143231],[120.679758,23.14073],[120.683333,23.137189],[120.687706,23.134717],[120.690407,23.135036],[120.69216,23.134457],[120.693781,23.131299],[120.696673,23.127553],[120.700884,23.12474],[120.704183,23.119467],[120.70746,23.116366],[120.710267,23.11549],[120.71184,23.11566],[120.713664,23.116085],[120.716295,23.118256],[120.718983,23.119329],[120.721318,23.119595],[120.727723,23.118843],[120.729885,23.119457],[120.732006,23.120973],[120.733768,23.120823],[120.736754,23.118437],[120.740145,23.117512],[120.745517,23.117753],[120.744645,23.117112],[120.744728,23.114778],[120.743668,23.113962],[120.742815,23.111598],[120.74206,23.111306],[120.741741,23.10951],[120.737268,23.104029],[120.728915,23.098053],[120.726582,23.097843],[120.720947,23.100624],[120.716756,23.101343],[120.713642,23.100455],[120.709328,23.098218],[120.709562,23.093216],[120.708853,23.091225],[120.706346,23.088392],[120.708917,23.082549],[120.70939,23.077387],[120.70888,23.073214],[120.711999,23.072532],[120.713719,23.068364],[120.715834,23.066924],[120.717679,23.063222],[120.72216,23.059517],[120.724098,23.058504],[120.724169,23.057574],[120.722805,23.055218],[120.720671,23.054775],[120.718983,23.052126],[120.716269,23.050981],[120.713361,23.043966],[120.702857,23.039371],[120.700498,23.034714],[120.699675,23.031184],[120.699595,23.027992],[120.698291,23.025454],[120.693244,23.020277],[120.689433,23.017726],[120.684718,23.012755],[120.682632,23.009339],[120.679612,23.007799],[120.677307,23.005042],[120.674711,23.003689],[120.677868,23.001515],[120.680928,23.000195],[120.686257,22.999685],[120.687965,22.99887],[120.693709,22.997593],[120.69184,22.994557],[120.68842,22.991816],[120.684137,22.991332],[120.682445,22.990288],[120.678114,22.98898],[120.673466,22.985936],[120.670768,22.982706],[120.682433,22.978153],[120.686738,22.978211],[120.688566,22.980943],[120.690922,22.981796],[120.693664,22.98182],[120.70202,22.988489],[120.704914,22.990012],[120.708069,22.990433],[120.711553,22.992344],[120.712555,22.994323],[120.714681,22.996359],[120.718404,22.997737],[120.719806,23.000103],[120.722512,23.00186],[120.724219,23.002364],[120.728318,22.995989],[120.730971,22.995248],[120.732371,22.994017],[120.7352,22.992936],[120.737808,22.990495],[120.740111,22.985233],[120.743195,22.984345],[120.744508,22.982611],[120.746745,22.981935],[120.748811,22.982936],[120.749966,22.984156],[120.751523,22.984299],[120.760461,22.983121],[120.763808,22.983472],[120.766783,22.982785],[120.771063,22.983397],[120.77233,22.984414],[120.773408,22.986482],[120.775554,22.98817],[120.776647,22.990966],[120.782146,22.993501],[120.782881,22.992575],[120.785257,22.99183],[120.78857,22.989494],[120.791163,22.989166],[120.793291,22.987419],[120.796764,22.986998],[120.799133,22.98564],[120.801648,22.985651],[120.80318,22.986834],[120.806107,22.987075],[120.808244,22.989398],[120.81027,22.985282],[120.816209,22.979733],[120.82156,22.978718],[120.826173,22.977165],[120.829391,22.975168],[120.830686,22.975825],[120.832225,22.980061],[120.832917,22.980754],[120.834831,22.980876],[120.835831,22.981805],[120.841182,22.984],[120.841978,22.987666],[120.841368,22.98991],[120.842177,22.991206],[120.846654,22.992647],[120.849093,22.994854],[120.852065,22.999905],[120.852007,23.003348],[120.851072,23.005125],[120.858234,23.005055],[120.860657,23.00805],[120.860515,23.010465],[120.86127,23.013203],[120.861976,23.022067],[120.860682,23.025986],[120.860701,23.027902],[120.861614,23.030768],[120.863974,23.032491],[120.866647,23.032358],[120.872001,23.034477],[120.878905,23.034441],[120.87996,23.035522],[120.88138,23.042682],[120.881259,23.044196],[120.880151,23.045674],[120.879749,23.047774],[120.878671,23.049],[120.874498,23.050943],[120.874529,23.052431],[120.871324,23.055051],[120.869215,23.059686],[120.875345,23.068543],[120.87692,23.075723],[120.878075,23.078231],[120.882585,23.083331],[120.883597,23.086561],[120.885629,23.089107],[120.88555,23.09263],[120.887518,23.095999],[120.889151,23.100492],[120.888141,23.104205],[120.889223,23.107556],[120.889401,23.110439],[120.886775,23.113613],[120.886291,23.116465],[120.884965,23.119347],[120.885048,23.120016],[120.888058,23.122438],[120.885961,23.128044],[120.886226,23.131875],[120.887874,23.136681],[120.885762,23.144284],[120.881435,23.146227],[120.876411,23.151335],[120.879387,23.152645],[120.883333,23.153436],[120.88626,23.155433],[120.887351,23.158241],[120.891239,23.158724],[120.895004,23.160718],[120.895856,23.171433],[120.896394,23.1723],[120.89831,23.173123],[120.898724,23.176663],[120.905906,23.180576],[120.909051,23.179799],[120.909884,23.180214],[120.91076,23.181692],[120.911533,23.185363],[120.912448,23.186523],[120.9123,23.187403],[120.910893,23.192167],[120.90644,23.196712],[120.905748,23.199553],[120.907153,23.201132],[120.906503,23.203333],[120.906732,23.205651],[120.907634,23.20706],[120.910458,23.208134],[120.911632,23.209552],[120.912126,23.225144],[120.911566,23.227857],[120.914302,23.232542],[120.915461,23.23751],[120.915965,23.238102],[120.917182,23.238321],[120.917788,23.239594],[120.919412,23.24098],[120.92099,23.240984],[120.921709,23.241669],[120.924041,23.241982],[120.926528,23.244555],[120.92758,23.24445],[120.930605,23.242462],[120.937897,23.244949],[120.9385,23.247889],[120.941251,23.251947],[120.946693,23.253114],[120.947705,23.25488],[120.94901,23.25588],[120.951104,23.259509],[120.953552,23.260814],[120.95738,23.264159],[120.958165,23.265372],[120.959679,23.27084],[120.963364,23.2721],[120.966114,23.276583],[120.968671,23.277857],[120.97028,23.280606],[120.97263,23.282187],[120.974071,23.281784],[120.978993,23.282267],[120.986591,23.280321],[120.987764,23.280828],[120.99064,23.284128],[120.994024,23.284441],[120.999255,23.286915],[121.001385,23.287376],[121.005643,23.290604],[121.008534,23.29132],[121.009845,23.292498],[121.017407,23.29287],[121.018996,23.293448],[121.020005,23.29457],[121.023746,23.293706],[121.02559,23.29602],[121.028324,23.297122],[121.031365,23.300433],[121.032075,23.303789],[121.034275,23.304209],[121.036429,23.303802],[121.041971,23.307185],[121.044559,23.307595],[121.046282,23.308678],[121.046682,23.31146],[121.048044,23.313781],[121.04716,23.320008],[121.048779,23.322906],[121.048781,23.325307],[121.044978,23.327781],[121.041675,23.328035],[121.03942,23.329135],[121.037041,23.333024],[121.035713,23.333751],[121.032521,23.334069],[121.030914,23.337028],[121.026997,23.337623],[121.02432,23.340729],[121.022393,23.346086],[121.022364,23.348127],[121.020046,23.350383],[121.018105,23.350126],[121.017727,23.348304],[121.015194,23.346341],[121.010104,23.345904],[121.007544,23.349181],[121.008074,23.350644],[121.007574,23.352025],[121.002484,23.355253],[121.000057,23.356521],[120.994663,23.356371],[120.987095,23.358731],[120.986565,23.363425],[120.987958,23.370573],[120.990084,23.370914],[120.991549,23.371744],[120.993887,23.375939],[121.000095,23.382372],[121.00531,23.383391],[121.007718,23.384665],[121.007386,23.387032],[121.004073,23.38864],[121.001133,23.391745],[121.003211,23.394788],[121.006434,23.396556],[121.008034,23.396601],[121.008789,23.395546],[121.010463,23.395098],[121.011738,23.39591],[121.014643,23.396583],[121.019242,23.401517],[121.021153,23.400797],[121.021746,23.399968],[121.025833,23.402859],[121.027056,23.402999],[121.028393,23.403871],[121.026652,23.406042],[121.027411,23.409412],[121.02708,23.41278],[121.024911,23.414603],[121.027741,23.416253],[121.029383,23.420236],[121.029446,23.422383],[121.026014,23.424144],[121.02253,23.424902],[121.022346,23.427355],[121.020695,23.429647],[121.01659,23.430966],[121.014086,23.430977],[121.012889,23.433083],[121.015268,23.43541]]]]},"properties":{"code":"64000370","name":"桃源區","countyCode":"64000","countyName":"高雄市","townCode":"64000370","townName":"桃源區","level":"town","unassigned":false,"note":"","label":[120.83392914222453,23.227488096762087],"bounds":[120.665817,22.975168,121.048781,23.471713],"focusBounds":[120.665817,22.975168,121.048781,23.471713],"color":"#c38cb8","childCount":8}},{"type":"Feature","id":"64000380","geometry":{"type":"Polygon","coordinates":[[[120.691318,23.171879],[120.692742,23.170883],[120.695752,23.171084],[120.698941,23.169304],[120.701526,23.173428],[120.709768,23.178161],[120.710952,23.180048],[120.715318,23.183437],[120.716325,23.183413],[120.717433,23.181615],[120.718292,23.1815],[120.719966,23.182846],[120.722445,23.183624],[120.724146,23.184657],[120.725824,23.188399],[120.727177,23.190056],[120.730344,23.191084],[120.735078,23.194739],[120.736332,23.198221],[120.737744,23.199977],[120.740523,23.201994],[120.743205,23.206334],[120.745257,23.214724],[120.745452,23.219269],[120.74706,23.219883],[120.749786,23.222699],[120.750629,23.225582],[120.753007,23.228354],[120.755521,23.229861],[120.756156,23.232282],[120.754289,23.235938],[120.758269,23.238552],[120.760303,23.24434],[120.760027,23.249138],[120.761938,23.252972],[120.764769,23.255967],[120.765322,23.258762],[120.76485,23.261724],[120.766186,23.262502],[120.76854,23.266999],[120.76826,23.269724],[120.769145,23.270777],[120.770452,23.271068],[120.771167,23.272854],[120.772633,23.274218],[120.774069,23.279306],[120.775991,23.281722],[120.774096,23.286121],[120.775041,23.287611],[120.776432,23.287917],[120.776114,23.29065],[120.777291,23.293245],[120.778856,23.295221],[120.782539,23.294866],[120.782983,23.296214],[120.785244,23.298219],[120.785403,23.300513],[120.786047,23.30152],[120.787768,23.302695],[120.789581,23.302871],[120.791787,23.304553],[120.793497,23.308042],[120.797554,23.313213],[120.797652,23.316796],[120.799434,23.319645],[120.801677,23.31993],[120.80651,23.321602],[120.807283,23.325359],[120.808749,23.327131],[120.808781,23.329748],[120.812034,23.332583],[120.811864,23.334089],[120.817989,23.338109],[120.818863,23.339216],[120.821594,23.34066],[120.823429,23.341018],[120.823135,23.346013],[120.82141,23.347317],[120.818978,23.350744],[120.81321,23.354723],[120.812764,23.356053],[120.813751,23.360276],[120.810226,23.362938],[120.804584,23.370815],[120.803273,23.36946],[120.804695,23.367211],[120.802509,23.365594],[120.801082,23.36373],[120.800645,23.360643],[120.799511,23.3612],[120.797903,23.360314],[120.796242,23.356858],[120.795264,23.356753],[120.793056,23.357593],[120.791986,23.357243],[120.791806,23.353467],[120.788452,23.352821],[120.788593,23.348595],[120.787581,23.346141],[120.785215,23.345342],[120.783447,23.342317],[120.779274,23.342508],[120.777135,23.343538],[120.774457,23.343],[120.773334,23.341823],[120.768456,23.343878],[120.764427,23.34167],[120.761676,23.343515],[120.758069,23.344265],[120.757513,23.342977],[120.758484,23.340868],[120.757078,23.338559],[120.758552,23.337301],[120.758828,23.336444],[120.756444,23.33279],[120.752381,23.331031],[120.752216,23.329928],[120.753251,23.328191],[120.752873,23.327043],[120.750823,23.325926],[120.750073,23.324039],[120.747856,23.321909],[120.741049,23.321082],[120.740386,23.320432],[120.740072,23.317777],[120.739431,23.316842],[120.735572,23.315734],[120.732307,23.313859],[120.730168,23.310756],[120.730806,23.307812],[120.730629,23.305612],[120.72131,23.308267],[120.716284,23.307609],[120.712166,23.308697],[120.710301,23.306749],[120.70677,23.304728],[120.704377,23.301975],[120.702834,23.297564],[120.702341,23.293842],[120.702873,23.291793],[120.70257,23.291048],[120.703343,23.290309],[120.703415,23.28909],[120.701396,23.286895],[120.70116,23.285557],[120.699544,23.284424],[120.693511,23.28454],[120.689897,23.285308],[120.68717,23.2866],[120.683899,23.287108],[120.678822,23.288846],[120.677354,23.287844],[120.676166,23.288595],[120.675956,23.290285],[120.674549,23.290888],[120.673738,23.291111],[120.67141,23.289969],[120.67089,23.290199],[120.669717,23.292195],[120.66824,23.2921],[120.667314,23.294026],[120.665619,23.294084],[120.66539,23.293169],[120.663604,23.293884],[120.662674,23.293541],[120.661984,23.293961],[120.661831,23.295007],[120.65967,23.294761],[120.658426,23.295972],[120.65741,23.295244],[120.655319,23.291934],[120.651983,23.291176],[120.649453,23.292903],[120.647024,23.297439],[120.643585,23.295933],[120.642033,23.292686],[120.643723,23.289437],[120.641857,23.287476],[120.643222,23.286262],[120.644051,23.282228],[120.641913,23.278542],[120.643153,23.27598],[120.641871,23.274644],[120.640632,23.274165],[120.64109,23.271024],[120.639301,23.270611],[120.638265,23.269361],[120.640691,23.266516],[120.642089,23.261029],[120.642083,23.256809],[120.647729,23.249593],[120.64845,23.249252],[120.648058,23.248463],[120.649234,23.246909],[120.647893,23.244628],[120.648641,23.244444],[120.648644,23.243049],[120.649403,23.241575],[120.649207,23.240405],[120.650851,23.237992],[120.65052,23.23709],[120.651161,23.236652],[120.650664,23.235853],[120.651311,23.235819],[120.650353,23.23465],[120.650088,23.233381],[120.650467,23.232963],[120.64955,23.230651],[120.649484,23.228639],[120.653445,23.224538],[120.654351,23.22431],[120.655515,23.222792],[120.65625,23.217638],[120.653838,23.215306],[120.653086,23.211846],[120.651758,23.21019],[120.651444,23.208497],[120.652815,23.208101],[120.655233,23.205984],[120.657198,23.203745],[120.658479,23.200503],[120.6652,23.199755],[120.668437,23.198511],[120.673507,23.19848],[120.677596,23.196693],[120.680136,23.196463],[120.682486,23.194824],[120.680884,23.190631],[120.68132,23.188057],[120.68086,23.182838],[120.684199,23.178661],[120.686855,23.176551],[120.689918,23.175931],[120.691318,23.171879]]]},"properties":{"code":"64000380","name":"那瑪夏區","countyCode":"64000","countyName":"高雄市","townCode":"64000380","townName":"那瑪夏區","level":"town","unassigned":false,"note":"","label":[120.70422233713636,23.238254590075304],"bounds":[120.638265,23.169304,120.823429,23.370815],"focusBounds":[120.638265,23.169304,120.823429,23.370815],"color":"#58b99d","childCount":4}}]}
