{"type":"FeatureCollection","features":[{"type":"Feature","id":"65000010","geometry":{"type":"Polygon","coordinates":[[[121.485233,25.039225],[121.478395,25.039834],[121.469806,25.039254],[121.466267,25.038522],[121.461605,25.03674],[121.455321,25.033165],[121.45168,25.030443],[121.448821,25.027425],[121.437656,25.010653],[121.436833,25.007064],[121.43699,25.003137],[121.436338,25.000109],[121.43346,25.000184],[121.431633,24.999172],[121.430787,24.998032],[121.430931,24.996253],[121.430087,24.995218],[121.428877,24.993658],[121.428739,24.992534],[121.428177,24.992934],[121.427535,24.992081],[121.427938,24.991831],[121.425076,24.989412],[121.424413,24.987221],[121.426577,24.984057],[121.426727,24.981448],[121.425966,24.980049],[121.426775,24.976961],[121.4267,24.972937],[121.428813,24.972081],[121.434205,24.976114],[121.435131,24.981653],[121.436944,24.983184],[121.438321,24.986374],[121.44009,24.988174],[121.440859,24.992586],[121.440996,24.992161],[121.442017,24.992204],[121.442713,24.992916],[121.444237,24.991045],[121.449659,24.99308],[121.453065,24.991001],[121.454934,24.995785],[121.456277,24.996344],[121.456975,24.991506],[121.459343,24.99096],[121.461022,24.989159],[121.463242,24.989058],[121.466524,24.990641],[121.466704,24.991076],[121.466199,24.991095],[121.467122,24.992008],[121.46715,24.992982],[121.466254,24.992973],[121.464214,24.995618],[121.466541,25.000429],[121.465864,25.002073],[121.468415,25.003315],[121.467934,25.004427],[121.469745,25.005979],[121.471953,25.00699],[121.476338,25.011259],[121.480842,25.011624],[121.482054,25.011241],[121.482208,25.012184],[121.48167,25.012609],[121.482553,25.014531],[121.482004,25.015701],[121.488695,25.01576],[121.488388,25.02048],[121.488803,25.023347],[121.483642,25.035299],[121.483983,25.037357],[121.485233,25.039225]]]},"properties":{"code":"65000010","name":"板橋區","countyCode":"65000","countyName":"新北市","townCode":"65000010","townName":"板橋區","level":"town","unassigned":false,"note":"","label":[121.45557051316153,25.01175109146179],"bounds":[121.424413,24.972081,121.488803,25.039834],"focusBounds":[121.424413,24.972081,121.488803,25.039834],"color":"#58b99d","childCount":126}},{"type":"Feature","id":"65000020","geometry":{"type":"Polygon","coordinates":[[[121.504642,25.049752],[121.506228,25.053634],[121.506364,25.05601],[121.50539,25.059247],[121.506814,25.064659],[121.507046,25.06999],[121.506128,25.074578],[121.504678,25.078121],[121.502513,25.083197],[121.499767,25.087235],[121.491148,25.094765],[121.48395,25.088465],[121.484026,25.084487],[121.483001,25.083922],[121.482063,25.08166],[121.479169,25.078407],[121.477009,25.077133],[121.475344,25.073217],[121.473507,25.072689],[121.470995,25.073479],[121.470837,25.072257],[121.46966,25.072401],[121.469791,25.068593],[121.466948,25.066648],[121.465887,25.066717],[121.465549,25.065528],[121.465357,25.06247],[121.467359,25.058763],[121.467381,25.056091],[121.468687,25.053187],[121.467818,25.05116],[121.467171,25.047061],[121.46573,25.043769],[121.466267,25.038522],[121.469806,25.039254],[121.478395,25.039834],[121.485233,25.039225],[121.489098,25.042704],[121.495235,25.042855],[121.49993,25.044946],[121.504642,25.049752]]]},"properties":{"code":"65000020","name":"三重區","countyCode":"65000","countyName":"新北市","townCode":"65000020","townName":"三重區","level":"town","unassigned":false,"note":"","label":[121.48757042792101,25.06052536807111],"bounds":[121.465357,25.038522,121.507046,25.094765],"focusBounds":[121.465357,25.038522,121.507046,25.094765],"color":"#efb44f","childCount":120}},{"type":"Feature","id":"65000030","geometry":{"type":"Polygon","coordinates":[[[121.494035,25.009186],[121.492659,25.009526],[121.489565,25.013177],[121.488695,25.01576],[121.482004,25.015701],[121.482553,25.014531],[121.48167,25.012609],[121.482208,25.012184],[121.482054,25.011241],[121.480842,25.011624],[121.476338,25.011259],[121.471953,25.00699],[121.469745,25.005979],[121.467934,25.004427],[121.468415,25.003315],[121.465864,25.002073],[121.466541,25.000429],[121.464214,24.995618],[121.466254,24.992973],[121.46715,24.992982],[121.469036,24.994631],[121.469143,24.992693],[121.470078,24.991737],[121.470685,24.992826],[121.473053,24.994097],[121.47486,24.993107],[121.475356,24.992618],[121.474942,24.991981],[121.476943,24.990621],[121.477455,24.990964],[121.479717,24.990324],[121.477476,24.986588],[121.474367,24.983987],[121.474176,24.983207],[121.475681,24.979339],[121.477016,24.97943],[121.479068,24.977727],[121.479374,24.976004],[121.480637,24.975382],[121.48183,24.973218],[121.479576,24.972623],[121.479866,24.970091],[121.479467,24.967715],[121.478662,24.966633],[121.479869,24.964814],[121.479802,24.963924],[121.481136,24.963972],[121.482478,24.963357],[121.484278,24.964728],[121.485719,24.964786],[121.490135,24.967201],[121.491681,24.967335],[121.493909,24.968908],[121.495837,24.969205],[121.497704,24.97076],[121.501986,24.969855],[121.504259,24.972678],[121.50411,24.973257],[121.505739,24.973928],[121.505936,24.975015],[121.507192,24.975994],[121.509005,24.976511],[121.510907,24.978094],[121.511265,24.979255],[121.514479,24.981754],[121.513862,24.983297],[121.515952,24.987156],[121.51882,24.988305],[121.521987,24.98837],[121.523453,24.987914],[121.522524,24.985072],[121.523544,24.983875],[121.531699,24.990506],[121.531367,24.995433],[121.526741,24.995437],[121.525929,24.997562],[121.517103,24.9956],[121.514932,24.994524],[121.514013,24.993493],[121.512295,24.993495],[121.514998,24.998047],[121.514116,24.999794],[121.51501,25.00176],[121.514432,25.003947],[121.512463,25.004288],[121.508573,24.999915],[121.506365,24.999801],[121.506411,25.000686],[121.507737,25.002269],[121.508711,25.002512],[121.508876,25.00421],[121.503672,25.00703],[121.499442,25.008603],[121.498746,25.008399],[121.497911,25.009049],[121.49652,25.008341],[121.495122,25.008288],[121.494035,25.009186]]]},"properties":{"code":"65000030","name":"中和區","countyCode":"65000","countyName":"新北市","townCode":"65000030","townName":"中和區","level":"town","unassigned":false,"note":"","label":[121.49462365100818,24.990392650717915],"bounds":[121.464214,24.963357,121.531699,25.01576],"focusBounds":[121.464214,24.963357,121.531699,25.01576],"color":"#78a7e3","childCount":93}},{"type":"Feature","id":"65000040","geometry":{"type":"Polygon","coordinates":[[[121.512403,25.021743],[121.510772,25.021803],[121.508767,25.021142],[121.5053,25.017904],[121.500274,25.011953],[121.496846,25.00982],[121.494035,25.009186],[121.495122,25.008288],[121.49652,25.008341],[121.497911,25.009049],[121.498746,25.008399],[121.499442,25.008603],[121.503672,25.00703],[121.508876,25.00421],[121.508711,25.002512],[121.507737,25.002269],[121.506411,25.000686],[121.506365,24.999801],[121.508573,24.999915],[121.512463,25.004288],[121.514432,25.003947],[121.51501,25.00176],[121.514116,24.999794],[121.514998,24.998047],[121.512295,24.993495],[121.514013,24.993493],[121.514932,24.994524],[121.517103,24.9956],[121.525929,24.997562],[121.526741,24.995437],[121.531367,24.995433],[121.530514,24.998009],[121.531222,25.000365],[121.533906,25.003391],[121.531847,25.008669],[121.530788,25.009702],[121.528627,25.010189],[121.525968,25.01164],[121.521625,25.017544],[121.51964,25.019328],[121.517194,25.02048],[121.512403,25.021743]]]},"properties":{"code":"65000040","name":"永和區","countyCode":"65000","countyName":"新北市","townCode":"65000040","townName":"永和區","level":"town","unassigned":false,"note":"","label":[121.51376368190711,25.012723635513943],"bounds":[121.494035,24.993493,121.533906,25.021803],"focusBounds":[121.494035,24.993493,121.533906,25.021803],"color":"#dd8590","childCount":63}},{"type":"Feature","id":"65000050","geometry":{"type":"Polygon","coordinates":[[[121.466267,25.038522],[121.46573,25.043769],[121.467171,25.047061],[121.467818,25.05116],[121.468687,25.053187],[121.467381,25.056091],[121.467359,25.058763],[121.465357,25.06247],[121.465549,25.065528],[121.464574,25.067717],[121.461671,25.068815],[121.453519,25.065325],[121.453531,25.063014],[121.451944,25.062435],[121.450497,25.060812],[121.448035,25.062632],[121.447545,25.062366],[121.448085,25.060528],[121.447098,25.060618],[121.446887,25.059252],[121.446046,25.059658],[121.445264,25.058893],[121.444353,25.059744],[121.44401,25.058288],[121.43952,25.056811],[121.438692,25.055776],[121.439583,25.05365],[121.439452,25.052328],[121.440511,25.052134],[121.441134,25.050758],[121.440675,25.050568],[121.442024,25.04773],[121.439877,25.047039],[121.441825,25.044918],[121.441841,25.041429],[121.44053,25.04143],[121.437356,25.043223],[121.436687,25.038876],[121.432729,25.041149],[121.425825,25.033058],[121.424088,25.031835],[121.426165,25.030159],[121.423396,25.029295],[121.42203,25.030368],[121.421297,25.028755],[121.4182,25.030298],[121.416558,25.030202],[121.418168,25.033576],[121.416765,25.03477],[121.41556,25.034996],[121.414818,25.034443],[121.412684,25.035172],[121.413268,25.038759],[121.411468,25.039425],[121.412015,25.040362],[121.411596,25.040934],[121.410678,25.040753],[121.410764,25.041618],[121.409536,25.040823],[121.410403,25.0428],[121.408235,25.044617],[121.403046,25.045489],[121.398298,25.044106],[121.400668,25.043326],[121.400154,25.043028],[121.397664,25.0437],[121.39676,25.043087],[121.396171,25.043644],[121.393872,25.04378],[121.390682,25.041853],[121.391193,25.041485],[121.393553,25.041997],[121.393584,25.041434],[121.394357,25.041222],[121.394378,25.040088],[121.397139,25.03925],[121.397584,25.038491],[121.398972,25.038612],[121.399592,25.037499],[121.401074,25.037728],[121.400793,25.036952],[121.401203,25.036367],[121.399593,25.035876],[121.40008,25.034812],[121.401207,25.034452],[121.398574,25.034754],[121.39824,25.032495],[121.398786,25.031435],[121.397971,25.031218],[121.398527,25.030721],[121.39827,25.030096],[121.400793,25.029111],[121.401512,25.028155],[121.401296,25.026425],[121.403772,25.025275],[121.404626,25.023753],[121.408683,25.020862],[121.410614,25.021049],[121.410997,25.019432],[121.41211,25.019452],[121.412486,25.020321],[121.413877,25.018942],[121.414573,25.019518],[121.416831,25.019326],[121.417621,25.020017],[121.417983,25.019439],[121.420213,25.018865],[121.422171,25.017187],[121.423868,25.016771],[121.423483,25.014897],[121.424001,25.015038],[121.424365,25.01322],[121.424897,25.013355],[121.425249,25.012161],[121.42706,25.010488],[121.426331,25.00988],[121.426893,25.008251],[121.428071,25.008796],[121.42916,25.008282],[121.430061,25.0055],[121.432025,25.003572],[121.431045,25.001121],[121.430087,24.995218],[121.430931,24.996253],[121.430787,24.998032],[121.431633,24.999172],[121.43346,25.000184],[121.436338,25.000109],[121.43699,25.003137],[121.436833,25.007064],[121.437656,25.010653],[121.448821,25.027425],[121.45168,25.030443],[121.455321,25.033165],[121.461605,25.03674],[121.466267,25.038522]]]},"properties":{"code":"65000050","name":"新莊區","countyCode":"65000","countyName":"新北市","townCode":"65000050","townName":"新莊區","level":"town","unassigned":false,"note":"","label":[121.43679142675728,25.027928271385107],"bounds":[121.390682,24.995218,121.468687,25.068815],"focusBounds":[121.390682,24.995218,121.468687,25.068815],"color":"#a8bf62","childCount":84}},{"type":"Feature","id":"65000060","geometry":{"type":"Polygon","coordinates":[[[121.609231,24.964016],[121.60817,24.96304],[121.605061,24.962951],[121.601561,24.960966],[121.598434,24.961257],[121.597247,24.9605],[121.594879,24.961531],[121.593396,24.964211],[121.591973,24.963939],[121.591069,24.964614],[121.588748,24.963376],[121.58801,24.963689],[121.585674,24.963212],[121.584724,24.964469],[121.581117,24.965126],[121.578637,24.966587],[121.574557,24.966843],[121.574346,24.965285],[121.572543,24.96398],[121.570391,24.964443],[121.566269,24.963967],[121.564244,24.964681],[121.561267,24.964687],[121.558544,24.968328],[121.557645,24.971962],[121.556124,24.973298],[121.555204,24.976535],[121.55368,24.977422],[121.553054,24.980752],[121.553935,24.984798],[121.552369,24.986964],[121.550849,24.987226],[121.550881,24.985417],[121.549035,24.983761],[121.547112,24.983276],[121.545062,24.983668],[121.544205,24.984768],[121.544812,24.987027],[121.544174,24.988208],[121.539455,24.987729],[121.536903,24.988652],[121.536589,24.989722],[121.537048,24.992356],[121.535176,24.995133],[121.534162,24.993004],[121.531699,24.990506],[121.523544,24.983875],[121.522524,24.985072],[121.523453,24.987914],[121.521987,24.98837],[121.51882,24.988305],[121.515952,24.987156],[121.513862,24.983297],[121.514479,24.981754],[121.511265,24.979255],[121.510907,24.978094],[121.509005,24.976511],[121.507192,24.975994],[121.505936,24.975015],[121.505739,24.973928],[121.50411,24.973257],[121.504259,24.972678],[121.501986,24.969855],[121.497704,24.97076],[121.495837,24.969205],[121.493909,24.968908],[121.491681,24.967335],[121.490135,24.967201],[121.485719,24.964786],[121.484278,24.964728],[121.482478,24.963357],[121.481136,24.963972],[121.479802,24.963924],[121.473774,24.96074],[121.471883,24.958981],[121.472177,24.956098],[121.471394,24.955157],[121.470316,24.955107],[121.469832,24.954526],[121.467813,24.954399],[121.466874,24.953007],[121.466924,24.951553],[121.461726,24.947455],[121.459456,24.94773],[121.457499,24.946095],[121.458423,24.943113],[121.458721,24.939445],[121.460885,24.937595],[121.459725,24.935442],[121.46019,24.935033],[121.4599,24.934258],[121.464165,24.933183],[121.466103,24.931966],[121.467088,24.931984],[121.468471,24.930745],[121.470114,24.9312],[121.471482,24.930694],[121.473394,24.930841],[121.476301,24.929104],[121.478265,24.928592],[121.480223,24.928825],[121.484579,24.928028],[121.485767,24.926263],[121.485224,24.924481],[121.486072,24.922837],[121.486752,24.922234],[121.488174,24.92233],[121.490086,24.919],[121.492059,24.917079],[121.491775,24.915149],[121.490892,24.914045],[121.490882,24.912595],[121.490415,24.911622],[121.489599,24.911338],[121.49018,24.91009],[121.489389,24.908408],[121.490892,24.904988],[121.492528,24.903474],[121.489844,24.901277],[121.488339,24.901213],[121.48638,24.900342],[121.485715,24.899223],[121.486325,24.898215],[121.485332,24.898123],[121.484224,24.897111],[121.480413,24.890735],[121.478874,24.889955],[121.477663,24.887977],[121.475358,24.886171],[121.474955,24.881969],[121.472829,24.879482],[121.471778,24.877116],[121.472611,24.876265],[121.474556,24.875546],[121.475236,24.874187],[121.477108,24.872848],[121.477653,24.871159],[121.479246,24.870216],[121.477671,24.865649],[121.480381,24.861753],[121.483143,24.861822],[121.485404,24.862961],[121.488357,24.862194],[121.494874,24.868466],[121.499199,24.87032],[121.50188,24.872915],[121.504108,24.87364],[121.508851,24.877526],[121.517794,24.880859],[121.520713,24.883281],[121.52372,24.883774],[121.526293,24.8836],[121.529389,24.885073],[121.532926,24.888049],[121.535246,24.891735],[121.539774,24.893794],[121.546727,24.888321],[121.547903,24.888631],[121.551119,24.891254],[121.554996,24.891633],[121.557028,24.890708],[121.559092,24.890602],[121.564149,24.886794],[121.564582,24.883892],[121.564252,24.882081],[121.56482,24.880373],[121.564562,24.877134],[121.566492,24.87694],[121.568457,24.877562],[121.570031,24.876567],[121.571356,24.876888],[121.573384,24.874787],[121.575776,24.875082],[121.576748,24.877865],[121.577956,24.879353],[121.576949,24.881834],[121.577919,24.883221],[121.57697,24.884072],[121.57638,24.886004],[121.576636,24.887778],[121.578243,24.890819],[121.578047,24.892939],[121.578824,24.894863],[121.578645,24.896291],[121.57622,24.898729],[121.571662,24.900176],[121.569182,24.901645],[121.568028,24.90325],[121.566342,24.903568],[121.570271,24.906409],[121.571775,24.908641],[121.578951,24.908958],[121.584502,24.911413],[121.589376,24.914475],[121.592714,24.914102],[121.594202,24.913097],[121.595379,24.910955],[121.596825,24.910188],[121.598554,24.910467],[121.596988,24.912126],[121.596799,24.917455],[121.595729,24.919871],[121.595607,24.923859],[121.594145,24.927407],[121.596483,24.932806],[121.596876,24.9359],[121.597754,24.937576],[121.599879,24.939135],[121.599428,24.941293],[121.59804,24.943039],[121.598002,24.944755],[121.600179,24.945141],[121.601174,24.947067],[121.604463,24.947031],[121.606251,24.946212],[121.607047,24.947116],[121.606481,24.949802],[121.608494,24.95216],[121.607706,24.956344],[121.610169,24.956663],[121.610567,24.95923],[121.609231,24.964016]]]},"properties":{"code":"65000060","name":"新店區","countyCode":"65000","countyName":"新北市","townCode":"65000060","townName":"新店區","level":"town","unassigned":false,"note":"","label":[121.53049478996829,24.934286259893582],"bounds":[121.457499,24.861753,121.610567,24.995133],"focusBounds":[121.457499,24.861753,121.610567,24.995133],"color":"#a8bf62","childCount":69}},{"type":"Feature","id":"65000070","geometry":{"type":"Polygon","coordinates":[[[121.430087,24.995218],[121.431045,25.001121],[121.432025,25.003572],[121.430061,25.0055],[121.42916,25.008282],[121.428071,25.008796],[121.426893,25.008251],[121.426331,25.00988],[121.42706,25.010488],[121.425249,25.012161],[121.424897,25.013355],[121.424365,25.01322],[121.424001,25.015038],[121.423483,25.014897],[121.423868,25.016771],[121.422171,25.017187],[121.420213,25.018865],[121.417983,25.019439],[121.417621,25.020017],[121.416831,25.019326],[121.414573,25.019518],[121.413877,25.018942],[121.412486,25.020321],[121.41211,25.019452],[121.411404,25.018026],[121.40917,25.018386],[121.407549,25.017507],[121.404143,25.017186],[121.40163,25.015772],[121.397251,25.016218],[121.39466,25.014644],[121.39249,25.015484],[121.392619,25.013752],[121.392103,25.012544],[121.391187,25.012028],[121.393654,25.009807],[121.399518,25.00697],[121.399687,25.005948],[121.400385,25.005471],[121.400187,25.004315],[121.402043,25.002532],[121.401874,25.001238],[121.403267,25.000249],[121.403237,24.999328],[121.402782,24.998903],[121.40159,24.999165],[121.399983,24.998292],[121.398701,24.998355],[121.396843,24.997302],[121.396474,24.995549],[121.394024,24.993424],[121.390496,24.993316],[121.389976,24.994588],[121.388036,24.996396],[121.384185,24.995715],[121.383591,24.993511],[121.384323,24.991684],[121.383411,24.988607],[121.385481,24.986682],[121.38546,24.986044],[121.382351,24.983973],[121.380954,24.984289],[121.379331,24.983567],[121.3766,24.981185],[121.372404,24.979939],[121.37105,24.9781],[121.368917,24.976802],[121.368567,24.975527],[121.370123,24.972914],[121.37474,24.970409],[121.3754,24.968357],[121.377777,24.965631],[121.381178,24.965501],[121.382278,24.964818],[121.379683,24.96252],[121.378631,24.960847],[121.372204,24.956615],[121.366155,24.954763],[121.365681,24.951313],[121.363248,24.947531],[121.361747,24.946735],[121.361407,24.945543],[121.362286,24.945031],[121.36427,24.946081],[121.365394,24.947326],[121.370189,24.946642],[121.376074,24.949694],[121.379227,24.94341],[121.381514,24.944132],[121.385203,24.943782],[121.390383,24.945216],[121.393103,24.945003],[121.39473,24.946295],[121.396036,24.94636],[121.396757,24.945633],[121.395853,24.944552],[121.397255,24.942522],[121.400578,24.944433],[121.40178,24.945904],[121.40265,24.948224],[121.407568,24.952139],[121.409793,24.954027],[121.410552,24.956227],[121.409977,24.961154],[121.410728,24.964042],[121.410348,24.964892],[121.411897,24.965217],[121.413377,24.966255],[121.421171,24.968157],[121.423246,24.969109],[121.425639,24.97132],[121.428813,24.972081],[121.4267,24.972937],[121.426775,24.976961],[121.425966,24.980049],[121.426727,24.981448],[121.426577,24.984057],[121.424413,24.987221],[121.425076,24.989412],[121.427938,24.991831],[121.427535,24.992081],[121.428177,24.992934],[121.428739,24.992534],[121.428877,24.993658],[121.430087,24.995218]]]},"properties":{"code":"65000070","name":"樹林區","countyCode":"65000","countyName":"新北市","townCode":"65000070","townName":"樹林區","level":"town","unassigned":false,"note":"","label":[121.40163335754937,24.9788599269099],"bounds":[121.361407,24.942522,121.432025,25.020321],"focusBounds":[121.361407,24.942522,121.432025,25.020321],"color":"#68bec9","childCount":42}},{"type":"Feature","id":"65000080","geometry":{"type":"Polygon","coordinates":[[[121.368917,24.976802],[121.365972,24.978563],[121.36476,24.978673],[121.363906,24.979587],[121.361417,24.978819],[121.361224,24.977808],[121.358672,24.97821],[121.354096,24.977799],[121.352349,24.980849],[121.348324,24.979683],[121.347147,24.978843],[121.342682,24.982317],[121.342071,24.980949],[121.341133,24.980268],[121.336796,24.98068],[121.33592,24.979906],[121.334682,24.979759],[121.33462,24.979076],[121.333829,24.978689],[121.331581,24.978634],[121.330839,24.979354],[121.329801,24.979051],[121.327252,24.978332],[121.32719,24.977593],[121.328609,24.976265],[121.327463,24.975475],[121.327439,24.974747],[121.323679,24.972819],[121.32403,24.971301],[121.325142,24.971155],[121.328051,24.972873],[121.328536,24.971934],[121.328594,24.96847],[121.326934,24.966589],[121.328852,24.967884],[121.329806,24.966893],[121.32805,24.965452],[121.328713,24.964102],[121.329154,24.960576],[121.328094,24.955263],[121.327995,24.949188],[121.329742,24.946861],[121.331606,24.945542],[121.330423,24.944534],[121.324144,24.943292],[121.315781,24.938473],[121.31815,24.934794],[121.319834,24.93419],[121.320156,24.933539],[121.320708,24.933669],[121.321226,24.932064],[121.321926,24.932329],[121.32322,24.931279],[121.322058,24.92804],[121.333249,24.929828],[121.337567,24.928598],[121.339782,24.928499],[121.344253,24.931567],[121.348518,24.936463],[121.359093,24.942164],[121.359961,24.944096],[121.361407,24.945543],[121.361747,24.946735],[121.363248,24.947531],[121.365681,24.951313],[121.366155,24.954763],[121.372204,24.956615],[121.378631,24.960847],[121.379683,24.96252],[121.382278,24.964818],[121.381178,24.965501],[121.377777,24.965631],[121.3754,24.968357],[121.37474,24.970409],[121.370123,24.972914],[121.368567,24.975527],[121.368917,24.976802]]]},"properties":{"code":"65000080","name":"鶯歌區","countyCode":"65000","countyName":"新北市","townCode":"65000080","townName":"鶯歌區","level":"town","unassigned":false,"note":"","label":[121.34658250968883,24.95676151145834],"bounds":[121.315781,24.92804,121.382278,24.982317],"focusBounds":[121.315781,24.92804,121.382278,24.982317],"color":"#98b69b","childCount":20}},{"type":"Feature","id":"65000090","geometry":{"type":"Polygon","coordinates":[[[121.457499,24.946095],[121.456051,24.946286],[121.455649,24.945117],[121.454132,24.944351],[121.450828,24.943968],[121.448234,24.94172],[121.44467,24.939907],[121.442267,24.937629],[121.439952,24.937111],[121.439168,24.936221],[121.436814,24.935579],[121.434212,24.940232],[121.433073,24.941009],[121.430436,24.939202],[121.426819,24.939064],[121.425176,24.938376],[121.422201,24.938262],[121.419644,24.938766],[121.417589,24.937539],[121.414668,24.939448],[121.414263,24.940908],[121.413537,24.941477],[121.409225,24.941675],[121.40978,24.943284],[121.40857,24.947697],[121.408811,24.950988],[121.407568,24.952139],[121.40265,24.948224],[121.40178,24.945904],[121.400578,24.944433],[121.397255,24.942522],[121.395853,24.944552],[121.396757,24.945633],[121.396036,24.94636],[121.39473,24.946295],[121.393103,24.945003],[121.390383,24.945216],[121.385203,24.943782],[121.381514,24.944132],[121.379227,24.94341],[121.376074,24.949694],[121.370189,24.946642],[121.365394,24.947326],[121.36427,24.946081],[121.362286,24.945031],[121.361407,24.945543],[121.359961,24.944096],[121.359093,24.942164],[121.348518,24.936463],[121.344253,24.931567],[121.339782,24.928499],[121.33518,24.92492],[121.327959,24.924741],[121.324755,24.923433],[121.317585,24.916359],[121.319583,24.914943],[121.320294,24.913545],[121.322453,24.912588],[121.323587,24.909909],[121.326206,24.909181],[121.326215,24.907193],[121.324027,24.904712],[121.321898,24.903599],[121.321494,24.901429],[121.320322,24.900196],[121.327166,24.895901],[121.32817,24.896086],[121.329099,24.897308],[121.330565,24.897776],[121.33179,24.899812],[121.333246,24.899434],[121.333755,24.898796],[121.333237,24.898233],[121.333403,24.896348],[121.332076,24.893513],[121.333245,24.89317],[121.333655,24.891536],[121.335135,24.891706],[121.335462,24.892236],[121.338551,24.893363],[121.340531,24.892322],[121.342174,24.892552],[121.34114,24.887993],[121.341374,24.88746],[121.34341,24.886873],[121.344732,24.885764],[121.34567,24.879985],[121.347244,24.878683],[121.350584,24.878585],[121.352081,24.876758],[121.353465,24.876517],[121.353404,24.874979],[121.354449,24.873466],[121.353118,24.871102],[121.350576,24.870089],[121.349377,24.868758],[121.345759,24.868086],[121.345048,24.866939],[121.346343,24.865597],[121.347341,24.862072],[121.348354,24.86073],[121.349488,24.859692],[121.353372,24.858698],[121.355572,24.855056],[121.357838,24.854454],[121.358146,24.853445],[121.357268,24.853093],[121.356656,24.8536],[121.354735,24.853306],[121.353345,24.85059],[121.352733,24.850268],[121.351864,24.850605],[121.352735,24.849119],[121.349858,24.849648],[121.350379,24.848768],[121.348723,24.848353],[121.347863,24.850945],[121.347639,24.849934],[121.346212,24.850114],[121.342949,24.848771],[121.34042,24.848972],[121.337272,24.84841],[121.336208,24.847004],[121.335847,24.844932],[121.336224,24.843763],[121.340009,24.843388],[121.34249,24.844667],[121.346745,24.845887],[121.354823,24.843972],[121.35531,24.842496],[121.357791,24.839519],[121.360059,24.838177],[121.36416,24.838134],[121.367307,24.836764],[121.370122,24.836224],[121.370978,24.835302],[121.372822,24.834979],[121.372815,24.833787],[121.3735,24.833285],[121.377895,24.834483],[121.380753,24.836422],[121.383347,24.836985],[121.384548,24.838018],[121.385219,24.840965],[121.388079,24.84241],[121.390413,24.842473],[121.393534,24.843951],[121.397219,24.843746],[121.397053,24.842785],[121.398243,24.841691],[121.4009,24.841787],[121.402704,24.843573],[121.407059,24.841705],[121.41269,24.836953],[121.415605,24.835598],[121.41385,24.831959],[121.416083,24.828743],[121.416205,24.826918],[121.416917,24.825572],[121.418622,24.825212],[121.419376,24.825592],[121.423645,24.825432],[121.425039,24.822802],[121.425289,24.820109],[121.427009,24.819044],[121.427871,24.817127],[121.42957,24.815276],[121.432277,24.813482],[121.436566,24.812053],[121.437295,24.807836],[121.436957,24.805559],[121.437773,24.804615],[121.438014,24.803209],[121.438023,24.800884],[121.437095,24.79818],[121.438267,24.795338],[121.445708,24.790133],[121.447295,24.79006],[121.449479,24.79106],[121.450385,24.790917],[121.451463,24.791974],[121.453915,24.791777],[121.456207,24.79285],[121.455326,24.798921],[121.45736,24.800137],[121.458093,24.801161],[121.459385,24.801555],[121.461919,24.805418],[121.469063,24.807247],[121.472338,24.810321],[121.47328,24.813355],[121.4757,24.814222],[121.478407,24.816017],[121.481423,24.815682],[121.483445,24.817614],[121.484001,24.819674],[121.482836,24.820843],[121.482193,24.822548],[121.480397,24.823504],[121.483678,24.828386],[121.48342,24.829806],[121.483916,24.831545],[121.486736,24.834233],[121.4903,24.834478],[121.494603,24.836728],[121.494732,24.839662],[121.49621,24.841922],[121.496783,24.844756],[121.496457,24.846535],[121.497189,24.848708],[121.496176,24.851024],[121.494232,24.851744],[121.49311,24.852886],[121.492835,24.856577],[121.488357,24.862194],[121.485404,24.862961],[121.483143,24.861822],[121.480381,24.861753],[121.477671,24.865649],[121.479246,24.870216],[121.477653,24.871159],[121.477108,24.872848],[121.475236,24.874187],[121.474556,24.875546],[121.472611,24.876265],[121.471778,24.877116],[121.472829,24.879482],[121.474955,24.881969],[121.475358,24.886171],[121.477663,24.887977],[121.478874,24.889955],[121.480413,24.890735],[121.484224,24.897111],[121.485332,24.898123],[121.486325,24.898215],[121.485715,24.899223],[121.48638,24.900342],[121.488339,24.901213],[121.489844,24.901277],[121.492528,24.903474],[121.490892,24.904988],[121.489389,24.908408],[121.49018,24.91009],[121.489599,24.911338],[121.490415,24.911622],[121.490882,24.912595],[121.490892,24.914045],[121.491775,24.915149],[121.492059,24.917079],[121.490086,24.919],[121.488174,24.92233],[121.486752,24.922234],[121.486072,24.922837],[121.485224,24.924481],[121.485767,24.926263],[121.484579,24.928028],[121.480223,24.928825],[121.478265,24.928592],[121.476301,24.929104],[121.473394,24.930841],[121.471482,24.930694],[121.470114,24.9312],[121.468471,24.930745],[121.467088,24.931984],[121.466103,24.931966],[121.464165,24.933183],[121.4599,24.934258],[121.46019,24.935033],[121.459725,24.935442],[121.460885,24.937595],[121.458721,24.939445],[121.458423,24.943113],[121.457499,24.946095]]]},"properties":{"code":"65000090","name":"三峽區","countyCode":"65000","countyName":"新北市","townCode":"65000090","townName":"三峽區","level":"town","unassigned":false,"note":"","label":[121.42508040110086,24.888528817924183],"bounds":[121.317585,24.79006,121.497189,24.952139],"focusBounds":[121.317585,24.79006,121.497189,24.952139],"color":"#c38cb8","childCount":28}},{"type":"Feature","id":"65000100","geometry":{"type":"Polygon","coordinates":[[[121.521734,25.179119],[121.519593,25.182312],[121.513956,25.183961],[121.511659,25.185558],[121.509973,25.187537],[121.50759,25.187627],[121.507711,25.18876],[121.506687,25.189938],[121.503245,25.190756],[121.502611,25.192653],[121.500771,25.192943],[121.495372,25.19109],[121.494654,25.193122],[121.493036,25.193301],[121.493015,25.195023],[121.491514,25.196114],[121.485518,25.197297],[121.485702,25.199081],[121.488785,25.200274],[121.489266,25.20142],[121.488646,25.202852],[121.486964,25.203818],[121.487052,25.204535],[121.486186,25.204345],[121.485249,25.205206],[121.48653,25.206349],[121.486333,25.207279],[121.485021,25.208272],[121.486738,25.211313],[121.488912,25.21093],[121.490884,25.211234],[121.491537,25.212896],[121.492926,25.211954],[121.495967,25.214599],[121.497689,25.213775],[121.498525,25.215991],[121.496528,25.219034],[121.496239,25.222208],[121.498516,25.220692],[121.49824,25.222049],[121.500289,25.221564],[121.501536,25.223752],[121.499932,25.225212],[121.497616,25.225305],[121.496678,25.225963],[121.496311,25.227131],[121.497667,25.22937],[121.496601,25.230374],[121.492193,25.231954],[121.489193,25.231945],[121.475211,25.23769],[121.473467,25.237481],[121.473174,25.238176],[121.469255,25.239879],[121.468255,25.238601],[121.467684,25.239197],[121.463808,25.239107],[121.461527,25.240144],[121.460534,25.239878],[121.458792,25.240302],[121.457449,25.241196],[121.457542,25.24238],[121.456952,25.243138],[121.455566,25.243172],[121.454787,25.24403],[121.450317,25.244375],[121.445903,25.24185],[121.446119,25.240363],[121.444404,25.235542],[121.443413,25.234231],[121.443526,25.232525],[121.442265,25.229603],[121.440888,25.228424],[121.437313,25.219671],[121.437641,25.218018],[121.435921,25.217105],[121.430868,25.215887],[121.428678,25.212267],[121.424671,25.207917],[121.418936,25.199269],[121.418272,25.197417],[121.41869,25.195061],[121.41776,25.194261],[121.418684,25.192769],[121.419402,25.192552],[121.418861,25.191663],[121.416734,25.191547],[121.415929,25.190709],[121.414216,25.190114],[121.412236,25.189944],[121.411839,25.190667],[121.410902,25.190706],[121.404857,25.189834],[121.403908,25.186976],[121.404602,25.186077],[121.403969,25.183918],[121.404301,25.183094],[121.416366,25.180657],[121.41774,25.179417],[121.418848,25.177409],[121.417426,25.175546],[121.424528,25.171336],[121.43331,25.167617],[121.43887,25.164057],[121.444418,25.159638],[121.448971,25.154864],[121.450583,25.15231],[121.452642,25.146671],[121.456887,25.126347],[121.458652,25.124521],[121.458793,25.12294],[121.461347,25.123007],[121.461765,25.123578],[121.464826,25.124256],[121.464298,25.127574],[121.465714,25.131686],[121.468957,25.135627],[121.471754,25.137487],[121.472671,25.139351],[121.476455,25.142787],[121.476736,25.1439],[121.480852,25.147089],[121.482864,25.150221],[121.48401,25.150838],[121.486558,25.150793],[121.487469,25.151439],[121.487628,25.153002],[121.492366,25.160372],[121.498786,25.165001],[121.500115,25.168311],[121.501846,25.169425],[121.501656,25.171283],[121.502613,25.17246],[121.502571,25.173253],[121.504846,25.173247],[121.505752,25.171081],[121.507061,25.171158],[121.510423,25.169436],[121.51131,25.169412],[121.512627,25.170774],[121.513537,25.170994],[121.519847,25.169227],[121.522562,25.174681],[121.521989,25.176646],[121.522319,25.177888],[121.521734,25.179119]]]},"properties":{"code":"65000100","name":"淡水區","countyCode":"65000","countyName":"新北市","townCode":"65000100","townName":"淡水區","level":"town","unassigned":false,"note":"","label":[121.4576092973367,25.188719868661607],"bounds":[121.403908,25.12294,121.522562,25.244375],"focusBounds":[121.403908,25.12294,121.522562,25.244375],"color":"#98b69b","childCount":45}},{"type":"Feature","id":"65000110","geometry":{"type":"Polygon","coordinates":[[[121.728222,25.054955],[121.726133,25.058181],[121.722479,25.058582],[121.721991,25.060111],[121.719099,25.061518],[121.717824,25.063815],[121.712369,25.068034],[121.709421,25.06773],[121.706614,25.066554],[121.705396,25.066841],[121.704267,25.067929],[121.699522,25.067387],[121.696535,25.070094],[121.692072,25.070312],[121.690241,25.0717],[121.688421,25.071738],[121.681504,25.07704],[121.680307,25.077101],[121.680207,25.078089],[121.679225,25.078538],[121.678969,25.079583],[121.679772,25.080085],[121.680495,25.081883],[121.679932,25.084326],[121.681435,25.084321],[121.681641,25.084719],[121.681737,25.087112],[121.681211,25.08802],[121.680473,25.088264],[121.678811,25.087403],[121.67403,25.08292],[121.669042,25.085599],[121.667913,25.085757],[121.666369,25.087995],[121.664596,25.089278],[121.661797,25.089404],[121.660911,25.090886],[121.658384,25.09158],[121.657664,25.092746],[121.655701,25.09345],[121.656184,25.094558],[121.655864,25.095136],[121.653573,25.096238],[121.652431,25.097753],[121.650719,25.098449],[121.650441,25.100442],[121.648934,25.101756],[121.650153,25.103321],[121.651885,25.103501],[121.652225,25.104739],[121.650496,25.108027],[121.650239,25.109552],[121.646238,25.113625],[121.645717,25.115289],[121.646084,25.116129],[121.645686,25.119032],[121.646244,25.121053],[121.644688,25.122198],[121.644901,25.123369],[121.643179,25.127682],[121.641819,25.128082],[121.640776,25.129592],[121.638305,25.130743],[121.634923,25.13044],[121.63314,25.130987],[121.632548,25.132396],[121.628385,25.135011],[121.626798,25.139705],[121.623942,25.139671],[121.618975,25.138338],[121.616779,25.138909],[121.61628,25.137571],[121.611467,25.133389],[121.608868,25.132241],[121.607821,25.130211],[121.607544,25.129203],[121.604434,25.12592],[121.603462,25.1255],[121.602733,25.126197],[121.601719,25.126025],[121.600766,25.121847],[121.599811,25.120332],[121.598868,25.120117],[121.597501,25.116212],[121.595685,25.114156],[121.59549,25.113494],[121.596509,25.111278],[121.598385,25.10891],[121.6063,25.107286],[121.610383,25.105164],[121.615407,25.103868],[121.617413,25.101121],[121.621498,25.098312],[121.622035,25.097406],[121.623286,25.096928],[121.625457,25.097034],[121.626222,25.096091],[121.625367,25.095106],[121.625063,25.093667],[121.626319,25.091466],[121.625985,25.090516],[121.628215,25.088061],[121.628615,25.086471],[121.627527,25.08458],[121.627976,25.083251],[121.627501,25.082369],[121.62604,25.082019],[121.624262,25.080344],[121.624521,25.079126],[121.623912,25.078244],[121.625079,25.078835],[121.624938,25.077994],[121.623234,25.077107],[121.622773,25.074659],[121.621601,25.074789],[121.620619,25.073226],[121.62151,25.069575],[121.618603,25.067671],[121.61763,25.067602],[121.617925,25.065159],[121.616832,25.065874],[121.61614,25.063934],[121.619001,25.062822],[121.620775,25.061357],[121.62423,25.055851],[121.623432,25.055002],[121.62165,25.056512],[121.620525,25.056649],[121.620195,25.055823],[121.620927,25.053505],[121.618174,25.052296],[121.616469,25.050802],[121.616233,25.049374],[121.619107,25.04347],[121.621576,25.040374],[121.62314,25.039645],[121.624931,25.037724],[121.626403,25.037872],[121.629481,25.036728],[121.63021,25.035079],[121.633478,25.03574],[121.634073,25.034796],[121.634853,25.034997],[121.637905,25.033742],[121.639907,25.032013],[121.643747,25.030492],[121.644272,25.029773],[121.64585,25.029445],[121.646718,25.027993],[121.64798,25.028637],[121.648797,25.027916],[121.649516,25.028112],[121.650237,25.027625],[121.651844,25.02815],[121.652631,25.027574],[121.654183,25.027916],[121.655147,25.027436],[121.656822,25.027942],[121.657684,25.028869],[121.660801,25.030446],[121.66482,25.029545],[121.665855,25.029944],[121.665836,25.03373],[121.670758,25.032729],[121.672229,25.034399],[121.677161,25.034841],[121.678336,25.03631],[121.681156,25.037527],[121.684196,25.040083],[121.686215,25.040235],[121.68674,25.040963],[121.688398,25.04161],[121.692265,25.041887],[121.693814,25.040951],[121.695784,25.040695],[121.695726,25.03931],[121.696347,25.038385],[121.695509,25.037776],[121.695534,25.036906],[121.696941,25.035101],[121.699726,25.033976],[121.701651,25.03391],[121.703185,25.031983],[121.707791,25.033506],[121.708303,25.03409],[121.712726,25.033581],[121.713258,25.034838],[121.715776,25.03625],[121.716641,25.039187],[121.715976,25.041747],[121.717807,25.042957],[121.720967,25.047201],[121.722276,25.048197],[121.724544,25.048318],[121.727056,25.049439],[121.727393,25.050664],[121.730088,25.053348],[121.728222,25.054955]]]},"properties":{"code":"65000110","name":"汐止區","countyCode":"65000","countyName":"新北市","townCode":"65000110","townName":"汐止區","level":"town","unassigned":false,"note":"","label":[121.65001357127254,25.06424252178423],"bounds":[121.59549,25.027436,121.730088,25.139705],"focusBounds":[121.59549,25.027436,121.730088,25.139705],"color":"#efb44f","childCount":50}},{"type":"Feature","id":"65000120","geometry":{"type":"Polygon","coordinates":[[[121.92258,25.122313],[121.924145,25.124037],[121.926791,25.128842],[121.926044,25.129665],[121.924021,25.130117],[121.9197,25.127852],[121.916477,25.127263],[121.915592,25.126539],[121.914653,25.124203],[121.91378,25.124155],[121.913568,25.124924],[121.910751,25.123326],[121.90453,25.124321],[121.904432,25.123289],[121.903115,25.122756],[121.901756,25.121299],[121.897074,25.119694],[121.896042,25.120212],[121.895978,25.121007],[121.895041,25.120811],[121.894618,25.120155],[121.8934,25.120102],[121.893075,25.120628],[121.892842,25.119895],[121.892351,25.120341],[121.891645,25.119567],[121.89126,25.12016],[121.890803,25.119969],[121.891033,25.120274],[121.889821,25.119863],[121.888982,25.1205],[121.889712,25.12172],[121.88837,25.122547],[121.887284,25.122495],[121.888025,25.123246],[121.886297,25.122482],[121.885464,25.123297],[121.884365,25.123324],[121.884542,25.123967],[121.883424,25.123331],[121.883022,25.124044],[121.880696,25.123381],[121.88056,25.123949],[121.87998,25.123075],[121.879325,25.123079],[121.878383,25.123445],[121.87834,25.123983],[121.877892,25.123568],[121.877415,25.125044],[121.875992,25.125562],[121.874754,25.124854],[121.874559,25.125473],[121.87373,25.125389],[121.873642,25.124791],[121.872519,25.125383],[121.871511,25.1238],[121.869879,25.125372],[121.869144,25.124023],[121.868293,25.123721],[121.868512,25.123142],[121.865043,25.123144],[121.864059,25.124209],[121.862632,25.124302],[121.862484,25.126329],[121.861324,25.125091],[121.860917,25.125556],[121.86064,25.124582],[121.856084,25.124811],[121.848948,25.127251],[121.845711,25.127112],[121.84287,25.127821],[121.843009,25.12853],[121.841861,25.128856],[121.842063,25.12814],[121.8413,25.128655],[121.841475,25.128037],[121.840703,25.128598],[121.839455,25.128064],[121.838095,25.128626],[121.838032,25.128148],[121.837393,25.128393],[121.836931,25.127916],[121.836698,25.128431],[121.836062,25.128264],[121.836612,25.128197],[121.836306,25.128001],[121.834094,25.128425],[121.834287,25.127537],[121.833752,25.127009],[121.832829,25.126998],[121.832119,25.127779],[121.83151,25.127029],[121.830281,25.127793],[121.828813,25.127651],[121.828511,25.127121],[121.829572,25.124374],[121.82801,25.122735],[121.82738,25.124422],[121.827728,25.125218],[121.826392,25.124169],[121.827351,25.12439],[121.827975,25.122195],[121.827304,25.122633],[121.825649,25.122545],[121.825401,25.121731],[121.822538,25.12144],[121.821068,25.1224],[121.819878,25.124222],[121.820367,25.124364],[121.819754,25.124434],[121.820452,25.125347],[121.81955,25.125121],[121.819099,25.126813],[121.819551,25.126822],[121.819422,25.128634],[121.819765,25.12936],[121.821714,25.13054],[121.821939,25.132589],[121.824126,25.131977],[121.823396,25.132763],[121.825826,25.134695],[121.826611,25.13599],[121.822695,25.136269],[121.821152,25.13522],[121.819176,25.13476],[121.819211,25.135103],[121.818077,25.134252],[121.815423,25.134758],[121.810426,25.1331],[121.807387,25.134697],[121.806847,25.135618],[121.803509,25.136203],[121.802527,25.134329],[121.804028,25.133454],[121.80545,25.130286],[121.805058,25.12994],[121.805321,25.129122],[121.804103,25.128344],[121.803776,25.127447],[121.805019,25.125334],[121.803615,25.123839],[121.803133,25.122162],[121.802273,25.121805],[121.801134,25.122896],[121.799808,25.123123],[121.799109,25.124348],[121.798097,25.12429],[121.797175,25.125348],[121.796157,25.125405],[121.794611,25.126386],[121.794206,25.12335],[121.797077,25.121282],[121.797617,25.119818],[121.798881,25.119087],[121.798731,25.118426],[121.797583,25.117719],[121.797681,25.116918],[121.79863,25.116659],[121.797943,25.116115],[121.797767,25.114313],[121.795689,25.113743],[121.794681,25.112572],[121.792374,25.112867],[121.790156,25.112263],[121.785924,25.118189],[121.785279,25.11822],[121.783375,25.116615],[121.780703,25.117648],[121.779396,25.117571],[121.777033,25.118681],[121.776035,25.118622],[121.774905,25.119892],[121.773527,25.120273],[121.771935,25.119055],[121.769727,25.114965],[121.767992,25.113945],[121.766908,25.112523],[121.765462,25.113247],[121.763285,25.113442],[121.761452,25.112389],[121.75939,25.112587],[121.757139,25.11012],[121.751835,25.111005],[121.750005,25.10966],[121.750799,25.10783],[121.752738,25.106845],[121.75396,25.108713],[121.755963,25.108494],[121.757521,25.1064],[121.757433,25.104234],[121.758054,25.103684],[121.757404,25.102632],[121.7567,25.102752],[121.756803,25.101817],[121.759891,25.100615],[121.759361,25.099189],[121.759467,25.096362],[121.758361,25.094127],[121.759821,25.09024],[121.759166,25.088509],[121.759582,25.086776],[121.75913,25.084476],[121.759879,25.081393],[121.761251,25.078867],[121.761687,25.078391],[121.767091,25.078771],[121.769422,25.077903],[121.771315,25.076138],[121.772167,25.074122],[121.773645,25.073065],[121.775683,25.070058],[121.778143,25.071231],[121.780925,25.071158],[121.781468,25.07195],[121.783196,25.072658],[121.784598,25.072522],[121.788488,25.075515],[121.791056,25.076573],[121.795151,25.077351],[121.797893,25.075921],[121.800386,25.073004],[121.803311,25.067968],[121.805617,25.066407],[121.805622,25.065005],[121.804461,25.063407],[121.805962,25.058396],[121.806776,25.058057],[121.810156,25.059685],[121.812557,25.059227],[121.814237,25.058069],[121.813555,25.051809],[121.815295,25.047958],[121.814786,25.045685],[121.816879,25.042114],[121.818065,25.042037],[121.819561,25.042799],[121.821805,25.045974],[121.82352,25.045925],[121.824785,25.044903],[121.826716,25.04487],[121.827625,25.045529],[121.830254,25.045149],[121.831942,25.044122],[121.834014,25.044425],[121.834763,25.047459],[121.833872,25.048226],[121.833809,25.050346],[121.831642,25.054885],[121.830393,25.05629],[121.831276,25.058127],[121.830512,25.059142],[121.830528,25.061966],[121.829686,25.063134],[121.829678,25.06492],[121.832356,25.068905],[121.832083,25.07086],[121.832521,25.071838],[121.834982,25.073642],[121.836548,25.074094],[121.839174,25.076464],[121.840788,25.07915],[121.84074,25.08063],[121.843048,25.082499],[121.845757,25.087371],[121.847649,25.089348],[121.851555,25.089166],[121.851719,25.090818],[121.853666,25.095334],[121.857568,25.09735],[121.858731,25.096304],[121.861904,25.096496],[121.862745,25.095885],[121.866568,25.095123],[121.867065,25.094105],[121.868735,25.09374],[121.87232,25.093758],[121.874155,25.095004],[121.875534,25.094599],[121.878656,25.095083],[121.881776,25.097824],[121.887372,25.100332],[121.890227,25.100441],[121.890997,25.101101],[121.892456,25.100573],[121.895716,25.101161],[121.897399,25.103646],[121.894768,25.108674],[121.895047,25.110028],[121.896579,25.111329],[121.89763,25.113759],[121.900054,25.113675],[121.901658,25.114819],[121.902093,25.115918],[121.903231,25.1159],[121.906354,25.117412],[121.907812,25.117602],[121.908523,25.116701],[121.911498,25.117745],[121.913096,25.11768],[121.92258,25.122313]]]},"properties":{"code":"65000120","name":"瑞芳區","countyCode":"65000","countyName":"新北市","townCode":"65000120","townName":"瑞芳區","level":"town","unassigned":false,"note":"","label":[121.81762683463326,25.09643333844803],"bounds":[121.750005,25.042037,121.926791,25.136269],"focusBounds":[121.750005,25.042037,121.926791,25.136269],"color":"#efb44f","childCount":37}},{"type":"Feature","id":"65000130","geometry":{"type":"Polygon","coordinates":[[[121.46715,24.992982],[121.467122,24.992008],[121.466199,24.991095],[121.466704,24.991076],[121.466524,24.990641],[121.463242,24.989058],[121.461022,24.989159],[121.459343,24.99096],[121.456975,24.991506],[121.456277,24.996344],[121.454934,24.995785],[121.453065,24.991001],[121.449659,24.99308],[121.444237,24.991045],[121.442713,24.992916],[121.442017,24.992204],[121.440996,24.992161],[121.440859,24.992586],[121.44009,24.988174],[121.438321,24.986374],[121.436944,24.983184],[121.435131,24.981653],[121.434205,24.976114],[121.428813,24.972081],[121.425639,24.97132],[121.423246,24.969109],[121.421171,24.968157],[121.413377,24.966255],[121.411897,24.965217],[121.410348,24.964892],[121.410728,24.964042],[121.409977,24.961154],[121.410552,24.956227],[121.409793,24.954027],[121.407568,24.952139],[121.408811,24.950988],[121.40857,24.947697],[121.40978,24.943284],[121.409225,24.941675],[121.413537,24.941477],[121.414263,24.940908],[121.414668,24.939448],[121.417589,24.937539],[121.419644,24.938766],[121.422201,24.938262],[121.425176,24.938376],[121.426819,24.939064],[121.430436,24.939202],[121.433073,24.941009],[121.434212,24.940232],[121.436814,24.935579],[121.439168,24.936221],[121.439952,24.937111],[121.442267,24.937629],[121.44467,24.939907],[121.448234,24.94172],[121.450828,24.943968],[121.454132,24.944351],[121.455649,24.945117],[121.456051,24.946286],[121.457499,24.946095],[121.459456,24.94773],[121.461726,24.947455],[121.466924,24.951553],[121.466874,24.953007],[121.467813,24.954399],[121.469832,24.954526],[121.470316,24.955107],[121.471394,24.955157],[121.472177,24.956098],[121.471883,24.958981],[121.473774,24.96074],[121.479802,24.963924],[121.479869,24.964814],[121.478662,24.966633],[121.479467,24.967715],[121.479866,24.970091],[121.479576,24.972623],[121.48183,24.973218],[121.480637,24.975382],[121.479374,24.976004],[121.479068,24.977727],[121.477016,24.97943],[121.475681,24.979339],[121.474176,24.983207],[121.474367,24.983987],[121.477476,24.986588],[121.479717,24.990324],[121.477455,24.990964],[121.476943,24.990621],[121.474942,24.991981],[121.475356,24.992618],[121.47486,24.993107],[121.473053,24.994097],[121.470685,24.992826],[121.470078,24.991737],[121.469143,24.992693],[121.469036,24.994631],[121.46715,24.992982]]]},"properties":{"code":"65000130","name":"土城區","countyCode":"65000","countyName":"新北市","townCode":"65000130","townName":"土城區","level":"town","unassigned":false,"note":"","label":[121.44643042257954,24.962091834210277],"bounds":[121.407568,24.935579,121.48183,24.996344],"focusBounds":[121.407568,24.935579,121.48183,24.996344],"color":"#dd8590","childCount":47}},{"type":"Feature","id":"65000140","geometry":{"type":"Polygon","coordinates":[[[121.491148,25.094765],[121.48892,25.097013],[121.486384,25.098582],[121.481077,25.100876],[121.478287,25.1014],[121.466384,25.101655],[121.462667,25.103164],[121.461585,25.101472],[121.461055,25.099046],[121.458239,25.097968],[121.457762,25.094064],[121.455663,25.091997],[121.454624,25.088296],[121.455438,25.083713],[121.456987,25.081359],[121.461076,25.078886],[121.469596,25.075985],[121.470995,25.073479],[121.473507,25.072689],[121.475344,25.073217],[121.477009,25.077133],[121.479169,25.078407],[121.482063,25.08166],[121.483001,25.083922],[121.484026,25.084487],[121.48395,25.088465],[121.491148,25.094765]]]},"properties":{"code":"65000140","name":"蘆洲區","countyCode":"65000","countyName":"新北市","townCode":"65000140","townName":"蘆洲區","level":"town","unassigned":false,"note":"","label":[121.47091347367629,25.088635452609914],"bounds":[121.454624,25.072689,121.491148,25.103164],"focusBounds":[121.454624,25.072689,121.491148,25.103164],"color":"#dd8590","childCount":39}},{"type":"Feature","id":"65000150","geometry":{"type":"Polygon","coordinates":[[[121.459028,25.112722],[121.458407,25.112834],[121.458549,25.114285],[121.45672,25.114496],[121.455384,25.116247],[121.455419,25.117434],[121.456074,25.117806],[121.455713,25.118458],[121.452989,25.119331],[121.453158,25.120809],[121.451832,25.120086],[121.449051,25.120156],[121.447672,25.122122],[121.445933,25.123029],[121.44156,25.123104],[121.439673,25.124907],[121.437724,25.125364],[121.435953,25.127287],[121.433077,25.127928],[121.431525,25.129005],[121.4296,25.128663],[121.426145,25.129573],[121.425162,25.132182],[121.424681,25.132255],[121.423181,25.131511],[121.421332,25.129556],[121.420673,25.129534],[121.420385,25.130142],[121.415755,25.129698],[121.416067,25.125057],[121.414948,25.122997],[121.412689,25.122768],[121.410044,25.120993],[121.404785,25.122564],[121.402263,25.120454],[121.403232,25.120074],[121.403198,25.119375],[121.402546,25.118591],[121.401065,25.118072],[121.400992,25.115131],[121.400012,25.113323],[121.400807,25.112936],[121.401675,25.110443],[121.401253,25.109217],[121.401841,25.107588],[121.402948,25.107109],[121.403519,25.10598],[121.404035,25.100989],[121.404675,25.100787],[121.404756,25.101385],[121.406533,25.102656],[121.406589,25.10169],[121.407403,25.101089],[121.407113,25.099768],[121.408242,25.098702],[121.40911,25.099525],[121.410212,25.095493],[121.4109,25.095132],[121.411696,25.096167],[121.412634,25.096343],[121.411849,25.092971],[121.41219,25.091902],[121.409098,25.0951],[121.40693,25.096123],[121.409454,25.093404],[121.408671,25.091999],[121.409853,25.09231],[121.410707,25.090038],[121.407998,25.088328],[121.408495,25.087691],[121.40824,25.086816],[121.40922,25.085978],[121.408968,25.084515],[121.410846,25.082357],[121.41241,25.082098],[121.412932,25.080529],[121.414994,25.082557],[121.414285,25.080795],[121.414611,25.078854],[121.41342,25.079211],[121.412449,25.080753],[121.409538,25.082571],[121.409099,25.082517],[121.409371,25.081423],[121.408655,25.080472],[121.406608,25.082664],[121.403712,25.08411],[121.403412,25.084792],[121.404331,25.084815],[121.403915,25.08519],[121.401733,25.084521],[121.402695,25.083983],[121.402271,25.082967],[121.403286,25.081637],[121.403118,25.080412],[121.405231,25.080214],[121.404662,25.079763],[121.405153,25.07936],[121.403713,25.078287],[121.403495,25.077034],[121.402061,25.076394],[121.40396,25.076215],[121.405106,25.077196],[121.405683,25.07639],[121.407906,25.076991],[121.408285,25.075846],[121.410378,25.075613],[121.4145,25.07235],[121.415599,25.070599],[121.419344,25.069007],[121.423456,25.069405],[121.430711,25.069032],[121.431566,25.068484],[121.431978,25.066089],[121.435029,25.066602],[121.437528,25.064412],[121.438791,25.065714],[121.438399,25.067283],[121.440326,25.067054],[121.440877,25.067809],[121.442258,25.067361],[121.442933,25.069148],[121.445551,25.069377],[121.44571,25.064328],[121.448349,25.063251],[121.448035,25.062632],[121.450497,25.060812],[121.451944,25.062435],[121.453531,25.063014],[121.453519,25.065325],[121.461671,25.068815],[121.464574,25.067717],[121.465549,25.065528],[121.465887,25.066717],[121.466948,25.066648],[121.469791,25.068593],[121.46966,25.072401],[121.470837,25.072257],[121.470995,25.073479],[121.469596,25.075985],[121.461076,25.078886],[121.456987,25.081359],[121.455438,25.083713],[121.454624,25.088296],[121.455663,25.091997],[121.457762,25.094064],[121.458239,25.097968],[121.461055,25.099046],[121.461585,25.101472],[121.462667,25.103164],[121.457294,25.107194],[121.457316,25.109088],[121.459028,25.112722]]]},"properties":{"code":"65000150","name":"五股區","countyCode":"65000","countyName":"新北市","townCode":"65000150","townName":"五股區","level":"town","unassigned":false,"note":"","label":[121.43392178450283,25.097077437546133],"bounds":[121.400012,25.060812,121.470995,25.132255],"focusBounds":[121.400012,25.060812,121.470995,25.132255],"color":"#a49ad4","childCount":21}},{"type":"Feature","id":"65000160","geometry":{"type":"Polygon","coordinates":[[[121.408285,25.075846],[121.406516,25.07595],[121.404785,25.075127],[121.402291,25.074976],[121.398142,25.076529],[121.399515,25.073924],[121.398982,25.072847],[121.399191,25.06906],[121.3985,25.068081],[121.399812,25.068568],[121.401284,25.07016],[121.401969,25.069907],[121.401438,25.072098],[121.403993,25.070124],[121.405919,25.070182],[121.406077,25.068713],[121.404844,25.068023],[121.402971,25.068072],[121.402642,25.067389],[121.40334,25.065925],[121.40408,25.06592],[121.405655,25.064637],[121.405259,25.063097],[121.403617,25.062557],[121.40357,25.06435],[121.402868,25.063558],[121.400255,25.063061],[121.400659,25.064557],[121.400018,25.065425],[121.397337,25.065666],[121.394732,25.066788],[121.396649,25.067959],[121.395494,25.068656],[121.396963,25.070682],[121.397079,25.072509],[121.396199,25.073198],[121.391925,25.070289],[121.392234,25.069725],[121.391732,25.069361],[121.389809,25.069396],[121.389898,25.06808],[121.389333,25.067912],[121.388271,25.068002],[121.388788,25.068994],[121.388346,25.069885],[121.387633,25.06999],[121.3871,25.071563],[121.386975,25.072204],[121.388137,25.072386],[121.38784,25.072765],[121.386641,25.072993],[121.385971,25.072543],[121.385499,25.069933],[121.384192,25.071559],[121.378758,25.071967],[121.377175,25.072758],[121.377496,25.071745],[121.378925,25.070939],[121.378906,25.070167],[121.379589,25.070826],[121.38067,25.070737],[121.380928,25.070153],[121.382459,25.070006],[121.38293,25.069166],[121.382287,25.06857],[121.382919,25.067964],[121.382663,25.066025],[121.379895,25.066084],[121.380137,25.065145],[121.382161,25.064299],[121.382908,25.062933],[121.386409,25.063268],[121.387241,25.062562],[121.388309,25.063063],[121.388174,25.061555],[121.391115,25.061482],[121.390925,25.060808],[121.388952,25.0607],[121.387684,25.059718],[121.389737,25.059056],[121.388493,25.058304],[121.388639,25.056877],[121.385598,25.058111],[121.385732,25.056802],[121.387451,25.054982],[121.385845,25.053108],[121.38444,25.052562],[121.385899,25.052526],[121.387833,25.053235],[121.388184,25.052879],[121.389499,25.053479],[121.3893,25.052929],[121.38987,25.052839],[121.390823,25.053299],[121.390889,25.054481],[121.392751,25.055054],[121.39104,25.053583],[121.392946,25.053977],[121.396241,25.052546],[121.39753,25.051459],[121.400704,25.051386],[121.400185,25.050972],[121.400292,25.049596],[121.399755,25.049363],[121.398364,25.050639],[121.398619,25.050969],[121.398074,25.051119],[121.397589,25.050531],[121.398332,25.049782],[121.39853,25.048473],[121.396817,25.049543],[121.395802,25.049395],[121.394689,25.050378],[121.394485,25.050024],[121.394021,25.050341],[121.394414,25.047501],[121.396033,25.048561],[121.39858,25.04812],[121.399442,25.047764],[121.397701,25.046288],[121.398289,25.046407],[121.398934,25.04579],[121.399564,25.046031],[121.399862,25.04496],[121.401056,25.045543],[121.403046,25.045489],[121.408235,25.044617],[121.410403,25.0428],[121.409536,25.040823],[121.410764,25.041618],[121.410678,25.040753],[121.411596,25.040934],[121.412015,25.040362],[121.411468,25.039425],[121.413268,25.038759],[121.412684,25.035172],[121.414818,25.034443],[121.41556,25.034996],[121.416765,25.03477],[121.418168,25.033576],[121.416558,25.030202],[121.4182,25.030298],[121.421297,25.028755],[121.42203,25.030368],[121.423396,25.029295],[121.426165,25.030159],[121.424088,25.031835],[121.425825,25.033058],[121.432729,25.041149],[121.436687,25.038876],[121.437356,25.043223],[121.44053,25.04143],[121.441841,25.041429],[121.441825,25.044918],[121.439877,25.047039],[121.442024,25.04773],[121.440675,25.050568],[121.441134,25.050758],[121.440511,25.052134],[121.439452,25.052328],[121.439583,25.05365],[121.438692,25.055776],[121.43952,25.056811],[121.44401,25.058288],[121.444353,25.059744],[121.445264,25.058893],[121.446046,25.059658],[121.446887,25.059252],[121.447098,25.060618],[121.448085,25.060528],[121.447545,25.062366],[121.448035,25.062632],[121.448349,25.063251],[121.44571,25.064328],[121.445551,25.069377],[121.442933,25.069148],[121.442258,25.067361],[121.440877,25.067809],[121.440326,25.067054],[121.438399,25.067283],[121.438791,25.065714],[121.437528,25.064412],[121.435029,25.066602],[121.431978,25.066089],[121.431566,25.068484],[121.430711,25.069032],[121.423456,25.069405],[121.419344,25.069007],[121.415599,25.070599],[121.4145,25.07235],[121.410378,25.075613],[121.408285,25.075846]]]},"properties":{"code":"65000160","name":"泰山區","countyCode":"65000","countyName":"新北市","townCode":"65000160","townName":"泰山區","level":"town","unassigned":false,"note":"","label":[121.42228736435658,25.052963925682455],"bounds":[121.377175,25.028755,121.448349,25.076529],"focusBounds":[121.377175,25.028755,121.448349,25.076529],"color":"#df9f6a","childCount":17}},{"type":"Feature","id":"65000170","geometry":{"type":"Polygon","coordinates":[[[121.401841,25.107588],[121.401992,25.106166],[121.400239,25.106322],[121.402173,25.104659],[121.402526,25.103578],[121.401623,25.103277],[121.401893,25.101084],[121.400798,25.101686],[121.402514,25.098972],[121.401779,25.097945],[121.403992,25.095329],[121.40295,25.094864],[121.402969,25.092961],[121.401946,25.09193],[121.400766,25.091776],[121.40035,25.089592],[121.401365,25.089],[121.40243,25.089151],[121.402914,25.088521],[121.402223,25.088381],[121.402037,25.087492],[121.399693,25.087757],[121.399409,25.086489],[121.399918,25.085403],[121.399276,25.085706],[121.398645,25.084068],[121.397303,25.084479],[121.397235,25.08294],[121.398597,25.082006],[121.398851,25.081062],[121.396212,25.081974],[121.395723,25.082888],[121.395983,25.083589],[121.395468,25.083836],[121.393755,25.080134],[121.392931,25.079846],[121.392415,25.081346],[121.393595,25.084062],[121.392827,25.084501],[121.392716,25.086383],[121.390222,25.086874],[121.389985,25.088122],[121.39074,25.088299],[121.391076,25.087476],[121.3928,25.087482],[121.392851,25.089013],[121.394559,25.088118],[121.394066,25.087501],[121.394616,25.086127],[121.395606,25.086295],[121.396237,25.087131],[121.396042,25.090463],[121.396711,25.090818],[121.396933,25.093055],[121.39631,25.093507],[121.396793,25.094449],[121.396434,25.095073],[121.397018,25.095563],[121.395521,25.095914],[121.396109,25.096476],[121.394969,25.097607],[121.395721,25.098228],[121.395347,25.100247],[121.393501,25.102147],[121.39405,25.102878],[121.393044,25.103332],[121.392964,25.104769],[121.392678,25.103633],[121.39347,25.100544],[121.392416,25.101247],[121.392346,25.10028],[121.391727,25.100657],[121.389815,25.104488],[121.389416,25.106441],[121.38799,25.107092],[121.387102,25.109115],[121.385197,25.109479],[121.38651,25.111394],[121.385435,25.112603],[121.385885,25.114917],[121.383322,25.114741],[121.38138,25.11652],[121.380142,25.116698],[121.379593,25.117714],[121.376894,25.119839],[121.377093,25.121416],[121.375934,25.121404],[121.374809,25.122202],[121.37432,25.124553],[121.372609,25.125807],[121.36883,25.132193],[121.367132,25.133886],[121.365794,25.1397],[121.365267,25.140168],[121.363991,25.137178],[121.359937,25.134747],[121.35607,25.133442],[121.352596,25.131179],[121.346891,25.12988],[121.345034,25.128423],[121.341713,25.128707],[121.338625,25.126965],[121.335529,25.126086],[121.330677,25.125476],[121.326861,25.124223],[121.323547,25.124258],[121.32014,25.123419],[121.317642,25.124122],[121.313463,25.123455],[121.310229,25.123745],[121.309648,25.125857],[121.304945,25.126108],[121.30439,25.125771],[121.304152,25.124159],[121.300632,25.125212],[121.298772,25.124195],[121.297873,25.125608],[121.296713,25.126168],[121.296467,25.123104],[121.296847,25.122643],[121.296179,25.122834],[121.295446,25.12205],[121.294705,25.122117],[121.294911,25.12082],[121.292598,25.119098],[121.287671,25.117899],[121.283387,25.117809],[121.283906,25.112444],[121.282752,25.109633],[121.285204,25.108596],[121.287145,25.106816],[121.290246,25.106859],[121.29162,25.102639],[121.295502,25.103017],[121.298306,25.104492],[121.299844,25.103502],[121.300105,25.102194],[121.301223,25.101674],[121.301393,25.098478],[121.302786,25.09679],[121.304473,25.096363],[121.305493,25.096765],[121.309362,25.096217],[121.310517,25.096545],[121.317114,25.093964],[121.318239,25.093008],[121.325023,25.092549],[121.328053,25.090984],[121.330126,25.088255],[121.336378,25.085201],[121.338298,25.083742],[121.343598,25.084216],[121.344185,25.083636],[121.346402,25.083622],[121.348152,25.08236],[121.349496,25.082248],[121.350261,25.081238],[121.349428,25.080748],[121.348941,25.081215],[121.342471,25.080093],[121.346053,25.079169],[121.346501,25.079534],[121.347672,25.079268],[121.347982,25.078798],[121.346676,25.078342],[121.345246,25.078544],[121.345462,25.077458],[121.346528,25.077153],[121.346355,25.076784],[121.344221,25.077843],[121.344475,25.076059],[121.346232,25.075641],[121.344606,25.07503],[121.342809,25.075303],[121.341573,25.076623],[121.341172,25.075706],[121.34046,25.076357],[121.340529,25.07408],[121.341013,25.073489],[121.342603,25.073497],[121.341854,25.072671],[121.348035,25.073819],[121.348948,25.074494],[121.349922,25.076629],[121.350424,25.075277],[121.349897,25.073538],[121.351761,25.074459],[121.353461,25.073292],[121.351722,25.073565],[121.350522,25.072818],[121.349853,25.071302],[121.349085,25.071562],[121.34894,25.072414],[121.348245,25.071057],[121.34645,25.0703],[121.349695,25.069653],[121.352137,25.067924],[121.352299,25.068793],[121.353774,25.068583],[121.353824,25.067819],[121.355093,25.067079],[121.354902,25.065371],[121.364163,25.06496],[121.376144,25.066116],[121.380137,25.065145],[121.379895,25.066084],[121.382663,25.066025],[121.382919,25.067964],[121.382287,25.06857],[121.38293,25.069166],[121.382459,25.070006],[121.380928,25.070153],[121.38067,25.070737],[121.379589,25.070826],[121.378906,25.070167],[121.378925,25.070939],[121.377496,25.071745],[121.377175,25.072758],[121.378758,25.071967],[121.384192,25.071559],[121.385499,25.069933],[121.385971,25.072543],[121.386641,25.072993],[121.38784,25.072765],[121.388137,25.072386],[121.386975,25.072204],[121.3871,25.071563],[121.387633,25.06999],[121.388346,25.069885],[121.388788,25.068994],[121.388271,25.068002],[121.389333,25.067912],[121.389898,25.06808],[121.389809,25.069396],[121.391732,25.069361],[121.392234,25.069725],[121.391925,25.070289],[121.396199,25.073198],[121.397079,25.072509],[121.396963,25.070682],[121.395494,25.068656],[121.396649,25.067959],[121.394732,25.066788],[121.397337,25.065666],[121.400018,25.065425],[121.400659,25.064557],[121.400255,25.063061],[121.402868,25.063558],[121.40357,25.06435],[121.403617,25.062557],[121.405259,25.063097],[121.405655,25.064637],[121.40408,25.06592],[121.40334,25.065925],[121.402642,25.067389],[121.402971,25.068072],[121.404844,25.068023],[121.406077,25.068713],[121.405919,25.070182],[121.403993,25.070124],[121.401438,25.072098],[121.401969,25.069907],[121.401284,25.07016],[121.399812,25.068568],[121.3985,25.068081],[121.399191,25.06906],[121.398982,25.072847],[121.399515,25.073924],[121.398142,25.076529],[121.402291,25.074976],[121.404785,25.075127],[121.406516,25.07595],[121.408285,25.075846],[121.407906,25.076991],[121.405683,25.07639],[121.405106,25.077196],[121.40396,25.076215],[121.402061,25.076394],[121.403495,25.077034],[121.403713,25.078287],[121.405153,25.07936],[121.404662,25.079763],[121.405231,25.080214],[121.403118,25.080412],[121.403286,25.081637],[121.402271,25.082967],[121.402695,25.083983],[121.401733,25.084521],[121.403915,25.08519],[121.404331,25.084815],[121.403412,25.084792],[121.403712,25.08411],[121.406608,25.082664],[121.408655,25.080472],[121.409371,25.081423],[121.409099,25.082517],[121.409538,25.082571],[121.412449,25.080753],[121.41342,25.079211],[121.414611,25.078854],[121.414285,25.080795],[121.414994,25.082557],[121.412932,25.080529],[121.41241,25.082098],[121.410846,25.082357],[121.408968,25.084515],[121.40922,25.085978],[121.40824,25.086816],[121.408495,25.087691],[121.407998,25.088328],[121.410707,25.090038],[121.409853,25.09231],[121.408671,25.091999],[121.409454,25.093404],[121.40693,25.096123],[121.409098,25.0951],[121.41219,25.091902],[121.411849,25.092971],[121.412634,25.096343],[121.411696,25.096167],[121.4109,25.095132],[121.410212,25.095493],[121.40911,25.099525],[121.408242,25.098702],[121.407113,25.099768],[121.407403,25.101089],[121.406589,25.10169],[121.406533,25.102656],[121.404756,25.101385],[121.404675,25.100787],[121.404035,25.100989],[121.403519,25.10598],[121.402948,25.107109],[121.401841,25.107588]]]},"properties":{"code":"65000170","name":"林口區","countyCode":"65000","countyName":"新北市","townCode":"65000170","townName":"林口區","level":"town","unassigned":false,"note":"","label":[121.35699793536612,25.105527360817277],"bounds":[121.282752,25.062557,121.414994,25.140168],"focusBounds":[121.282752,25.062557,121.414994,25.140168],"color":"#68bec9","childCount":22}},{"type":"Feature","id":"65000180","geometry":{"type":"Polygon","coordinates":[[[121.640219,25.023544],[121.637508,25.024071],[121.635687,25.023211],[121.635622,25.024012],[121.632209,25.0256],[121.630812,25.024539],[121.630272,25.022234],[121.628936,25.019929],[121.626929,25.01954],[121.626175,25.018621],[121.623189,25.017256],[121.620547,25.018386],[121.617398,25.018449],[121.616078,25.0197],[121.613374,25.019138],[121.610352,25.019865],[121.609258,25.020947],[121.60821,25.019438],[121.604126,25.019087],[121.602625,25.015082],[121.597635,25.014807],[121.597261,25.014383],[121.597566,25.013278],[121.596554,25.012048],[121.595864,25.009104],[121.595912,25.004505],[121.597889,25.004142],[121.5995,25.002759],[121.600467,25.001082],[121.600525,24.99847],[121.598139,24.994494],[121.599366,24.992999],[121.599062,24.991705],[121.601972,24.990286],[121.601831,24.987908],[121.599861,24.98639],[121.600664,24.980314],[121.599362,24.978742],[121.599509,24.978145],[121.600504,24.976694],[121.603861,24.975468],[121.60521,24.974357],[121.608694,24.974782],[121.610116,24.97423],[121.611348,24.974606],[121.613348,24.973394],[121.6143,24.973537],[121.616197,24.971673],[121.619276,24.970541],[121.619984,24.969284],[121.625082,24.971179],[121.629179,24.974357],[121.631478,24.975469],[121.633795,24.977648],[121.636721,24.978805],[121.637523,24.979939],[121.639176,24.980707],[121.637751,24.983401],[121.637038,24.987431],[121.637562,24.988109],[121.637129,24.989356],[121.637819,24.991204],[121.636398,24.992578],[121.63654,24.993568],[121.637903,24.995086],[121.638709,24.994768],[121.643906,24.995153],[121.644107,24.996643],[121.645722,24.998369],[121.64513,24.999294],[121.645,25.001946],[121.640246,25.002637],[121.6393,25.0038],[121.639404,25.005895],[121.641582,25.007899],[121.640478,25.009361],[121.640982,25.01106],[121.640461,25.01217],[121.641127,25.014416],[121.640556,25.018244],[121.639177,25.020732],[121.640237,25.022128],[121.640219,25.023544]]]},"properties":{"code":"65000180","name":"深坑區","countyCode":"65000","countyName":"新北市","townCode":"65000180","townName":"深坑區","level":"town","unassigned":false,"note":"","label":[121.61953124306798,24.998520272619636],"bounds":[121.595864,24.969284,121.645722,25.0256],"focusBounds":[121.595864,24.969284,121.645722,25.0256],"color":"#58b99d","childCount":8}},{"type":"Feature","id":"65000190","geometry":{"type":"Polygon","coordinates":[[[121.703185,25.031983],[121.701651,25.03391],[121.699726,25.033976],[121.696941,25.035101],[121.695534,25.036906],[121.695509,25.037776],[121.696347,25.038385],[121.695726,25.03931],[121.695784,25.040695],[121.693814,25.040951],[121.692265,25.041887],[121.688398,25.04161],[121.68674,25.040963],[121.686215,25.040235],[121.684196,25.040083],[121.681156,25.037527],[121.678336,25.03631],[121.677161,25.034841],[121.672229,25.034399],[121.670758,25.032729],[121.665836,25.03373],[121.665855,25.029944],[121.664834,25.027798],[121.665377,25.026022],[121.664938,25.024694],[121.664055,25.023174],[121.66297,25.022782],[121.660698,25.023396],[121.657637,25.023234],[121.653817,25.02442],[121.649913,25.023969],[121.646429,25.021705],[121.644927,25.023556],[121.642981,25.024559],[121.640219,25.023544],[121.640237,25.022128],[121.639177,25.020732],[121.640556,25.018244],[121.641127,25.014416],[121.640461,25.01217],[121.640982,25.01106],[121.640478,25.009361],[121.641582,25.007899],[121.639404,25.005895],[121.6393,25.0038],[121.640246,25.002637],[121.645,25.001946],[121.64513,24.999294],[121.645722,24.998369],[121.644107,24.996643],[121.643906,24.995153],[121.638709,24.994768],[121.637903,24.995086],[121.63654,24.993568],[121.636398,24.992578],[121.637819,24.991204],[121.637129,24.989356],[121.637562,24.988109],[121.637038,24.987431],[121.637751,24.983401],[121.639176,24.980707],[121.637523,24.979939],[121.636721,24.978805],[121.633795,24.977648],[121.631478,24.975469],[121.629179,24.974357],[121.625082,24.971179],[121.619984,24.969284],[121.619643,24.967158],[121.618103,24.966827],[121.616925,24.967517],[121.614994,24.96618],[121.613667,24.966437],[121.609231,24.964016],[121.610567,24.95923],[121.610169,24.956663],[121.607706,24.956344],[121.608494,24.95216],[121.606481,24.949802],[121.607047,24.947116],[121.606251,24.946212],[121.604463,24.947031],[121.601174,24.947067],[121.600179,24.945141],[121.598002,24.944755],[121.59804,24.943039],[121.599428,24.941293],[121.599879,24.939135],[121.597754,24.937576],[121.596876,24.9359],[121.596483,24.932806],[121.594145,24.927407],[121.595607,24.923859],[121.595729,24.919871],[121.596799,24.917455],[121.596988,24.912126],[121.598554,24.910467],[121.596825,24.910188],[121.595379,24.910955],[121.594202,24.913097],[121.592714,24.914102],[121.589376,24.914475],[121.584502,24.911413],[121.578951,24.908958],[121.571775,24.908641],[121.570271,24.906409],[121.566342,24.903568],[121.568028,24.90325],[121.569182,24.901645],[121.571662,24.900176],[121.57622,24.898729],[121.578645,24.896291],[121.578824,24.894863],[121.578047,24.892939],[121.578243,24.890819],[121.576636,24.887778],[121.57638,24.886004],[121.57697,24.884072],[121.577919,24.883221],[121.576949,24.881834],[121.577956,24.879353],[121.576748,24.877865],[121.575776,24.875082],[121.578155,24.874181],[121.58095,24.874124],[121.58494,24.872753],[121.586962,24.870843],[121.590036,24.869347],[121.592116,24.866442],[121.595877,24.866305],[121.597733,24.864143],[121.600724,24.863304],[121.609279,24.863055],[121.61467,24.86138],[121.615468,24.860697],[121.617948,24.861924],[121.619591,24.861523],[121.620238,24.86294],[121.62126,24.863233],[121.625458,24.8615],[121.62977,24.861416],[121.631936,24.859349],[121.634052,24.858944],[121.635211,24.857421],[121.637712,24.859499],[121.638448,24.860889],[121.640409,24.86191],[121.641755,24.861884],[121.643324,24.860615],[121.644662,24.860734],[121.647132,24.863859],[121.648281,24.8678],[121.650326,24.868399],[121.650917,24.869435],[121.653383,24.870626],[121.653207,24.872215],[121.654221,24.87643],[121.653084,24.878061],[121.650673,24.878932],[121.649678,24.88033],[121.651603,24.884888],[121.651823,24.888559],[121.65291,24.890162],[121.651391,24.892135],[121.649943,24.892895],[121.648918,24.895432],[121.65157,24.89759],[121.652835,24.897637],[121.653133,24.898527],[121.6604,24.901508],[121.662074,24.903473],[121.661703,24.905206],[121.663278,24.906538],[121.664717,24.906916],[121.666055,24.908349],[121.664212,24.911093],[121.664191,24.912873],[121.663225,24.914914],[121.663749,24.9159],[121.666074,24.917125],[121.669359,24.91783],[121.673254,24.919966],[121.674771,24.921476],[121.676672,24.921437],[121.67792,24.922086],[121.676236,24.923103],[121.674793,24.926498],[121.671692,24.928351],[121.670164,24.930124],[121.669609,24.938897],[121.667003,24.939845],[121.666733,24.944831],[121.665876,24.945653],[121.666149,24.948153],[121.665664,24.949997],[121.666877,24.952395],[121.669398,24.952318],[121.675827,24.954136],[121.680646,24.954579],[121.682516,24.956147],[121.683191,24.957432],[121.685304,24.958436],[121.68667,24.961312],[121.688818,24.963531],[121.69145,24.963171],[121.694115,24.964522],[121.698641,24.964663],[121.700098,24.966483],[121.702293,24.966854],[121.704655,24.97065],[121.706535,24.971454],[121.707851,24.972693],[121.710977,24.97179],[121.712136,24.972429],[121.71494,24.970876],[121.717705,24.971397],[121.718183,24.974903],[121.718297,24.976773],[121.717339,24.978147],[121.717273,24.979175],[121.718647,24.980107],[121.720735,24.980264],[121.720953,24.981406],[121.721879,24.982282],[121.724115,24.982992],[121.724841,24.984946],[121.724647,24.986783],[121.726829,24.989279],[121.725083,24.992157],[121.7237,24.99617],[121.720585,24.999879],[121.720502,25.000891],[121.721776,25.001299],[121.722633,25.00506],[121.722308,25.007328],[121.721126,25.008829],[121.719638,25.007378],[121.717742,25.007387],[121.713633,25.006008],[121.711915,25.009711],[121.70639,25.014586],[121.706095,25.015229],[121.70694,25.017044],[121.704215,25.018321],[121.701063,25.023197],[121.702297,25.025416],[121.704422,25.026602],[121.704488,25.027516],[121.70317,25.02961],[121.703185,25.031983]]]},"properties":{"code":"65000190","name":"石碇區","countyCode":"65000","countyName":"新北市","townCode":"65000190","townName":"石碇區","level":"town","unassigned":false,"note":"","label":[121.6352109336323,24.93225118506955],"bounds":[121.566342,24.857421,121.726829,25.041887],"focusBounds":[121.566342,24.857421,121.726829,25.041887],"color":"#c38cb8","childCount":12}},{"type":"Feature","id":"65000200","geometry":{"type":"Polygon","coordinates":[[[121.777123,24.984846],[121.775103,24.985364],[121.773126,24.981366],[121.771372,24.979559],[121.769248,24.979885],[121.767447,24.979572],[121.763918,24.980725],[121.762274,24.978916],[121.760397,24.978492],[121.758744,24.976905],[121.75626,24.977728],[121.753795,24.976721],[121.752192,24.977102],[121.748406,24.974195],[121.746158,24.975217],[121.7441,24.97514],[121.742352,24.979728],[121.739669,24.979085],[121.738823,24.97976],[121.73765,24.977585],[121.737033,24.977476],[121.736477,24.975724],[121.733723,24.976434],[121.729165,24.975084],[121.726086,24.9747],[121.724346,24.975124],[121.721009,24.973995],[121.718183,24.974903],[121.717705,24.971397],[121.71494,24.970876],[121.712136,24.972429],[121.710977,24.97179],[121.707851,24.972693],[121.706535,24.971454],[121.704655,24.97065],[121.702293,24.966854],[121.700098,24.966483],[121.698641,24.964663],[121.694115,24.964522],[121.69145,24.963171],[121.688818,24.963531],[121.68667,24.961312],[121.685304,24.958436],[121.683191,24.957432],[121.682516,24.956147],[121.680646,24.954579],[121.675827,24.954136],[121.669398,24.952318],[121.666877,24.952395],[121.665664,24.949997],[121.666149,24.948153],[121.665876,24.945653],[121.666733,24.944831],[121.667003,24.939845],[121.669609,24.938897],[121.670164,24.930124],[121.671692,24.928351],[121.674793,24.926498],[121.676236,24.923103],[121.67792,24.922086],[121.676672,24.921437],[121.674771,24.921476],[121.673254,24.919966],[121.669359,24.91783],[121.666074,24.917125],[121.663749,24.9159],[121.663225,24.914914],[121.664191,24.912873],[121.664212,24.911093],[121.666055,24.908349],[121.664717,24.906916],[121.663278,24.906538],[121.661703,24.905206],[121.662074,24.903473],[121.6604,24.901508],[121.653133,24.898527],[121.652835,24.897637],[121.65157,24.89759],[121.648918,24.895432],[121.649943,24.892895],[121.651391,24.892135],[121.65291,24.890162],[121.651823,24.888559],[121.651603,24.884888],[121.649678,24.88033],[121.650673,24.878932],[121.653084,24.878061],[121.654221,24.87643],[121.653207,24.872215],[121.653383,24.870626],[121.650917,24.869435],[121.650326,24.868399],[121.648281,24.8678],[121.647132,24.863859],[121.644662,24.860734],[121.645731,24.859414],[121.652976,24.855219],[121.65504,24.851368],[121.657153,24.849653],[121.659521,24.851176],[121.664042,24.849627],[121.665633,24.85036],[121.669768,24.848048],[121.673142,24.849255],[121.673998,24.848909],[121.677243,24.84971],[121.677905,24.848975],[121.679583,24.849657],[121.681734,24.849648],[121.682222,24.850211],[121.685332,24.849402],[121.687391,24.849961],[121.688183,24.849586],[121.688509,24.848371],[121.690681,24.848107],[121.692036,24.845011],[121.693123,24.84408],[121.694345,24.843576],[121.696643,24.84357],[121.697679,24.842986],[121.704065,24.842273],[121.707526,24.838846],[121.708364,24.839063],[121.708978,24.840577],[121.711367,24.841464],[121.714267,24.841783],[121.715771,24.844451],[121.718652,24.845654],[121.719736,24.845589],[121.719541,24.846555],[121.720605,24.84875],[121.722095,24.849935],[121.725211,24.850789],[121.727164,24.853143],[121.730514,24.855293],[121.733516,24.855904],[121.738254,24.855304],[121.742101,24.852448],[121.745783,24.852853],[121.747384,24.853701],[121.74797,24.85495],[121.75063,24.854474],[121.75133,24.85493],[121.753464,24.854982],[121.753583,24.85601],[121.754287,24.856409],[121.760985,24.856701],[121.761049,24.857799],[121.762111,24.85878],[121.761564,24.860152],[121.762789,24.861255],[121.763304,24.86005],[121.764379,24.859889],[121.766098,24.86252],[121.767843,24.863653],[121.7674,24.864956],[121.767817,24.865417],[121.769109,24.865935],[121.771152,24.864869],[121.775427,24.865083],[121.775733,24.86595],[121.775193,24.866723],[121.777237,24.869592],[121.777331,24.870763],[121.780824,24.872307],[121.783217,24.874216],[121.784296,24.873625],[121.785055,24.874016],[121.784362,24.877435],[121.782241,24.879184],[121.7819,24.882337],[121.782301,24.8868],[121.781685,24.889466],[121.782986,24.890381],[121.785647,24.890622],[121.785877,24.892552],[121.79001,24.893454],[121.790582,24.894587],[121.793099,24.896408],[121.792951,24.897178],[121.792063,24.897619],[121.791779,24.899676],[121.793411,24.899748],[121.791338,24.902305],[121.791138,24.903412],[121.789723,24.904074],[121.788049,24.906126],[121.786125,24.906466],[121.784934,24.910854],[121.784756,24.913945],[121.783957,24.915678],[121.781545,24.918],[121.778133,24.919587],[121.780608,24.922927],[121.78187,24.928227],[121.785252,24.930879],[121.784988,24.933274],[121.78599,24.934321],[121.786343,24.9372],[121.789487,24.940389],[121.787735,24.944861],[121.790145,24.948741],[121.790982,24.951163],[121.79232,24.951697],[121.793245,24.95354],[121.793275,24.954323],[121.791262,24.955497],[121.791244,24.957634],[121.790151,24.960487],[121.79085,24.962228],[121.790698,24.964365],[121.792217,24.966346],[121.791886,24.970307],[121.792819,24.971031],[121.793885,24.973163],[121.793751,24.979406],[121.792751,24.980795],[121.79251,24.983447],[121.786539,24.983071],[121.785275,24.982058],[121.783624,24.981839],[121.781366,24.982097],[121.779512,24.983786],[121.777123,24.984846]]]},"properties":{"code":"65000200","name":"坪林區","countyCode":"65000","countyName":"新北市","townCode":"65000200","townName":"坪林區","level":"town","unassigned":false,"note":"","label":[121.72565041241226,24.908798395086443],"bounds":[121.644662,24.838846,121.793885,24.985364],"focusBounds":[121.644662,24.838846,121.793885,24.985364],"color":"#58b99d","childCount":7}},{"type":"Feature","id":"65000210","geometry":{"type":"Polygon","coordinates":[[[121.565988,25.21501],[121.56292,25.220192],[121.562659,25.222017],[121.560305,25.223213],[121.557502,25.226664],[121.555642,25.227556],[121.556113,25.22913],[121.555608,25.23086],[121.556463,25.233827],[121.554166,25.239534],[121.550796,25.242552],[121.552566,25.243856],[121.551914,25.245153],[121.550449,25.245395],[121.548963,25.244415],[121.548172,25.242805],[121.545437,25.240943],[121.544544,25.241435],[121.545876,25.243498],[121.544558,25.245135],[121.546508,25.246542],[121.547724,25.24968],[121.546412,25.253552],[121.547952,25.254847],[121.547957,25.257623],[121.548876,25.259173],[121.549676,25.259482],[121.550361,25.261576],[121.549879,25.263475],[121.548179,25.266199],[121.547503,25.265977],[121.547509,25.265411],[121.545825,25.266925],[121.543087,25.268101],[121.541773,25.267989],[121.541379,25.266482],[121.540768,25.266564],[121.540406,25.265659],[121.538835,25.266206],[121.534147,25.265979],[121.533526,25.265502],[121.533149,25.26646],[121.532046,25.2658],[121.532265,25.264899],[121.530922,25.263937],[121.531712,25.260384],[121.530817,25.260914],[121.529674,25.260119],[121.528988,25.260241],[121.528223,25.2615],[121.526501,25.260963],[121.526292,25.26223],[121.524087,25.263702],[121.523744,25.266016],[121.522601,25.266221],[121.521431,25.268538],[121.519682,25.269026],[121.516379,25.272964],[121.515128,25.276163],[121.511772,25.276553],[121.510813,25.277418],[121.508364,25.278085],[121.50864,25.279535],[121.507989,25.28016],[121.507661,25.282772],[121.505999,25.282224],[121.506499,25.281578],[121.505766,25.281074],[121.505038,25.281526],[121.503647,25.281309],[121.50261,25.279705],[121.501256,25.279864],[121.501261,25.280463],[121.498727,25.278684],[121.497443,25.278886],[121.495129,25.277764],[121.49098,25.274703],[121.480946,25.270876],[121.477034,25.266265],[121.475334,25.26282],[121.474887,25.260613],[121.472879,25.25732],[121.467353,25.253305],[121.462512,25.252049],[121.456183,25.253158],[121.452687,25.25281],[121.447629,25.246663],[121.445903,25.24185],[121.450317,25.244375],[121.454787,25.24403],[121.455566,25.243172],[121.456952,25.243138],[121.457542,25.24238],[121.457449,25.241196],[121.458792,25.240302],[121.460534,25.239878],[121.461527,25.240144],[121.463808,25.239107],[121.467684,25.239197],[121.468255,25.238601],[121.469255,25.239879],[121.473174,25.238176],[121.473467,25.237481],[121.475211,25.23769],[121.489193,25.231945],[121.492193,25.231954],[121.496601,25.230374],[121.497667,25.22937],[121.496311,25.227131],[121.496678,25.225963],[121.497616,25.225305],[121.499932,25.225212],[121.501536,25.223752],[121.500289,25.221564],[121.49824,25.222049],[121.498516,25.220692],[121.496239,25.222208],[121.496528,25.219034],[121.498525,25.215991],[121.497689,25.213775],[121.495967,25.214599],[121.492926,25.211954],[121.491537,25.212896],[121.490884,25.211234],[121.488912,25.21093],[121.486738,25.211313],[121.485021,25.208272],[121.486333,25.207279],[121.48653,25.206349],[121.485249,25.205206],[121.486186,25.204345],[121.487052,25.204535],[121.486964,25.203818],[121.488646,25.202852],[121.489266,25.20142],[121.488785,25.200274],[121.485702,25.199081],[121.485518,25.197297],[121.491514,25.196114],[121.493015,25.195023],[121.493036,25.193301],[121.494654,25.193122],[121.495372,25.19109],[121.500771,25.192943],[121.502611,25.192653],[121.503245,25.190756],[121.506687,25.189938],[121.507711,25.18876],[121.50759,25.187627],[121.509973,25.187537],[121.511659,25.185558],[121.513956,25.183961],[121.519593,25.182312],[121.521734,25.179119],[121.526006,25.182976],[121.533374,25.183577],[121.534669,25.184511],[121.535811,25.186672],[121.541095,25.187378],[121.542827,25.188952],[121.543373,25.194033],[121.546319,25.19697],[121.547391,25.197023],[121.54812,25.197997],[121.548978,25.198149],[121.550704,25.197111],[121.551862,25.197747],[121.552628,25.198882],[121.552643,25.200685],[121.551529,25.202032],[121.551742,25.20355],[121.553115,25.204198],[121.555009,25.20843],[121.55689,25.208701],[121.559205,25.21014],[121.562442,25.214104],[121.564344,25.213885],[121.565988,25.21501]]]},"properties":{"code":"65000210","name":"三芝區","countyCode":"65000","countyName":"新北市","townCode":"65000210","townName":"三芝區","level":"town","unassigned":false,"note":"","label":[121.52573933850266,25.225396585752392],"bounds":[121.445903,25.179119,121.565988,25.282772],"focusBounds":[121.445903,25.179119,121.565988,25.282772],"color":"#58b99d","childCount":13}},{"type":"Feature","id":"65000220","geometry":{"type":"Polygon","coordinates":[[[121.620768,25.275759],[121.615699,25.279245],[121.607934,25.281455],[121.60395,25.286487],[121.602397,25.287714],[121.597611,25.289951],[121.597334,25.291337],[121.598041,25.291432],[121.595375,25.291396],[121.593755,25.292071],[121.590649,25.292072],[121.58869,25.292624],[121.577732,25.298894],[121.576037,25.299109],[121.568501,25.298025],[121.566752,25.295685],[121.566081,25.295947],[121.566853,25.295047],[121.565433,25.294034],[121.565979,25.29385],[121.565671,25.293261],[121.561966,25.293135],[121.560311,25.291979],[121.553554,25.293033],[121.550394,25.291631],[121.547483,25.291732],[121.541217,25.294587],[121.540721,25.297847],[121.539362,25.29921],[121.537139,25.300303],[121.533765,25.297064],[121.533599,25.294988],[121.534805,25.291696],[121.533341,25.289872],[121.531634,25.289635],[121.529441,25.287597],[121.525942,25.286014],[121.524267,25.286793],[121.521696,25.286865],[121.520829,25.28652],[121.520826,25.285513],[121.519813,25.285022],[121.51691,25.284899],[121.514018,25.286668],[121.513412,25.289948],[121.511856,25.291802],[121.510715,25.292],[121.509303,25.291309],[121.508322,25.289796],[121.509375,25.28344],[121.508995,25.282925],[121.507661,25.282772],[121.507989,25.28016],[121.50864,25.279535],[121.508364,25.278085],[121.510813,25.277418],[121.511772,25.276553],[121.515128,25.276163],[121.516379,25.272964],[121.519682,25.269026],[121.521431,25.268538],[121.522601,25.266221],[121.523744,25.266016],[121.524087,25.263702],[121.526292,25.26223],[121.526501,25.260963],[121.528223,25.2615],[121.528988,25.260241],[121.529674,25.260119],[121.530817,25.260914],[121.531712,25.260384],[121.530922,25.263937],[121.532265,25.264899],[121.532046,25.2658],[121.533149,25.26646],[121.533526,25.265502],[121.534147,25.265979],[121.538835,25.266206],[121.540406,25.265659],[121.540768,25.266564],[121.541379,25.266482],[121.541773,25.267989],[121.543087,25.268101],[121.545825,25.266925],[121.547509,25.265411],[121.547503,25.265977],[121.548179,25.266199],[121.549879,25.263475],[121.550361,25.261576],[121.549676,25.259482],[121.548876,25.259173],[121.547957,25.257623],[121.547952,25.254847],[121.546412,25.253552],[121.547724,25.24968],[121.546508,25.246542],[121.544558,25.245135],[121.545876,25.243498],[121.544544,25.241435],[121.545437,25.240943],[121.548172,25.242805],[121.548963,25.244415],[121.550449,25.245395],[121.551914,25.245153],[121.552566,25.243856],[121.550796,25.242552],[121.554166,25.239534],[121.556463,25.233827],[121.555608,25.23086],[121.556113,25.22913],[121.555642,25.227556],[121.557502,25.226664],[121.560305,25.223213],[121.562659,25.222017],[121.56292,25.220192],[121.565988,25.21501],[121.56789,25.218241],[121.571326,25.220379],[121.577926,25.220851],[121.5811,25.223263],[121.581962,25.225442],[121.58162,25.228393],[121.583867,25.233182],[121.590346,25.238164],[121.594226,25.242448],[121.598082,25.243474],[121.60001,25.246683],[121.600329,25.24901],[121.603935,25.252917],[121.610396,25.253987],[121.613645,25.253995],[121.615819,25.253402],[121.618015,25.25632],[121.618617,25.258046],[121.617897,25.258746],[121.618047,25.259912],[121.616928,25.262548],[121.61749,25.263253],[121.616881,25.263845],[121.61726,25.265107],[121.616029,25.266939],[121.617109,25.268225],[121.617799,25.273208],[121.61939,25.273962],[121.620768,25.275759]]]},"properties":{"code":"65000220","name":"石門區","countyCode":"65000","countyName":"新北市","townCode":"65000220","townName":"石門區","level":"town","unassigned":false,"note":"","label":[121.57780999387992,25.264987220575676],"bounds":[121.507661,25.21501,121.620768,25.300303],"focusBounds":[121.507661,25.21501,121.620768,25.300303],"color":"#efb44f","childCount":11}},{"type":"Feature","id":"65000230","geometry":{"type":"Polygon","coordinates":[[[121.458793,25.12294],[121.458652,25.124521],[121.456887,25.126347],[121.452642,25.146671],[121.450583,25.15231],[121.448971,25.154864],[121.444418,25.159638],[121.43887,25.164057],[121.43331,25.167617],[121.424528,25.171336],[121.417426,25.175546],[121.413362,25.170482],[121.412532,25.168485],[121.408939,25.164973],[121.405515,25.167994],[121.408872,25.164899],[121.405532,25.160425],[121.402574,25.158832],[121.391572,25.16798],[121.387826,25.151922],[121.389769,25.147738],[121.387499,25.146512],[121.387126,25.146877],[121.387331,25.146421],[121.386384,25.145916],[121.385722,25.146319],[121.38581,25.14572],[121.384631,25.145302],[121.384375,25.14575],[121.384425,25.14522],[121.379474,25.143001],[121.377429,25.142866],[121.375359,25.141959],[121.371996,25.141983],[121.370927,25.140513],[121.367333,25.13912],[121.365794,25.1397],[121.367132,25.133886],[121.36883,25.132193],[121.372609,25.125807],[121.37432,25.124553],[121.374809,25.122202],[121.375934,25.121404],[121.377093,25.121416],[121.376894,25.119839],[121.379593,25.117714],[121.380142,25.116698],[121.38138,25.11652],[121.383322,25.114741],[121.385885,25.114917],[121.385435,25.112603],[121.38651,25.111394],[121.385197,25.109479],[121.387102,25.109115],[121.38799,25.107092],[121.389416,25.106441],[121.389815,25.104488],[121.391727,25.100657],[121.392346,25.10028],[121.392416,25.101247],[121.39347,25.100544],[121.392678,25.103633],[121.392964,25.104769],[121.393044,25.103332],[121.39405,25.102878],[121.393501,25.102147],[121.395347,25.100247],[121.395721,25.098228],[121.394969,25.097607],[121.396109,25.096476],[121.395521,25.095914],[121.397018,25.095563],[121.396434,25.095073],[121.396793,25.094449],[121.39631,25.093507],[121.396933,25.093055],[121.396711,25.090818],[121.396042,25.090463],[121.396237,25.087131],[121.395606,25.086295],[121.394616,25.086127],[121.394066,25.087501],[121.394559,25.088118],[121.392851,25.089013],[121.3928,25.087482],[121.391076,25.087476],[121.39074,25.088299],[121.389985,25.088122],[121.390222,25.086874],[121.392716,25.086383],[121.392827,25.084501],[121.393595,25.084062],[121.392415,25.081346],[121.392931,25.079846],[121.393755,25.080134],[121.395468,25.083836],[121.395983,25.083589],[121.395723,25.082888],[121.396212,25.081974],[121.398851,25.081062],[121.398597,25.082006],[121.397235,25.08294],[121.397303,25.084479],[121.398645,25.084068],[121.399276,25.085706],[121.399918,25.085403],[121.399409,25.086489],[121.399693,25.087757],[121.402037,25.087492],[121.402223,25.088381],[121.402914,25.088521],[121.40243,25.089151],[121.401365,25.089],[121.40035,25.089592],[121.400766,25.091776],[121.401946,25.09193],[121.402969,25.092961],[121.40295,25.094864],[121.403992,25.095329],[121.401779,25.097945],[121.402514,25.098972],[121.400798,25.101686],[121.401893,25.101084],[121.401623,25.103277],[121.402526,25.103578],[121.402173,25.104659],[121.400239,25.106322],[121.401992,25.106166],[121.401841,25.107588],[121.401253,25.109217],[121.401675,25.110443],[121.400807,25.112936],[121.400012,25.113323],[121.400992,25.115131],[121.401065,25.118072],[121.402546,25.118591],[121.403198,25.119375],[121.403232,25.120074],[121.402263,25.120454],[121.404785,25.122564],[121.410044,25.120993],[121.412689,25.122768],[121.414948,25.122997],[121.416067,25.125057],[121.415755,25.129698],[121.420385,25.130142],[121.420673,25.129534],[121.421332,25.129556],[121.423181,25.131511],[121.424681,25.132255],[121.425162,25.132182],[121.426145,25.129573],[121.4296,25.128663],[121.431525,25.129005],[121.433077,25.127928],[121.435953,25.127287],[121.437724,25.125364],[121.439673,25.124907],[121.44156,25.123104],[121.445933,25.123029],[121.447672,25.122122],[121.449051,25.120156],[121.451832,25.120086],[121.453158,25.120809],[121.452989,25.119331],[121.455713,25.118458],[121.456074,25.117806],[121.455419,25.117434],[121.455384,25.116247],[121.45672,25.114496],[121.458549,25.114285],[121.458407,25.112834],[121.459028,25.112722],[121.46093,25.116181],[121.458793,25.12294]]]},"properties":{"code":"65000230","name":"八里區","countyCode":"65000","countyName":"新北市","townCode":"65000230","townName":"八里區","level":"town","unassigned":false,"note":"","label":[121.41283012308776,25.14599163051149],"bounds":[121.365794,25.079846,121.46093,25.175546],"focusBounds":[121.365794,25.079846,121.46093,25.175546],"color":"#78a7e3","childCount":10}},{"type":"Feature","id":"65000240","geometry":{"type":"Polygon","coordinates":[[[121.816879,25.042114],[121.814786,25.045685],[121.815295,25.047958],[121.813555,25.051809],[121.814237,25.058069],[121.812557,25.059227],[121.810156,25.059685],[121.806776,25.058057],[121.805962,25.058396],[121.804461,25.063407],[121.805622,25.065005],[121.805617,25.066407],[121.803311,25.067968],[121.800386,25.073004],[121.797893,25.075921],[121.795151,25.077351],[121.791056,25.076573],[121.788488,25.075515],[121.784598,25.072522],[121.783196,25.072658],[121.781468,25.07195],[121.780925,25.071158],[121.778143,25.071231],[121.775683,25.070058],[121.773054,25.066836],[121.771728,25.063206],[121.770008,25.063485],[121.767349,25.061824],[121.765914,25.059987],[121.764813,25.059543],[121.763916,25.05739],[121.762438,25.056943],[121.761704,25.057842],[121.760486,25.058013],[121.759294,25.059449],[121.757902,25.059016],[121.75688,25.059338],[121.755548,25.058247],[121.751153,25.057258],[121.748242,25.055108],[121.747628,25.053717],[121.745913,25.052995],[121.743719,25.053126],[121.743117,25.05247],[121.74224,25.052973],[121.739796,25.053058],[121.737498,25.054764],[121.734803,25.054156],[121.732208,25.052725],[121.730088,25.053348],[121.727393,25.050664],[121.727056,25.049439],[121.724544,25.048318],[121.722276,25.048197],[121.720967,25.047201],[121.717807,25.042957],[121.715976,25.041747],[121.716641,25.039187],[121.715776,25.03625],[121.713258,25.034838],[121.712726,25.033581],[121.708303,25.03409],[121.707791,25.033506],[121.703185,25.031983],[121.70317,25.02961],[121.704488,25.027516],[121.704422,25.026602],[121.702297,25.025416],[121.701063,25.023197],[121.704215,25.018321],[121.70694,25.017044],[121.706095,25.015229],[121.70639,25.014586],[121.711915,25.009711],[121.713633,25.006008],[121.717742,25.007387],[121.719638,25.007378],[121.721126,25.008829],[121.722308,25.007328],[121.722633,25.00506],[121.721776,25.001299],[121.720502,25.000891],[121.720585,24.999879],[121.7237,24.99617],[121.725083,24.992157],[121.726829,24.989279],[121.724647,24.986783],[121.724841,24.984946],[121.724115,24.982992],[121.721879,24.982282],[121.720953,24.981406],[121.720735,24.980264],[121.718647,24.980107],[121.717273,24.979175],[121.717339,24.978147],[121.718297,24.976773],[121.718183,24.974903],[121.721009,24.973995],[121.724346,24.975124],[121.726086,24.9747],[121.729165,24.975084],[121.733723,24.976434],[121.736477,24.975724],[121.737033,24.977476],[121.73765,24.977585],[121.738823,24.97976],[121.739669,24.979085],[121.742352,24.979728],[121.7441,24.97514],[121.746158,24.975217],[121.748406,24.974195],[121.752192,24.977102],[121.753795,24.976721],[121.75626,24.977728],[121.758744,24.976905],[121.760397,24.978492],[121.762274,24.978916],[121.763918,24.980725],[121.767447,24.979572],[121.769248,24.979885],[121.771372,24.979559],[121.773126,24.981366],[121.775103,24.985364],[121.777123,24.984846],[121.775793,24.985529],[121.774336,24.988552],[121.773031,24.989144],[121.770958,24.988964],[121.768736,24.990142],[121.767701,24.992384],[121.764771,24.993502],[121.763663,24.996179],[121.767832,24.999082],[121.768592,24.999078],[121.768949,24.99976],[121.771156,25.000329],[121.772563,25.001698],[121.77472,25.002516],[121.777126,25.005758],[121.779348,25.006444],[121.778729,25.007944],[121.780176,25.010509],[121.781993,25.011164],[121.782398,25.012235],[121.784347,25.01369],[121.784531,25.017881],[121.788298,25.021331],[121.78878,25.022757],[121.791126,25.022869],[121.792773,25.023631],[121.799404,25.030096],[121.803808,25.030903],[121.804581,25.031596],[121.806675,25.031558],[121.8087,25.034941],[121.808474,25.036901],[121.808888,25.037583],[121.812425,25.040682],[121.814601,25.041422],[121.81589,25.040929],[121.816879,25.042114]]]},"properties":{"code":"65000240","name":"平溪區","countyCode":"65000","countyName":"新北市","townCode":"65000240","townName":"平溪區","level":"town","unassigned":false,"note":"","label":[121.75703211313214,25.026305232417343],"bounds":[121.701063,24.973995,121.816879,25.077351],"focusBounds":[121.701063,24.973995,121.816879,25.077351],"color":"#dd8590","childCount":12}},{"type":"Feature","id":"65000250","geometry":{"type":"Polygon","coordinates":[[[121.875534,25.094599],[121.874155,25.095004],[121.87232,25.093758],[121.868735,25.09374],[121.867065,25.094105],[121.866568,25.095123],[121.862745,25.095885],[121.861904,25.096496],[121.858731,25.096304],[121.857568,25.09735],[121.853666,25.095334],[121.851719,25.090818],[121.851555,25.089166],[121.847649,25.089348],[121.845757,25.087371],[121.843048,25.082499],[121.84074,25.08063],[121.840788,25.07915],[121.839174,25.076464],[121.836548,25.074094],[121.834982,25.073642],[121.832521,25.071838],[121.832083,25.07086],[121.832356,25.068905],[121.829678,25.06492],[121.829686,25.063134],[121.830528,25.061966],[121.830512,25.059142],[121.831276,25.058127],[121.830393,25.05629],[121.831642,25.054885],[121.833809,25.050346],[121.833872,25.048226],[121.834763,25.047459],[121.834014,25.044425],[121.831942,25.044122],[121.830254,25.045149],[121.827625,25.045529],[121.826716,25.04487],[121.824785,25.044903],[121.82352,25.045925],[121.821805,25.045974],[121.819561,25.042799],[121.818065,25.042037],[121.816879,25.042114],[121.81589,25.040929],[121.814601,25.041422],[121.812425,25.040682],[121.808888,25.037583],[121.808474,25.036901],[121.8087,25.034941],[121.806675,25.031558],[121.804581,25.031596],[121.803808,25.030903],[121.799404,25.030096],[121.792773,25.023631],[121.791126,25.022869],[121.78878,25.022757],[121.788298,25.021331],[121.784531,25.017881],[121.784347,25.01369],[121.782398,25.012235],[121.781993,25.011164],[121.780176,25.010509],[121.778729,25.007944],[121.779348,25.006444],[121.777126,25.005758],[121.77472,25.002516],[121.772563,25.001698],[121.771156,25.000329],[121.768949,24.99976],[121.768592,24.999078],[121.767832,24.999082],[121.763663,24.996179],[121.764771,24.993502],[121.767701,24.992384],[121.768736,24.990142],[121.770958,24.988964],[121.773031,24.989144],[121.774336,24.988552],[121.775793,24.985529],[121.777123,24.984846],[121.779512,24.983786],[121.781366,24.982097],[121.783624,24.981839],[121.785275,24.982058],[121.786539,24.983071],[121.79251,24.983447],[121.792751,24.980795],[121.793751,24.979406],[121.793885,24.973163],[121.792819,24.971031],[121.791886,24.970307],[121.792217,24.966346],[121.790698,24.964365],[121.79085,24.962228],[121.790151,24.960487],[121.791244,24.957634],[121.791262,24.955497],[121.793275,24.954323],[121.793245,24.95354],[121.79232,24.951697],[121.790982,24.951163],[121.790145,24.948741],[121.787735,24.944861],[121.789487,24.940389],[121.786343,24.9372],[121.78599,24.934321],[121.784988,24.933274],[121.785252,24.930879],[121.78187,24.928227],[121.780608,24.922927],[121.778133,24.919587],[121.781545,24.918],[121.783957,24.915678],[121.784756,24.913945],[121.784934,24.910854],[121.786125,24.906466],[121.788049,24.906126],[121.789723,24.904074],[121.791138,24.903412],[121.791338,24.902305],[121.793411,24.899748],[121.795184,24.899753],[121.797164,24.90162],[121.79889,24.900865],[121.802206,24.900995],[121.803369,24.901803],[121.804623,24.901189],[121.805951,24.901894],[121.806145,24.902548],[121.810476,24.903631],[121.810458,24.905194],[121.811635,24.906519],[121.815378,24.904692],[121.817447,24.903001],[121.819255,24.902774],[121.822387,24.904549],[121.825515,24.905262],[121.827011,24.904544],[121.828097,24.90537],[121.83182,24.904908],[121.833292,24.906644],[121.834575,24.906911],[121.8364,24.90835],[121.839655,24.912763],[121.842359,24.915212],[121.843952,24.915966],[121.845598,24.919369],[121.849884,24.922154],[121.850848,24.923423],[121.852124,24.923736],[121.853984,24.925916],[121.853836,24.927909],[121.849145,24.930328],[121.849339,24.931314],[121.847935,24.933685],[121.847897,24.935305],[121.846736,24.937715],[121.842555,24.939277],[121.841709,24.940778],[121.839881,24.942109],[121.839048,24.944636],[121.839247,24.946425],[121.840683,24.947865],[121.841755,24.951125],[121.841412,24.954264],[121.842968,24.95513],[121.843556,24.957001],[121.845187,24.957749],[121.845609,24.95932],[121.846945,24.960313],[121.848758,24.959997],[121.850363,24.961178],[121.852566,24.959605],[121.854017,24.959996],[121.854382,24.961593],[121.858595,24.963341],[121.861253,24.96366],[121.860664,24.965971],[121.861687,24.967744],[121.860853,24.973579],[121.861273,24.974785],[121.862262,24.975041],[121.861864,24.977793],[121.862582,24.979583],[121.862407,24.981559],[121.864165,24.982426],[121.865131,24.984089],[121.863809,24.985465],[121.864,24.986045],[121.866402,24.989972],[121.867351,24.990347],[121.867941,24.991497],[121.869825,24.992156],[121.870976,24.993208],[121.872247,24.996187],[121.875308,24.999345],[121.876034,25.004157],[121.878801,25.00738],[121.878618,25.010413],[121.880616,25.011762],[121.880595,25.013585],[121.885228,25.01495],[121.887069,25.014102],[121.891128,25.016351],[121.890822,25.018293],[121.888245,25.019216],[121.888197,25.020701],[121.889718,25.021],[121.892037,25.024423],[121.893025,25.024736],[121.893323,25.024198],[121.893877,25.024797],[121.892154,25.02859],[121.894211,25.031424],[121.894061,25.033002],[121.896828,25.039579],[121.896071,25.040571],[121.894813,25.040419],[121.892482,25.041843],[121.890518,25.041944],[121.889958,25.043877],[121.887832,25.04462],[121.887639,25.045545],[121.889358,25.047811],[121.88877,25.049152],[121.88886,25.051088],[121.890582,25.053204],[121.889185,25.054817],[121.889025,25.056355],[121.887988,25.057285],[121.887951,25.060496],[121.887106,25.063509],[121.883077,25.069758],[121.882949,25.07187],[121.881711,25.072547],[121.87995,25.072432],[121.877638,25.074725],[121.877162,25.076789],[121.878158,25.079849],[121.878429,25.082956],[121.876027,25.087254],[121.877061,25.091839],[121.875534,25.094599]]]},"properties":{"code":"65000250","name":"雙溪區","countyCode":"65000","countyName":"新北市","townCode":"65000250","townName":"雙溪區","level":"town","unassigned":false,"note":"","label":[121.82828357779094,24.999382014784537],"bounds":[121.763663,24.899748,121.896828,25.09735],"focusBounds":[121.763663,24.899748,121.896828,25.09735],"color":"#a49ad4","childCount":12}},{"type":"Feature","id":"65000260","geometry":{"type":"Polygon","coordinates":[[[121.92258,25.122313],[121.913096,25.11768],[121.911498,25.117745],[121.908523,25.116701],[121.907812,25.117602],[121.906354,25.117412],[121.903231,25.1159],[121.902093,25.115918],[121.901658,25.114819],[121.900054,25.113675],[121.89763,25.113759],[121.896579,25.111329],[121.895047,25.110028],[121.894768,25.108674],[121.897399,25.103646],[121.895716,25.101161],[121.892456,25.100573],[121.890997,25.101101],[121.890227,25.100441],[121.887372,25.100332],[121.881776,25.097824],[121.878656,25.095083],[121.875534,25.094599],[121.877061,25.091839],[121.876027,25.087254],[121.878429,25.082956],[121.878158,25.079849],[121.877162,25.076789],[121.877638,25.074725],[121.87995,25.072432],[121.881711,25.072547],[121.882949,25.07187],[121.883077,25.069758],[121.887106,25.063509],[121.887951,25.060496],[121.887988,25.057285],[121.889025,25.056355],[121.889185,25.054817],[121.890582,25.053204],[121.88886,25.051088],[121.88877,25.049152],[121.889358,25.047811],[121.887639,25.045545],[121.887832,25.04462],[121.889958,25.043877],[121.890518,25.041944],[121.892482,25.041843],[121.894813,25.040419],[121.896071,25.040571],[121.896828,25.039579],[121.894061,25.033002],[121.894211,25.031424],[121.892154,25.02859],[121.893877,25.024797],[121.893323,25.024198],[121.893025,25.024736],[121.892037,25.024423],[121.889718,25.021],[121.888197,25.020701],[121.888245,25.019216],[121.890822,25.018293],[121.891128,25.016351],[121.887069,25.014102],[121.885228,25.01495],[121.880595,25.013585],[121.880616,25.011762],[121.878618,25.010413],[121.878801,25.00738],[121.876034,25.004157],[121.875308,24.999345],[121.872247,24.996187],[121.870976,24.993208],[121.869825,24.992156],[121.867941,24.991497],[121.867351,24.990347],[121.866402,24.989972],[121.864,24.986045],[121.863809,24.985465],[121.865131,24.984089],[121.864165,24.982426],[121.862407,24.981559],[121.862582,24.979583],[121.861864,24.977793],[121.862262,24.975041],[121.861273,24.974785],[121.860853,24.973579],[121.861687,24.967744],[121.860664,24.965971],[121.861253,24.96366],[121.863629,24.962134],[121.865758,24.962165],[121.871552,24.960719],[121.873136,24.961538],[121.876057,24.961457],[121.877893,24.962723],[121.879469,24.962785],[121.882529,24.96417],[121.885866,24.964203],[121.888566,24.963175],[121.889575,24.964761],[121.897204,24.967067],[121.899428,24.969344],[121.900128,24.971556],[121.902828,24.974379],[121.904118,24.974661],[121.905424,24.973417],[121.906542,24.975342],[121.908265,24.975863],[121.910327,24.974774],[121.910964,24.976931],[121.912415,24.978257],[121.914869,24.979349],[121.916251,24.979473],[121.917324,24.978797],[121.918987,24.978644],[121.920818,24.979718],[121.921659,24.978845],[121.922744,24.978601],[121.926774,24.980171],[121.928503,24.979648],[121.929041,24.980409],[121.930618,24.981034],[121.9335,24.980897],[121.934455,24.983144],[121.937492,24.983023],[121.93872,24.984879],[121.94042,24.984445],[121.941074,24.985645],[121.943015,24.986384],[121.943799,24.98783],[121.944641,24.988178],[121.945811,24.987789],[121.946335,24.98697],[121.947897,24.986663],[121.950385,24.988324],[121.953061,24.987989],[121.955253,24.988336],[121.958088,24.987289],[121.959865,24.988409],[121.961075,24.988293],[121.962906,24.987704],[121.966036,24.983081],[121.966796,24.982456],[121.967305,24.982697],[121.967722,24.984817],[121.970413,24.985075],[121.97106,24.984611],[121.971725,24.985081],[121.971965,24.984593],[121.972216,24.985362],[121.974747,24.985292],[121.976075,24.988809],[121.977544,24.990068],[121.980924,24.99108],[121.983884,24.990555],[121.989299,24.993747],[121.990658,24.995725],[121.99487,24.999485],[121.996063,24.9995],[121.995736,25.000015],[121.996681,25.000761],[122.003588,25.001998],[122.005161,25.001547],[122.005994,25.003322],[122.005315,25.004491],[122.005683,25.007762],[122.006949,25.008022],[122.007062,25.008638],[122.005844,25.008638],[122.007503,25.011854],[122.006503,25.011028],[122.006068,25.012403],[122.005083,25.013378],[122.006339,25.015386],[122.005236,25.014756],[122.005003,25.015665],[122.004137,25.015494],[122.003106,25.014438],[122.002747,25.014946],[122.002816,25.014431],[122.001819,25.014806],[122.002059,25.015422],[122.001446,25.01523],[121.999115,25.019613],[121.998258,25.019792],[121.99802,25.019426],[121.997768,25.020758],[121.997633,25.019487],[121.996344,25.018785],[121.993935,25.01602],[121.99318,25.014248],[121.991833,25.013623],[121.991563,25.012794],[121.991183,25.012954],[121.991455,25.01497],[121.992286,25.016471],[121.990168,25.02106],[121.983021,25.024917],[121.97789,25.026613],[121.973651,25.026562],[121.969933,25.025483],[121.967596,25.023985],[121.964866,25.024683],[121.960883,25.022989],[121.956005,25.02236],[121.955453,25.022718],[121.950854,25.021883],[121.95001,25.022385],[121.950652,25.021682],[121.94967,25.021612],[121.949966,25.020459],[121.94711,25.021062],[121.942249,25.024637],[121.934556,25.032359],[121.928963,25.040995],[121.930269,25.041507],[121.92956,25.041725],[121.930367,25.041766],[121.928995,25.042174],[121.928958,25.043185],[121.930008,25.043143],[121.929496,25.043511],[121.930404,25.04415],[121.930305,25.04553],[121.928954,25.046235],[121.929761,25.051348],[121.931573,25.054108],[121.930671,25.056013],[121.931332,25.056169],[121.930659,25.059908],[121.931343,25.060097],[121.930704,25.06106],[121.931787,25.061069],[121.93127,25.061559],[121.931647,25.063272],[121.930162,25.06628],[121.928147,25.068817],[121.928456,25.070866],[121.924488,25.072658],[121.919853,25.076299],[121.916663,25.07597],[121.915544,25.07664],[121.915447,25.078707],[121.916274,25.079362],[121.91663,25.079097],[121.916183,25.079687],[121.916874,25.081402],[121.914416,25.085477],[121.914505,25.088801],[121.915008,25.088827],[121.914434,25.089748],[121.917371,25.094255],[121.919595,25.094851],[121.919719,25.097686],[121.918517,25.099968],[121.919193,25.100248],[121.918972,25.1011],[121.919761,25.102792],[121.920744,25.102906],[121.920631,25.103472],[121.921933,25.104059],[121.923272,25.103487],[121.924157,25.103673],[121.923297,25.104478],[121.923639,25.105026],[121.923225,25.105312],[121.925456,25.1061],[121.926552,25.108146],[121.923199,25.113283],[121.921177,25.114145],[121.921168,25.1136],[121.918606,25.112512],[121.916037,25.113858],[121.916079,25.114916],[121.916947,25.116177],[121.920816,25.117459],[121.921208,25.121317],[121.92258,25.122313]]]},"properties":{"code":"65000260","name":"貢寮區","countyCode":"65000","countyName":"新北市","townCode":"65000260","townName":"貢寮區","level":"town","unassigned":false,"note":"","label":[121.9179822767289,25.007704407960052],"bounds":[121.860664,24.960719,122.007503,25.122313],"focusBounds":[121.860664,24.960719,122.007503,25.122313],"color":"#a8bf62","childCount":13}},{"type":"Feature","id":"65000270","geometry":{"type":"Polygon","coordinates":[[[121.650187,25.22272],[121.651195,25.224922],[121.65219,25.225194],[121.651673,25.225945],[121.653744,25.229158],[121.653036,25.230017],[121.651348,25.230508],[121.652631,25.23278],[121.65128,25.233332],[121.647864,25.232237],[121.647017,25.233095],[121.647769,25.230939],[121.648689,25.230107],[121.645947,25.23012],[121.646259,25.230809],[121.647326,25.231111],[121.646397,25.231482],[121.645603,25.230286],[121.64377,25.230545],[121.640981,25.232122],[121.638404,25.234416],[121.637602,25.235537],[121.638189,25.236027],[121.637973,25.236823],[121.637242,25.236094],[121.635965,25.236847],[121.633894,25.240517],[121.635886,25.250091],[121.634131,25.260035],[121.629743,25.266786],[121.623126,25.273905],[121.620768,25.275759],[121.61939,25.273962],[121.617799,25.273208],[121.617109,25.268225],[121.616029,25.266939],[121.61726,25.265107],[121.616881,25.263845],[121.61749,25.263253],[121.616928,25.262548],[121.618047,25.259912],[121.617897,25.258746],[121.618617,25.258046],[121.618015,25.25632],[121.615819,25.253402],[121.613645,25.253995],[121.610396,25.253987],[121.603935,25.252917],[121.600329,25.24901],[121.60001,25.246683],[121.598082,25.243474],[121.594226,25.242448],[121.590346,25.238164],[121.583867,25.233182],[121.58162,25.228393],[121.581962,25.225442],[121.5811,25.223263],[121.577926,25.220851],[121.571326,25.220379],[121.56789,25.218241],[121.565988,25.21501],[121.564344,25.213885],[121.562442,25.214104],[121.559205,25.21014],[121.562675,25.20944],[121.563488,25.205833],[121.564408,25.204763],[121.564971,25.202781],[121.564814,25.201071],[121.565989,25.199769],[121.569995,25.198256],[121.57175,25.195385],[121.57308,25.194976],[121.576108,25.195326],[121.577245,25.195268],[121.579172,25.194117],[121.580547,25.19535],[121.583764,25.194594],[121.582704,25.193094],[121.583777,25.191985],[121.584003,25.190052],[121.583997,25.188791],[121.582988,25.18856],[121.583018,25.187591],[121.581788,25.186188],[121.582739,25.184605],[121.582613,25.183819],[121.581727,25.18342],[121.580868,25.181794],[121.583504,25.176838],[121.581719,25.17379],[121.577384,25.170155],[121.577068,25.167003],[121.578857,25.16561],[121.582471,25.16545],[121.583219,25.165813],[121.583597,25.165056],[121.587928,25.162973],[121.589846,25.163732],[121.592426,25.164071],[121.593292,25.1648],[121.596682,25.165612],[121.59737,25.167222],[121.600785,25.170494],[121.60306,25.173759],[121.603964,25.175169],[121.603991,25.176238],[121.60566,25.176492],[121.606936,25.177472],[121.607302,25.181474],[121.609303,25.183829],[121.610057,25.186423],[121.610943,25.187226],[121.61131,25.190212],[121.610861,25.191041],[121.611862,25.191509],[121.612407,25.193224],[121.61055,25.194626],[121.611926,25.196765],[121.612655,25.196973],[121.613198,25.196479],[121.615836,25.199307],[121.616682,25.200999],[121.61978,25.203507],[121.621075,25.203092],[121.622114,25.2034],[121.623897,25.206222],[121.629563,25.210684],[121.630179,25.211744],[121.632652,25.213217],[121.634472,25.213556],[121.637736,25.215705],[121.641978,25.216003],[121.642655,25.21715],[121.64345,25.217419],[121.64325,25.218223],[121.644061,25.21842],[121.643733,25.220081],[121.64597,25.221611],[121.650187,25.22272]]]},"properties":{"code":"65000270","name":"金山區","countyCode":"65000","countyName":"新北市","townCode":"65000270","townName":"金山區","level":"town","unassigned":false,"note":"","label":[121.60948546333792,25.223443414492174],"bounds":[121.559205,25.162973,121.653744,25.275759],"focusBounds":[121.559205,25.162973,121.653744,25.275759],"color":"#68bec9","childCount":16}},{"type":"Feature","id":"65000280","geometry":{"type":"Polygon","coordinates":[[[121.709658,25.176562],[121.707188,25.176039],[121.70658,25.176961],[121.704622,25.176838],[121.703541,25.178742],[121.703474,25.17997],[121.702731,25.180584],[121.698883,25.18097],[121.69786,25.181368],[121.696689,25.182785],[121.696376,25.18254],[121.697242,25.181455],[121.694663,25.181639],[121.693634,25.180287],[121.692669,25.180132],[121.690145,25.182282],[121.687702,25.185624],[121.685716,25.190095],[121.686468,25.190844],[121.685936,25.192395],[121.687606,25.193482],[121.688831,25.195533],[121.689515,25.194644],[121.689799,25.196581],[121.692333,25.197841],[121.693346,25.199868],[121.694494,25.19999],[121.694697,25.20042],[121.694021,25.201771],[121.694832,25.202139],[121.696005,25.203917],[121.694227,25.203393],[121.693753,25.203766],[121.693953,25.204439],[121.692727,25.203306],[121.692116,25.204076],[121.693216,25.204432],[121.691911,25.20435],[121.691846,25.204706],[121.692208,25.205054],[121.692798,25.204704],[121.692407,25.205105],[121.692773,25.206679],[121.699081,25.212512],[121.699159,25.213093],[121.701021,25.214219],[121.701358,25.214736],[121.700946,25.215344],[121.70253,25.21626],[121.701706,25.216513],[121.702289,25.217239],[121.701491,25.21703],[121.701315,25.217488],[121.69652,25.214664],[121.696115,25.213007],[121.694359,25.211779],[121.694022,25.209876],[121.692941,25.209385],[121.692671,25.208157],[121.692401,25.208587],[121.690375,25.208218],[121.68965,25.207555],[121.688487,25.208319],[121.689383,25.207365],[121.688264,25.2065],[121.689317,25.205837],[121.6889,25.20523],[121.687325,25.205077],[121.68726,25.207834],[121.686054,25.207789],[121.685998,25.208189],[121.682475,25.205579],[121.681395,25.205641],[121.681462,25.20429],[121.679301,25.202816],[121.678491,25.202632],[121.677748,25.205948],[121.674895,25.204004],[121.674087,25.204208],[121.675319,25.203185],[121.674443,25.202359],[121.674045,25.203415],[121.673475,25.202945],[121.673326,25.203647],[121.673103,25.202204],[121.67253,25.202131],[121.670061,25.202965],[121.669597,25.204078],[121.668789,25.204003],[121.665051,25.206597],[121.666108,25.20798],[121.664886,25.206664],[121.664281,25.207036],[121.664301,25.209236],[121.662844,25.207481],[121.662232,25.207741],[121.663734,25.209673],[121.66192,25.208089],[121.660837,25.208179],[121.66214,25.208463],[121.66081,25.208835],[121.655856,25.2133],[121.653466,25.21628],[121.650187,25.22272],[121.64597,25.221611],[121.643733,25.220081],[121.644061,25.21842],[121.64325,25.218223],[121.64345,25.217419],[121.642655,25.21715],[121.641978,25.216003],[121.637736,25.215705],[121.634472,25.213556],[121.632652,25.213217],[121.630179,25.211744],[121.629563,25.210684],[121.623897,25.206222],[121.622114,25.2034],[121.621075,25.203092],[121.61978,25.203507],[121.616682,25.200999],[121.615836,25.199307],[121.613198,25.196479],[121.612655,25.196973],[121.611926,25.196765],[121.61055,25.194626],[121.612407,25.193224],[121.611862,25.191509],[121.610861,25.191041],[121.61131,25.190212],[121.610943,25.187226],[121.610057,25.186423],[121.609303,25.183829],[121.607302,25.181474],[121.606936,25.177472],[121.60566,25.176492],[121.603991,25.176238],[121.603964,25.175169],[121.60306,25.173759],[121.600785,25.170494],[121.59737,25.167222],[121.596682,25.165612],[121.593292,25.1648],[121.592426,25.164071],[121.589846,25.163732],[121.590509,25.160391],[121.59178,25.157659],[121.59184,25.155885],[121.58939,25.152386],[121.593581,25.150299],[121.593916,25.148053],[121.596012,25.144758],[121.595793,25.143431],[121.596946,25.142572],[121.598391,25.140306],[121.600512,25.139368],[121.604075,25.136175],[121.605026,25.136975],[121.605692,25.136742],[121.604572,25.134538],[121.604591,25.130853],[121.607821,25.130211],[121.608868,25.132241],[121.611467,25.133389],[121.61628,25.137571],[121.616779,25.138909],[121.618975,25.138338],[121.623942,25.139671],[121.626798,25.139705],[121.630905,25.142532],[121.63206,25.142614],[121.634531,25.143893],[121.636265,25.143553],[121.638678,25.144238],[121.639818,25.145843],[121.64201,25.144947],[121.643679,25.145678],[121.645677,25.14582],[121.649623,25.144892],[121.651457,25.147962],[121.655537,25.149054],[121.658281,25.152231],[121.660686,25.152087],[121.662324,25.152599],[121.664272,25.152223],[121.66912,25.153348],[121.669631,25.154622],[121.67147,25.155564],[121.677597,25.155735],[121.678404,25.157433],[121.681025,25.159174],[121.68272,25.159357],[121.683177,25.16065],[121.68483,25.160103],[121.687275,25.161563],[121.688832,25.16409],[121.691019,25.164648],[121.691295,25.166324],[121.695569,25.166437],[121.696539,25.167168],[121.697623,25.166776],[121.698949,25.167217],[121.69912,25.168934],[121.700942,25.169287],[121.702248,25.173517],[121.703993,25.174061],[121.706613,25.173961],[121.709658,25.176562]]]},"properties":{"code":"65000280","name":"萬里區","countyCode":"65000","countyName":"新北市","townCode":"65000280","townName":"萬里區","level":"town","unassigned":false,"note":"","label":[121.64347503379713,25.179605277911598],"bounds":[121.58939,25.130211,121.709658,25.22272],"focusBounds":[121.58939,25.130211,121.709658,25.22272],"color":"#df9f6a","childCount":14}},{"type":"Feature","id":"65000290","geometry":{"type":"Polygon","coordinates":[[[121.575776,24.875082],[121.573384,24.874787],[121.571356,24.876888],[121.570031,24.876567],[121.568457,24.877562],[121.566492,24.87694],[121.564562,24.877134],[121.56482,24.880373],[121.564252,24.882081],[121.564582,24.883892],[121.564149,24.886794],[121.559092,24.890602],[121.557028,24.890708],[121.554996,24.891633],[121.551119,24.891254],[121.547903,24.888631],[121.546727,24.888321],[121.539774,24.893794],[121.535246,24.891735],[121.532926,24.888049],[121.529389,24.885073],[121.526293,24.8836],[121.52372,24.883774],[121.520713,24.883281],[121.517794,24.880859],[121.508851,24.877526],[121.504108,24.87364],[121.50188,24.872915],[121.499199,24.87032],[121.494874,24.868466],[121.488357,24.862194],[121.492835,24.856577],[121.49311,24.852886],[121.494232,24.851744],[121.496176,24.851024],[121.497189,24.848708],[121.496457,24.846535],[121.496783,24.844756],[121.49621,24.841922],[121.494732,24.839662],[121.494603,24.836728],[121.4903,24.834478],[121.486736,24.834233],[121.483916,24.831545],[121.48342,24.829806],[121.483678,24.828386],[121.480397,24.823504],[121.482193,24.822548],[121.482836,24.820843],[121.484001,24.819674],[121.483445,24.817614],[121.481423,24.815682],[121.478407,24.816017],[121.4757,24.814222],[121.47328,24.813355],[121.472338,24.810321],[121.469063,24.807247],[121.461919,24.805418],[121.459385,24.801555],[121.458093,24.801161],[121.45736,24.800137],[121.455326,24.798921],[121.456207,24.79285],[121.453915,24.791777],[121.451463,24.791974],[121.450385,24.790917],[121.450397,24.789846],[121.448843,24.788244],[121.449525,24.785936],[121.447536,24.784205],[121.446109,24.781854],[121.444064,24.780636],[121.442403,24.780486],[121.440575,24.77914],[121.438507,24.775469],[121.436921,24.77372],[121.435756,24.772961],[121.431432,24.771938],[121.426233,24.767826],[121.423509,24.763276],[121.423304,24.762017],[121.425839,24.760588],[121.425567,24.758399],[121.428487,24.753454],[121.42848,24.75152],[121.429218,24.749946],[121.428685,24.748065],[121.430157,24.745549],[121.430367,24.743458],[121.431989,24.742241],[121.432749,24.740752],[121.432977,24.736826],[121.435352,24.733311],[121.434206,24.73013],[121.436789,24.728366],[121.43832,24.726591],[121.440962,24.726083],[121.441535,24.72314],[121.444897,24.715152],[121.448792,24.712189],[121.449118,24.708548],[121.450225,24.705675],[121.456511,24.703249],[121.459862,24.702758],[121.46255,24.701637],[121.469496,24.696151],[121.470963,24.696786],[121.474236,24.696102],[121.474793,24.693478],[121.47304,24.689802],[121.473945,24.685333],[121.475416,24.683653],[121.47596,24.67927],[121.477876,24.677313],[121.479996,24.673849],[121.481815,24.674339],[121.484735,24.673827],[121.486859,24.675166],[121.487916,24.675192],[121.489289,24.674227],[121.493009,24.673243],[121.496357,24.675133],[121.499029,24.677947],[121.502418,24.679295],[121.505,24.679485],[121.507304,24.682338],[121.510303,24.683291],[121.511742,24.684354],[121.513688,24.684304],[121.514813,24.683238],[121.523796,24.683295],[121.524944,24.684492],[121.526954,24.685255],[121.527135,24.688523],[121.527881,24.688969],[121.529498,24.687573],[121.532044,24.687715],[121.533315,24.688416],[121.536563,24.688328],[121.537633,24.690238],[121.537559,24.694015],[121.538893,24.694776],[121.538647,24.698022],[121.537865,24.699844],[121.540835,24.702306],[121.542933,24.704668],[121.543207,24.705644],[121.547274,24.706273],[121.550622,24.705742],[121.554435,24.708371],[121.556377,24.711222],[121.558241,24.710928],[121.562543,24.712839],[121.565684,24.71166],[121.56778,24.711563],[121.569488,24.712659],[121.570376,24.713971],[121.572161,24.710583],[121.57461,24.71004],[121.57563,24.711047],[121.577283,24.714874],[121.578059,24.722164],[121.579319,24.722427],[121.58347,24.720556],[121.587048,24.720108],[121.588446,24.720961],[121.590573,24.723564],[121.59393,24.72584],[121.596786,24.72704],[121.597953,24.72903],[121.593771,24.729537],[121.593727,24.730469],[121.595012,24.732484],[121.594168,24.735],[121.595307,24.739632],[121.594932,24.740841],[121.591924,24.743323],[121.591669,24.744916],[121.592515,24.745855],[121.594669,24.746431],[121.596133,24.748302],[121.595183,24.748807],[121.594591,24.750192],[121.592257,24.750306],[121.590328,24.751245],[121.588974,24.755152],[121.589396,24.757208],[121.590817,24.758782],[121.590779,24.761345],[121.593435,24.764821],[121.596279,24.766939],[121.595588,24.769301],[121.597586,24.772169],[121.594396,24.778988],[121.594333,24.78105],[121.593259,24.782107],[121.593381,24.785025],[121.591983,24.787654],[121.593661,24.787297],[121.598891,24.787699],[121.602932,24.789439],[121.605644,24.789126],[121.609637,24.793766],[121.613335,24.793198],[121.616811,24.793888],[121.620961,24.792503],[121.623558,24.794379],[121.62558,24.795129],[121.626003,24.796389],[121.624815,24.80161],[121.625944,24.802843],[121.626414,24.805275],[121.625827,24.80878],[121.628664,24.80796],[121.630411,24.809019],[121.637226,24.809438],[121.638803,24.810725],[121.642031,24.810439],[121.644149,24.809252],[121.645037,24.809289],[121.646212,24.810313],[121.647374,24.813952],[121.648673,24.812654],[121.650519,24.812968],[121.65159,24.811815],[121.653115,24.811266],[121.66069,24.810829],[121.661056,24.811934],[121.663016,24.812628],[121.664798,24.814415],[121.668632,24.81679],[121.66905,24.818009],[121.674283,24.814127],[121.675315,24.814699],[121.677156,24.814092],[121.681241,24.817616],[121.683067,24.816911],[121.686198,24.817525],[121.68729,24.8162],[121.688309,24.816125],[121.68928,24.81717],[121.68895,24.819328],[121.690118,24.821492],[121.689679,24.822713],[121.687758,24.824192],[121.687969,24.825416],[121.690216,24.826859],[121.692293,24.82728],[121.694338,24.829074],[121.696166,24.829894],[121.696101,24.831973],[121.696711,24.833729],[121.696404,24.83462],[121.69816,24.834202],[121.699164,24.835577],[121.70026,24.834658],[121.70173,24.834348],[121.706761,24.837793],[121.707526,24.838846],[121.704065,24.842273],[121.697679,24.842986],[121.696643,24.84357],[121.694345,24.843576],[121.693123,24.84408],[121.692036,24.845011],[121.690681,24.848107],[121.688509,24.848371],[121.688183,24.849586],[121.687391,24.849961],[121.685332,24.849402],[121.682222,24.850211],[121.681734,24.849648],[121.679583,24.849657],[121.677905,24.848975],[121.677243,24.84971],[121.673998,24.848909],[121.673142,24.849255],[121.669768,24.848048],[121.665633,24.85036],[121.664042,24.849627],[121.659521,24.851176],[121.657153,24.849653],[121.65504,24.851368],[121.652976,24.855219],[121.645731,24.859414],[121.644662,24.860734],[121.643324,24.860615],[121.641755,24.861884],[121.640409,24.86191],[121.638448,24.860889],[121.637712,24.859499],[121.635211,24.857421],[121.634052,24.858944],[121.631936,24.859349],[121.62977,24.861416],[121.625458,24.8615],[121.62126,24.863233],[121.620238,24.86294],[121.619591,24.861523],[121.617948,24.861924],[121.615468,24.860697],[121.61467,24.86138],[121.609279,24.863055],[121.600724,24.863304],[121.597733,24.864143],[121.595877,24.866305],[121.592116,24.866442],[121.590036,24.869347],[121.586962,24.870843],[121.58494,24.872753],[121.58095,24.874124],[121.578155,24.874181],[121.575776,24.875082]]]},"properties":{"code":"65000290","name":"烏來區","countyCode":"65000","countyName":"新北市","townCode":"65000290","townName":"烏來區","level":"town","unassigned":false,"note":"","label":[121.53172524379204,24.781092230857606],"bounds":[121.423304,24.673243,121.707526,24.893794],"focusBounds":[121.423304,24.673243,121.707526,24.893794],"color":"#98b69b","childCount":5}}]}
