{"type":"FeatureCollection","features":[{"type":"Feature","id":"67000010","geometry":{"type":"Polygon","coordinates":[[[120.352534,23.314046],[120.352198,23.315627],[120.353068,23.316327],[120.352703,23.317836],[120.353307,23.319442],[120.351083,23.323244],[120.352072,23.32484],[120.351636,23.325635],[120.339029,23.323746],[120.338163,23.324285],[120.339341,23.325433],[120.339846,23.327356],[120.339359,23.328425],[120.337223,23.32868],[120.337327,23.32946],[120.335169,23.329902],[120.335248,23.32784],[120.33477,23.327082],[120.329965,23.327967],[120.331448,23.328739],[120.332189,23.329965],[120.331318,23.331656],[120.330199,23.332173],[120.329203,23.331821],[120.328645,23.330305],[120.328844,23.328813],[120.328093,23.328357],[120.325998,23.328831],[120.326361,23.330298],[120.325635,23.331326],[120.325851,23.332932],[120.322797,23.333849],[120.32136,23.332646],[120.319522,23.3328],[120.318796,23.332233],[120.316797,23.332877],[120.316407,23.331252],[120.315591,23.332214],[120.316255,23.335236],[120.313927,23.335282],[120.312919,23.334185],[120.311262,23.333963],[120.310424,23.333074],[120.30811,23.333182],[120.305682,23.33609],[120.305922,23.337499],[120.305178,23.338964],[120.307495,23.342503],[120.30899,23.343817],[120.307588,23.345212],[120.30459,23.344981],[120.303864,23.342932],[120.305581,23.341031],[120.303451,23.339567],[120.303248,23.337614],[120.302301,23.336057],[120.300173,23.336167],[120.299401,23.33739],[120.297562,23.33837],[120.29659,23.341063],[120.295899,23.340857],[120.294053,23.33851],[120.292951,23.335589],[120.293928,23.334112],[120.295046,23.334571],[120.296795,23.333637],[120.298342,23.334335],[120.298573,23.333975],[120.297081,23.333429],[120.29678,23.330965],[120.294884,23.330617],[120.295366,23.328691],[120.292292,23.329507],[120.289886,23.328801],[120.289889,23.328233],[120.293008,23.324754],[120.28898,23.320976],[120.288039,23.321285],[120.287264,23.320399],[120.285032,23.320211],[120.283011,23.32096],[120.281902,23.32067],[120.284243,23.31834],[120.282705,23.31703],[120.279945,23.318971],[120.277441,23.318953],[120.276497,23.321401],[120.275374,23.322205],[120.272202,23.322334],[120.271422,23.321889],[120.272521,23.320561],[120.272524,23.319544],[120.270864,23.317441],[120.27,23.315438],[120.270277,23.314944],[120.273148,23.315455],[120.274151,23.314866],[120.276468,23.314727],[120.278437,23.315373],[120.280044,23.315189],[120.279173,23.315014],[120.278865,23.314336],[120.274061,23.310807],[120.276423,23.310416],[120.276371,23.303021],[120.273055,23.303435],[120.267228,23.301237],[120.269244,23.300273],[120.268331,23.29955],[120.270029,23.296724],[120.269149,23.296018],[120.270007,23.294785],[120.25963,23.288041],[120.261536,23.285693],[120.258974,23.285772],[120.259086,23.285385],[120.257687,23.28439],[120.255781,23.284377],[120.254682,23.284872],[120.254834,23.286336],[120.253238,23.285618],[120.252803,23.28639],[120.254497,23.287269],[120.25326,23.287544],[120.248499,23.285309],[120.250279,23.28236],[120.250382,23.279752],[120.253196,23.279704],[120.249081,23.274881],[120.253295,23.274943],[120.253603,23.267388],[120.258471,23.26746],[120.257908,23.265545],[120.257387,23.265355],[120.257012,23.261344],[120.255435,23.261153],[120.254546,23.259874],[120.256485,23.258903],[120.255748,23.256495],[120.25765,23.256246],[120.258522,23.255149],[120.260655,23.254133],[120.263149,23.254226],[120.267143,23.255445],[120.267795,23.257267],[120.271717,23.257391],[120.272163,23.258227],[120.272106,23.261248],[120.277209,23.260899],[120.279949,23.261206],[120.280417,23.261863],[120.282304,23.266257],[120.283197,23.269986],[120.283455,23.275315],[120.284646,23.276875],[120.28934,23.276664],[120.290608,23.277022],[120.290631,23.278505],[120.293635,23.283431],[120.29422,23.285372],[120.293067,23.288275],[120.293452,23.288551],[120.293093,23.288646],[120.293186,23.291142],[120.292333,23.291784],[120.293075,23.293982],[120.300885,23.296183],[120.305919,23.296617],[120.313508,23.29585],[120.323912,23.296071],[120.325126,23.297131],[120.324577,23.30266],[120.325545,23.30485],[120.327166,23.305897],[120.329391,23.306281],[120.331463,23.30399],[120.332339,23.305145],[120.335645,23.307002],[120.336966,23.308791],[120.338634,23.309947],[120.343408,23.309727],[120.343458,23.310783],[120.340222,23.315932],[120.341299,23.318984],[120.345639,23.317134],[120.350758,23.313688],[120.352016,23.31349],[120.352534,23.314046]]]},"properties":{"code":"67000010","name":"新營區","countyCode":"67000","countyName":"臺南市","townCode":"67000010","townName":"新營區","level":"town","unassigned":false,"note":"","label":[120.30860044944032,23.314752706726384],"bounds":[120.248499,23.254133,120.353307,23.345212],"focusBounds":[120.248499,23.254133,120.353307,23.345212],"color":"#c38cb8","childCount":23}},{"type":"Feature","id":"67000020","geometry":{"type":"Polygon","coordinates":[[[120.295899,23.340857],[120.295799,23.342155],[120.296325,23.341414],[120.297045,23.34178],[120.295833,23.357238],[120.29509,23.358278],[120.29423,23.358463],[120.293223,23.356684],[120.291177,23.357571],[120.288297,23.355476],[120.287379,23.351282],[120.28622,23.350291],[120.281414,23.348233],[120.277737,23.347716],[120.276159,23.348333],[120.274783,23.351712],[120.273316,23.35273],[120.270494,23.353689],[120.267853,23.353537],[120.266037,23.35258],[120.260711,23.344471],[120.263663,23.345093],[120.265723,23.344589],[120.267499,23.344757],[120.267051,23.340632],[120.256395,23.331072],[120.249225,23.328928],[120.245867,23.326852],[120.241093,23.327074],[120.239697,23.327556],[120.237592,23.326647],[120.23555,23.323268],[120.234284,23.319808],[120.231231,23.316186],[120.228281,23.310152],[120.227056,23.305314],[120.222638,23.298319],[120.220874,23.296],[120.212355,23.291694],[120.211696,23.286696],[120.212254,23.281868],[120.210643,23.281363],[120.211269,23.280157],[120.210651,23.277401],[120.20933,23.276535],[120.20653,23.276158],[120.204339,23.274228],[120.200095,23.273638],[120.198653,23.271811],[120.197611,23.271368],[120.196195,23.272245],[120.193596,23.276207],[120.193986,23.271722],[120.191803,23.265941],[120.194969,23.263623],[120.194882,23.261881],[120.19556,23.26086],[120.197433,23.261705],[120.198742,23.260918],[120.198576,23.257621],[120.200687,23.258618],[120.201838,23.261052],[120.203735,23.262381],[120.204967,23.262495],[120.205595,23.261962],[120.20422,23.2599],[120.204217,23.258971],[120.206462,23.259919],[120.207956,23.26138],[120.207797,23.263916],[120.209151,23.264647],[120.21051,23.2648],[120.211424,23.264143],[120.209885,23.260907],[120.216082,23.262228],[120.216778,23.266167],[120.220416,23.266726],[120.222108,23.268662],[120.223115,23.267282],[120.223073,23.266215],[120.219147,23.264354],[120.218801,23.262741],[120.219917,23.262083],[120.220502,23.263253],[120.221229,23.263222],[120.22446,23.262637],[120.22575,23.261897],[120.222241,23.2612],[120.222053,23.259236],[120.22273,23.256108],[120.229833,23.25186],[120.228885,23.251611],[120.229259,23.250974],[120.228644,23.250005],[120.227515,23.249805],[120.227581,23.24846],[120.228654,23.247255],[120.231688,23.249043],[120.233188,23.248865],[120.236906,23.243258],[120.239821,23.243569],[120.242417,23.245194],[120.243049,23.244338],[120.253184,23.249988],[120.254684,23.248636],[120.263189,23.253385],[120.263149,23.254226],[120.260655,23.254133],[120.258522,23.255149],[120.25765,23.256246],[120.255748,23.256495],[120.256485,23.258903],[120.254546,23.259874],[120.255435,23.261153],[120.257012,23.261344],[120.257387,23.265355],[120.257908,23.265545],[120.258471,23.26746],[120.253603,23.267388],[120.253295,23.274943],[120.249081,23.274881],[120.253196,23.279704],[120.250382,23.279752],[120.250279,23.28236],[120.248499,23.285309],[120.25326,23.287544],[120.254497,23.287269],[120.252803,23.28639],[120.253238,23.285618],[120.254834,23.286336],[120.254682,23.284872],[120.255781,23.284377],[120.257687,23.28439],[120.259086,23.285385],[120.258974,23.285772],[120.261536,23.285693],[120.25963,23.288041],[120.270007,23.294785],[120.269149,23.296018],[120.270029,23.296724],[120.268331,23.29955],[120.269244,23.300273],[120.267228,23.301237],[120.273055,23.303435],[120.276371,23.303021],[120.276423,23.310416],[120.274061,23.310807],[120.278865,23.314336],[120.279173,23.315014],[120.280044,23.315189],[120.278437,23.315373],[120.276468,23.314727],[120.274151,23.314866],[120.273148,23.315455],[120.270277,23.314944],[120.27,23.315438],[120.270864,23.317441],[120.272524,23.319544],[120.272521,23.320561],[120.271422,23.321889],[120.272202,23.322334],[120.275374,23.322205],[120.276497,23.321401],[120.277441,23.318953],[120.279945,23.318971],[120.282705,23.31703],[120.284243,23.31834],[120.281902,23.32067],[120.283011,23.32096],[120.285032,23.320211],[120.287264,23.320399],[120.288039,23.321285],[120.28898,23.320976],[120.293008,23.324754],[120.289889,23.328233],[120.289886,23.328801],[120.292292,23.329507],[120.295366,23.328691],[120.294884,23.330617],[120.29678,23.330965],[120.297081,23.333429],[120.298573,23.333975],[120.298342,23.334335],[120.296795,23.333637],[120.295046,23.334571],[120.293928,23.334112],[120.292951,23.335589],[120.294053,23.33851],[120.295899,23.340857]]]},"properties":{"code":"67000020","name":"鹽水區","countyCode":"67000","countyName":"臺南市","townCode":"67000020","townName":"鹽水區","level":"town","unassigned":false,"note":"","label":[120.24910344450404,23.30722280270309],"bounds":[120.191803,23.243258,120.298573,23.358463],"focusBounds":[120.191803,23.243258,120.298573,23.358463],"color":"#98b69b","childCount":13}},{"type":"Feature","id":"67000030","geometry":{"type":"Polygon","coordinates":[[[120.495145,23.393203],[120.494864,23.394415],[120.49425,23.394231],[120.493754,23.394958],[120.490325,23.395624],[120.489775,23.394399],[120.488654,23.393608],[120.489164,23.392446],[120.487933,23.393006],[120.486908,23.39237],[120.486274,23.393109],[120.48554,23.393062],[120.485236,23.392399],[120.485674,23.391438],[120.484004,23.391517],[120.483151,23.389839],[120.482142,23.38928],[120.480869,23.389312],[120.479419,23.387589],[120.477471,23.390711],[120.475385,23.391001],[120.476145,23.39383],[120.474331,23.395968],[120.4734,23.398073],[120.472183,23.398077],[120.469525,23.399404],[120.468835,23.400515],[120.467688,23.401122],[120.466725,23.400539],[120.464954,23.40077],[120.461842,23.402439],[120.46084,23.403724],[120.460938,23.404707],[120.459193,23.404637],[120.453982,23.40722],[120.454325,23.406341],[120.453267,23.406476],[120.45179,23.408291],[120.450085,23.409231],[120.444544,23.411005],[120.441562,23.413163],[120.440252,23.413081],[120.439998,23.413731],[120.439399,23.41295],[120.438084,23.413355],[120.436906,23.412288],[120.436214,23.412818],[120.435709,23.412205],[120.434399,23.412145],[120.434347,23.411084],[120.433202,23.411288],[120.432246,23.410815],[120.431676,23.407916],[120.430314,23.406484],[120.42868,23.407309],[120.427757,23.406369],[120.426128,23.406867],[120.423276,23.406424],[120.421952,23.407044],[120.420062,23.403464],[120.418372,23.406295],[120.417945,23.408517],[120.416303,23.410417],[120.414491,23.41124],[120.410492,23.410168],[120.409424,23.412429],[120.408109,23.413426],[120.406704,23.411511],[120.404173,23.410046],[120.386871,23.404762],[120.386681,23.400389],[120.385577,23.398294],[120.383394,23.3964],[120.383503,23.394147],[120.385427,23.393541],[120.385814,23.392214],[120.387075,23.39131],[120.392949,23.391236],[120.393863,23.389915],[120.39582,23.388871],[120.398337,23.390565],[120.399986,23.390795],[120.399486,23.390085],[120.400218,23.388851],[120.400238,23.386661],[120.399208,23.383741],[120.40581,23.380337],[120.404759,23.378195],[120.405723,23.376924],[120.405105,23.376393],[120.406797,23.37115],[120.406209,23.369364],[120.405018,23.368212],[120.394136,23.367177],[120.388495,23.365502],[120.38543,23.362776],[120.383861,23.362688],[120.384631,23.361141],[120.384358,23.35992],[120.380195,23.358846],[120.380449,23.356969],[120.381471,23.356404],[120.386038,23.356503],[120.388005,23.354067],[120.388471,23.352341],[120.387639,23.345719],[120.390686,23.344764],[120.394491,23.345283],[120.392547,23.341216],[120.391427,23.340008],[120.390291,23.339662],[120.390062,23.334641],[120.391156,23.332209],[120.392234,23.332532],[120.393056,23.333789],[120.394033,23.337778],[120.39332,23.339617],[120.394449,23.340364],[120.398607,23.339592],[120.398718,23.336961],[120.399777,23.334414],[120.401506,23.331921],[120.402718,23.3318],[120.404026,23.332233],[120.404503,23.332959],[120.402902,23.336246],[120.402754,23.33972],[120.404568,23.341626],[120.405421,23.341497],[120.407235,23.338765],[120.40674,23.336712],[120.407101,23.335439],[120.40811,23.334607],[120.411512,23.334808],[120.413172,23.332349],[120.415123,23.332343],[120.415948,23.32746],[120.418418,23.325033],[120.420035,23.325536],[120.423125,23.324803],[120.426427,23.322182],[120.428459,23.321966],[120.431449,23.320537],[120.433918,23.317151],[120.435786,23.316097],[120.436817,23.314233],[120.437768,23.314497],[120.438728,23.313489],[120.440252,23.314328],[120.440486,23.313015],[120.441165,23.312359],[120.440724,23.311229],[120.441098,23.309766],[120.442464,23.308803],[120.443147,23.308861],[120.443329,23.30798],[120.444512,23.30743],[120.44445,23.306999],[120.447262,23.306108],[120.447701,23.305232],[120.448011,23.303976],[120.446954,23.303085],[120.446466,23.301061],[120.445762,23.300633],[120.448207,23.299189],[120.449024,23.300181],[120.450358,23.300122],[120.45005,23.29836],[120.450929,23.296897],[120.452402,23.296987],[120.452657,23.298876],[120.454203,23.299784],[120.454826,23.298319],[120.459853,23.30159],[120.460844,23.300459],[120.462545,23.300245],[120.462816,23.300869],[120.464156,23.300989],[120.464643,23.299992],[120.466385,23.300009],[120.468377,23.297636],[120.471077,23.296553],[120.472165,23.296748],[120.474451,23.298459],[120.477642,23.297974],[120.478652,23.297278],[120.479176,23.295731],[120.481093,23.294873],[120.481106,23.293506],[120.484476,23.293941],[120.485955,23.293584],[120.487086,23.294456],[120.487219,23.295496],[120.488802,23.296273],[120.490664,23.298863],[120.492195,23.299518],[120.495815,23.299407],[120.497643,23.297913],[120.502682,23.297685],[120.504782,23.296115],[120.507724,23.295388],[120.507578,23.293119],[120.503824,23.291005],[120.502177,23.288823],[120.502666,23.287561],[120.503335,23.287619],[120.503863,23.288457],[120.50468,23.288136],[120.506178,23.290469],[120.508718,23.289861],[120.509057,23.290651],[120.511634,23.29188],[120.513994,23.29209],[120.514559,23.291501],[120.515647,23.291779],[120.518184,23.290265],[120.517421,23.287292],[120.521979,23.287395],[120.522576,23.28932],[120.523773,23.290103],[120.524463,23.291543],[120.526009,23.292226],[120.526279,23.295334],[120.52568,23.29824],[120.52388,23.302391],[120.522607,23.311885],[120.523891,23.313346],[120.527281,23.314636],[120.529411,23.316857],[120.530853,23.317107],[120.531562,23.318097],[120.53195,23.321148],[120.53378,23.321976],[120.535108,23.323246],[120.537056,23.326538],[120.539996,23.32787],[120.536814,23.333263],[120.533723,23.336471],[120.531534,23.336817],[120.530294,23.338062],[120.527591,23.338589],[120.526931,23.339385],[120.525853,23.339198],[120.524745,23.338202],[120.523112,23.340678],[120.521417,23.340461],[120.52068,23.341947],[120.51842,23.342012],[120.515584,23.343739],[120.514776,23.343286],[120.514257,23.343861],[120.510429,23.344091],[120.509611,23.343369],[120.50786,23.342995],[120.505091,23.344815],[120.505674,23.34547],[120.504455,23.346544],[120.504636,23.349347],[120.503783,23.349394],[120.503562,23.350288],[120.504719,23.35468],[120.50616,23.355297],[120.50809,23.35276],[120.510845,23.354003],[120.512464,23.356299],[120.512426,23.359831],[120.512092,23.360621],[120.511182,23.360642],[120.511222,23.36226],[120.510531,23.362379],[120.510219,23.363308],[120.510674,23.363557],[120.510539,23.36436],[120.509895,23.364878],[120.509549,23.364474],[120.50877,23.364625],[120.507177,23.365892],[120.507319,23.366515],[120.506762,23.36703],[120.504927,23.367432],[120.504836,23.368902],[120.503473,23.368887],[120.503442,23.369355],[120.502596,23.369536],[120.501788,23.367825],[120.499473,23.368035],[120.496055,23.369951],[120.494271,23.369488],[120.491502,23.372487],[120.490097,23.371121],[120.489451,23.372836],[120.488725,23.373068],[120.486251,23.370308],[120.483935,23.369567],[120.482941,23.372327],[120.483593,23.377336],[120.484402,23.379481],[120.489175,23.38178],[120.490278,23.383071],[120.49141,23.382635],[120.494521,23.384307],[120.495902,23.383878],[120.496819,23.384245],[120.499029,23.387398],[120.499143,23.388045],[120.497105,23.389384],[120.497502,23.391232],[120.495145,23.393203]]]},"properties":{"code":"67000030","name":"白河區","countyCode":"67000","countyName":"臺南市","townCode":"67000030","townName":"白河區","level":"town","unassigned":false,"note":"","label":[120.4456904654468,23.35848138316932],"bounds":[120.380195,23.287292,120.539996,23.413731],"focusBounds":[120.380195,23.287292,120.539996,23.413731],"color":"#58b99d","childCount":21}},{"type":"Feature","id":"67000040","geometry":{"type":"Polygon","coordinates":[[[120.423978,23.245363],[120.424851,23.246051],[120.424852,23.24774],[120.424387,23.248279],[120.42463,23.249895],[120.423285,23.25322],[120.42028,23.255045],[120.418129,23.254948],[120.416635,23.257358],[120.415551,23.256896],[120.413524,23.25813],[120.413616,23.259767],[120.413191,23.260904],[120.412467,23.261318],[120.412871,23.263194],[120.408901,23.263839],[120.406677,23.263163],[120.405587,23.26219],[120.4041,23.263213],[120.401195,23.264006],[120.400559,23.265383],[120.399239,23.263837],[120.397711,23.26387],[120.395833,23.262894],[120.393924,23.265022],[120.394609,23.266231],[120.394398,23.267258],[120.390787,23.268837],[120.389585,23.272085],[120.38944,23.275834],[120.390215,23.276332],[120.390986,23.275723],[120.392329,23.276112],[120.394327,23.278764],[120.393415,23.284048],[120.392288,23.286092],[120.388349,23.28746],[120.385269,23.290265],[120.383304,23.290593],[120.378035,23.289639],[120.376618,23.290547],[120.374404,23.293145],[120.371944,23.292777],[120.369994,23.293244],[120.368177,23.294554],[120.366326,23.298706],[120.36086,23.297429],[120.358222,23.29766],[120.357015,23.298278],[120.358108,23.301693],[120.350013,23.30504],[120.349078,23.304445],[120.348995,23.302634],[120.348317,23.301447],[120.346533,23.300494],[120.342071,23.294615],[120.340167,23.294335],[120.335877,23.296038],[120.333323,23.297946],[120.332284,23.300121],[120.332456,23.302601],[120.331463,23.30399],[120.329391,23.306281],[120.327166,23.305897],[120.325545,23.30485],[120.324577,23.30266],[120.325126,23.297131],[120.323912,23.296071],[120.313508,23.29585],[120.305919,23.296617],[120.300885,23.296183],[120.293075,23.293982],[120.292333,23.291784],[120.293186,23.291142],[120.293093,23.288646],[120.293452,23.288551],[120.293067,23.288275],[120.29422,23.285372],[120.293635,23.283431],[120.290631,23.278505],[120.290608,23.277022],[120.28934,23.276664],[120.284646,23.276875],[120.283455,23.275315],[120.283197,23.269986],[120.282304,23.266257],[120.280417,23.261863],[120.28384,23.26017],[120.287362,23.2601],[120.288301,23.260416],[120.288518,23.261753],[120.289258,23.26224],[120.293014,23.26163],[120.294442,23.261866],[120.295451,23.264288],[120.297135,23.264873],[120.297982,23.264584],[120.29936,23.262533],[120.303116,23.262875],[120.305283,23.263882],[120.30878,23.263385],[120.309899,23.262464],[120.309802,23.260123],[120.313254,23.259898],[120.315165,23.259087],[120.316302,23.260674],[120.317642,23.261335],[120.318712,23.26336],[120.320788,23.263097],[120.321592,23.261307],[120.322306,23.261072],[120.323769,23.263336],[120.324609,23.263591],[120.325882,23.262315],[120.326049,23.260534],[120.327743,23.260266],[120.329635,23.261109],[120.329756,23.258375],[120.330255,23.257829],[120.331461,23.258786],[120.333012,23.26326],[120.334014,23.263716],[120.335361,23.263425],[120.337544,23.260164],[120.338612,23.257389],[120.341109,23.255367],[120.342476,23.254913],[120.344669,23.25646],[120.34656,23.256634],[120.35169,23.252119],[120.351918,23.24817],[120.351377,23.245389],[120.350358,23.244071],[120.352498,23.242705],[120.353848,23.242702],[120.354847,23.24199],[120.357373,23.242294],[120.358963,23.241679],[120.362365,23.238199],[120.361909,23.234981],[120.364027,23.235157],[120.365786,23.236265],[120.365356,23.236974],[120.365774,23.238004],[120.367496,23.238749],[120.368077,23.239801],[120.369075,23.240264],[120.370365,23.239705],[120.37065,23.240239],[120.373157,23.241027],[120.373418,23.240256],[120.375805,23.24006],[120.380954,23.236773],[120.383274,23.237414],[120.387607,23.235151],[120.388255,23.23567],[120.390744,23.235949],[120.393017,23.23447],[120.394582,23.234064],[120.395657,23.231866],[120.39679,23.231069],[120.398198,23.230542],[120.399468,23.230869],[120.401282,23.230468],[120.402061,23.231284],[120.40228,23.233477],[120.402785,23.233241],[120.405209,23.234194],[120.408309,23.233923],[120.409892,23.234448],[120.410443,23.235298],[120.411995,23.235017],[120.414167,23.236451],[120.417039,23.237246],[120.418583,23.238588],[120.421075,23.239303],[120.421999,23.239079],[120.423509,23.241624],[120.42301,23.243164],[120.423978,23.245363]]]},"properties":{"code":"67000040","name":"柳營區","countyCode":"67000","countyName":"臺南市","townCode":"67000040","townName":"柳營區","level":"town","unassigned":false,"note":"","label":[120.36701604607373,23.26784913480042],"bounds":[120.280417,23.230468,120.424852,23.306281],"focusBounds":[120.280417,23.230468,120.424852,23.306281],"color":"#efb44f","childCount":13}},{"type":"Feature","id":"67000050","geometry":{"type":"Polygon","coordinates":[[[120.390291,23.339662],[120.391427,23.340008],[120.392547,23.341216],[120.394491,23.345283],[120.390686,23.344764],[120.387639,23.345719],[120.388471,23.352341],[120.388005,23.354067],[120.386038,23.356503],[120.381471,23.356404],[120.380449,23.356969],[120.380195,23.358846],[120.384358,23.35992],[120.384631,23.361141],[120.383861,23.362688],[120.38543,23.362776],[120.388495,23.365502],[120.394136,23.367177],[120.405018,23.368212],[120.406209,23.369364],[120.406797,23.37115],[120.405105,23.376393],[120.405723,23.376924],[120.404759,23.378195],[120.40581,23.380337],[120.399208,23.383741],[120.400238,23.386661],[120.400218,23.388851],[120.399486,23.390085],[120.399986,23.390795],[120.398337,23.390565],[120.39582,23.388871],[120.393863,23.389915],[120.392949,23.391236],[120.387075,23.39131],[120.385814,23.392214],[120.385427,23.393541],[120.383503,23.394147],[120.383394,23.3964],[120.385577,23.398294],[120.386681,23.400389],[120.386871,23.404762],[120.381041,23.403435],[120.35985,23.402665],[120.355852,23.401728],[120.353434,23.401213],[120.349378,23.401297],[120.344689,23.399502],[120.343022,23.398166],[120.34272,23.396222],[120.333336,23.385847],[120.328935,23.384879],[120.328687,23.386117],[120.324263,23.384376],[120.323577,23.383643],[120.321793,23.383533],[120.319447,23.386037],[120.319895,23.386774],[120.319422,23.387343],[120.318846,23.387183],[120.317844,23.388434],[120.314774,23.38846],[120.311005,23.385568],[120.311197,23.383394],[120.310336,23.3831],[120.310946,23.375437],[120.307964,23.374947],[120.303614,23.375963],[120.299363,23.37534],[120.29274,23.375318],[120.290279,23.371835],[120.285689,23.366932],[120.284627,23.363498],[120.283803,23.362051],[120.283699,23.359736],[120.284607,23.356254],[120.286056,23.353961],[120.28622,23.350291],[120.287379,23.351282],[120.288297,23.355476],[120.291177,23.357571],[120.293223,23.356684],[120.29423,23.358463],[120.29509,23.358278],[120.295833,23.357238],[120.297045,23.34178],[120.296325,23.341414],[120.295799,23.342155],[120.295899,23.340857],[120.29659,23.341063],[120.297562,23.33837],[120.299401,23.33739],[120.300173,23.336167],[120.302301,23.336057],[120.303248,23.337614],[120.303451,23.339567],[120.305581,23.341031],[120.303864,23.342932],[120.30459,23.344981],[120.307588,23.345212],[120.30899,23.343817],[120.307495,23.342503],[120.305178,23.338964],[120.305922,23.337499],[120.305682,23.33609],[120.30811,23.333182],[120.310424,23.333074],[120.311262,23.333963],[120.312919,23.334185],[120.313927,23.335282],[120.316255,23.335236],[120.315591,23.332214],[120.316407,23.331252],[120.316797,23.332877],[120.318796,23.332233],[120.319522,23.3328],[120.32136,23.332646],[120.322797,23.333849],[120.325851,23.332932],[120.325635,23.331326],[120.326361,23.330298],[120.325998,23.328831],[120.328093,23.328357],[120.328844,23.328813],[120.328645,23.330305],[120.329203,23.331821],[120.330199,23.332173],[120.331318,23.331656],[120.332189,23.329965],[120.331448,23.328739],[120.329965,23.327967],[120.33477,23.327082],[120.335248,23.32784],[120.335169,23.329902],[120.337327,23.32946],[120.337223,23.32868],[120.339359,23.328425],[120.339846,23.327356],[120.339341,23.325433],[120.338163,23.324285],[120.339029,23.323746],[120.351636,23.325635],[120.352072,23.32484],[120.351083,23.323244],[120.353307,23.319442],[120.352703,23.317836],[120.353068,23.316327],[120.352198,23.315627],[120.352534,23.314046],[120.35373,23.315366],[120.356512,23.316111],[120.358125,23.317375],[120.359401,23.321459],[120.358959,23.321757],[120.359438,23.32266],[120.359057,23.323438],[120.35998,23.324591],[120.361536,23.325261],[120.362844,23.323111],[120.368275,23.321322],[120.36892,23.317353],[120.370133,23.316284],[120.371921,23.315775],[120.371907,23.318811],[120.372761,23.321123],[120.371354,23.323869],[120.369365,23.324693],[120.369359,23.325439],[120.372534,23.326696],[120.375213,23.326572],[120.377948,23.325649],[120.381619,23.32571],[120.383077,23.327053],[120.378674,23.331583],[120.378644,23.333855],[120.385135,23.331707],[120.384669,23.336454],[120.385302,23.338533],[120.387719,23.339854],[120.389941,23.340067],[120.390291,23.339662]]]},"properties":{"code":"67000050","name":"後壁區","countyCode":"67000","countyName":"臺南市","townCode":"67000050","townName":"後壁區","level":"town","unassigned":false,"note":"","label":[120.34948493135332,23.36016096563722],"bounds":[120.283699,23.314046,120.406797,23.404762],"focusBounds":[120.283699,23.314046,120.406797,23.404762],"color":"#78a7e3","childCount":14}},{"type":"Feature","id":"67000060","geometry":{"type":"Polygon","coordinates":[[[120.521979,23.287395],[120.517421,23.287292],[120.518184,23.290265],[120.515647,23.291779],[120.514559,23.291501],[120.513994,23.29209],[120.511634,23.29188],[120.509057,23.290651],[120.508718,23.289861],[120.506178,23.290469],[120.50468,23.288136],[120.503863,23.288457],[120.503335,23.287619],[120.502666,23.287561],[120.502177,23.288823],[120.503824,23.291005],[120.507578,23.293119],[120.507724,23.295388],[120.504782,23.296115],[120.502682,23.297685],[120.497643,23.297913],[120.495815,23.299407],[120.492195,23.299518],[120.490664,23.298863],[120.488802,23.296273],[120.487219,23.295496],[120.487086,23.294456],[120.485955,23.293584],[120.484476,23.293941],[120.481106,23.293506],[120.481093,23.294873],[120.479176,23.295731],[120.478652,23.297278],[120.477642,23.297974],[120.474451,23.298459],[120.472165,23.296748],[120.471077,23.296553],[120.468377,23.297636],[120.466385,23.300009],[120.464643,23.299992],[120.464156,23.300989],[120.462816,23.300869],[120.462545,23.300245],[120.460844,23.300459],[120.459853,23.30159],[120.454826,23.298319],[120.454203,23.299784],[120.452657,23.298876],[120.452402,23.296987],[120.450929,23.296897],[120.45005,23.29836],[120.450358,23.300122],[120.449024,23.300181],[120.448207,23.299189],[120.445762,23.300633],[120.446466,23.301061],[120.446954,23.303085],[120.448011,23.303976],[120.447701,23.305232],[120.447262,23.306108],[120.44445,23.306999],[120.444512,23.30743],[120.443329,23.30798],[120.443147,23.308861],[120.442464,23.308803],[120.441098,23.309766],[120.440724,23.311229],[120.441165,23.312359],[120.440486,23.313015],[120.440252,23.314328],[120.438728,23.313489],[120.437768,23.314497],[120.436817,23.314233],[120.435786,23.316097],[120.433918,23.317151],[120.431449,23.320537],[120.428459,23.321966],[120.426427,23.322182],[120.423125,23.324803],[120.420035,23.325536],[120.418418,23.325033],[120.415948,23.32746],[120.415123,23.332343],[120.413172,23.332349],[120.411512,23.334808],[120.40811,23.334607],[120.407101,23.335439],[120.40674,23.336712],[120.407235,23.338765],[120.405421,23.341497],[120.404568,23.341626],[120.402754,23.33972],[120.402902,23.336246],[120.404503,23.332959],[120.404026,23.332233],[120.402718,23.3318],[120.401506,23.331921],[120.399777,23.334414],[120.398718,23.336961],[120.398607,23.339592],[120.394449,23.340364],[120.39332,23.339617],[120.394033,23.337778],[120.393056,23.333789],[120.392234,23.332532],[120.391156,23.332209],[120.390062,23.334641],[120.390291,23.339662],[120.389941,23.340067],[120.387719,23.339854],[120.385302,23.338533],[120.384669,23.336454],[120.385135,23.331707],[120.378644,23.333855],[120.378674,23.331583],[120.383077,23.327053],[120.381619,23.32571],[120.377948,23.325649],[120.375213,23.326572],[120.372534,23.326696],[120.369359,23.325439],[120.369365,23.324693],[120.371354,23.323869],[120.372761,23.321123],[120.371907,23.318811],[120.371921,23.315775],[120.370133,23.316284],[120.36892,23.317353],[120.368275,23.321322],[120.362844,23.323111],[120.361536,23.325261],[120.35998,23.324591],[120.359057,23.323438],[120.359438,23.32266],[120.358959,23.321757],[120.359401,23.321459],[120.358125,23.317375],[120.356512,23.316111],[120.35373,23.315366],[120.352534,23.314046],[120.352016,23.31349],[120.350758,23.313688],[120.345639,23.317134],[120.341299,23.318984],[120.340222,23.315932],[120.343458,23.310783],[120.343408,23.309727],[120.338634,23.309947],[120.336966,23.308791],[120.335645,23.307002],[120.332339,23.305145],[120.331463,23.30399],[120.332456,23.302601],[120.332284,23.300121],[120.333323,23.297946],[120.335877,23.296038],[120.340167,23.294335],[120.342071,23.294615],[120.346533,23.300494],[120.348317,23.301447],[120.348995,23.302634],[120.349078,23.304445],[120.350013,23.30504],[120.358108,23.301693],[120.357015,23.298278],[120.358222,23.29766],[120.36086,23.297429],[120.366326,23.298706],[120.368177,23.294554],[120.369994,23.293244],[120.371944,23.292777],[120.374404,23.293145],[120.376618,23.290547],[120.378035,23.289639],[120.383304,23.290593],[120.385269,23.290265],[120.388349,23.28746],[120.392288,23.286092],[120.393415,23.284048],[120.394327,23.278764],[120.392329,23.276112],[120.390986,23.275723],[120.390215,23.276332],[120.38944,23.275834],[120.389585,23.272085],[120.390787,23.268837],[120.394398,23.267258],[120.394609,23.266231],[120.393924,23.265022],[120.395833,23.262894],[120.397711,23.26387],[120.399239,23.263837],[120.400559,23.265383],[120.401195,23.264006],[120.4041,23.263213],[120.405587,23.26219],[120.406677,23.263163],[120.408901,23.263839],[120.412871,23.263194],[120.412467,23.261318],[120.413191,23.260904],[120.413616,23.259767],[120.413524,23.25813],[120.415551,23.256896],[120.416635,23.257358],[120.418129,23.254948],[120.42028,23.255045],[120.423285,23.25322],[120.42463,23.249895],[120.424387,23.248279],[120.424852,23.24774],[120.424851,23.246051],[120.423978,23.245363],[120.424926,23.245085],[120.426504,23.243153],[120.428938,23.242199],[120.430142,23.240784],[120.432707,23.23916],[120.433028,23.235798],[120.434581,23.237016],[120.436396,23.236649],[120.437373,23.237349],[120.438271,23.236833],[120.440124,23.237235],[120.44187,23.235614],[120.445435,23.23742],[120.445516,23.236622],[120.443899,23.234373],[120.443291,23.230269],[120.442597,23.229368],[120.443023,23.227455],[120.443729,23.229029],[120.444407,23.229265],[120.44475,23.227139],[120.446086,23.227672],[120.447685,23.230686],[120.450468,23.231913],[120.45175,23.230445],[120.453512,23.230312],[120.455185,23.23123],[120.457991,23.229899],[120.45894,23.228619],[120.460065,23.22812],[120.463058,23.228109],[120.464628,23.227377],[120.464933,23.227892],[120.467893,23.225375],[120.469883,23.225881],[120.471446,23.224905],[120.476035,23.224428],[120.477056,23.223],[120.48152,23.220125],[120.486124,23.220657],[120.487806,23.222309],[120.489896,23.221969],[120.49079,23.222317],[120.493331,23.220775],[120.499172,23.224829],[120.501419,23.22813],[120.503358,23.229973],[120.510607,23.233087],[120.512314,23.23528],[120.517618,23.238958],[120.519439,23.239486],[120.524164,23.241998],[120.527909,23.24536],[120.530319,23.248526],[120.532278,23.254654],[120.53218,23.255304],[120.530791,23.255916],[120.530564,23.257294],[120.52932,23.257874],[120.528531,23.261957],[120.526617,23.264148],[120.526092,23.266489],[120.523494,23.268317],[120.520426,23.271776],[120.522323,23.27429],[120.520968,23.279686],[120.522943,23.28206],[120.522951,23.284461],[120.521979,23.287395]]]},"properties":{"code":"67000060","name":"東山區","countyCode":"67000","countyName":"臺南市","townCode":"67000060","townName":"東山區","level":"town","unassigned":false,"note":"","label":[120.46244645519609,23.2642024799137],"bounds":[120.331463,23.220125,120.532278,23.341626],"focusBounds":[120.331463,23.220125,120.532278,23.341626],"color":"#dd8590","childCount":16}},{"type":"Feature","id":"67000070","geometry":{"type":"Polygon","coordinates":[[[120.28993,23.202245],[120.2903,23.20335],[120.269036,23.201653],[120.27003,23.202784],[120.267404,23.20437],[120.265426,23.203238],[120.25667,23.201477],[120.255054,23.203434],[120.250005,23.204576],[120.249826,23.205153],[120.247472,23.206327],[120.246306,23.21332],[120.242123,23.212968],[120.241961,23.214334],[120.240909,23.214232],[120.240557,23.21622],[120.236858,23.21562],[120.233388,23.223418],[120.226635,23.227707],[120.224097,23.230532],[120.220823,23.231384],[120.218619,23.229282],[120.216331,23.225348],[120.216397,23.223248],[120.215608,23.221247],[120.214246,23.219877],[120.212746,23.219824],[120.211786,23.21753],[120.210677,23.217277],[120.209477,23.215381],[120.207089,23.214266],[120.205252,23.21412],[120.204506,23.215047],[120.203507,23.214442],[120.203267,23.215013],[120.201741,23.214171],[120.200053,23.214015],[120.200328,23.211707],[120.192471,23.210788],[120.191956,23.209647],[120.19181,23.207436],[120.193827,23.207051],[120.194177,23.203357],[120.197665,23.204112],[120.198024,23.202876],[120.198727,23.20278],[120.199267,23.200231],[120.194437,23.196865],[120.197002,23.196621],[120.20167,23.195018],[120.20516,23.19466],[120.207596,23.193736],[120.207148,23.187735],[120.213051,23.185503],[120.214891,23.185357],[120.214683,23.183816],[120.21569,23.183687],[120.214922,23.174289],[120.213861,23.174214],[120.214063,23.173729],[120.21496,23.173605],[120.215793,23.170598],[120.215881,23.167389],[120.213131,23.167449],[120.212865,23.166794],[120.211291,23.166424],[120.214474,23.160209],[120.217434,23.156008],[120.218168,23.156092],[120.228462,23.144769],[120.2331,23.140512],[120.23627,23.138838],[120.237149,23.137627],[120.23858,23.137573],[120.239725,23.136933],[120.241577,23.137193],[120.241617,23.130747],[120.246296,23.131743],[120.251201,23.134098],[120.254896,23.135039],[120.259695,23.137719],[120.262845,23.141944],[120.261199,23.144807],[120.260513,23.1535],[120.263569,23.154177],[120.264266,23.158515],[120.263588,23.160925],[120.265003,23.165119],[120.265262,23.167776],[120.266713,23.170638],[120.26873,23.172003],[120.270105,23.173736],[120.269876,23.17113],[120.273888,23.173086],[120.279432,23.17464],[120.289843,23.176078],[120.290585,23.185635],[120.291293,23.188188],[120.289198,23.189216],[120.289011,23.191203],[120.287491,23.191291],[120.287405,23.192644],[120.288192,23.1953],[120.287652,23.197484],[120.288496,23.197941],[120.287838,23.199963],[120.28993,23.202245]]]},"properties":{"code":"67000070","name":"麻豆區","countyCode":"67000","countyName":"臺南市","townCode":"67000070","townName":"麻豆區","level":"town","unassigned":false,"note":"","label":[120.24133603246808,23.180238579355617],"bounds":[120.19181,23.130747,120.291293,23.231384],"focusBounds":[120.19181,23.130747,120.291293,23.231384],"color":"#a49ad4","childCount":20}},{"type":"Feature","id":"67000080","geometry":{"type":"Polygon","coordinates":[[[120.293214,23.223343],[120.290319,23.226423],[120.290361,23.228587],[120.289339,23.228874],[120.287996,23.228299],[120.286656,23.228645],[120.28444,23.2307],[120.286038,23.231623],[120.289124,23.231625],[120.288425,23.23387],[120.287443,23.233088],[120.286376,23.233585],[120.287605,23.235253],[120.286763,23.236821],[120.287906,23.237113],[120.288429,23.239565],[120.289371,23.239987],[120.289475,23.240887],[120.291129,23.241369],[120.291707,23.24231],[120.293765,23.243614],[120.294393,23.244338],[120.29404,23.244907],[120.29694,23.246944],[120.297467,23.248127],[120.299192,23.248065],[120.299017,23.249131],[120.297725,23.250684],[120.29693,23.255349],[120.298047,23.255791],[120.298454,23.257049],[120.299916,23.258064],[120.299454,23.261401],[120.30001,23.261757],[120.29936,23.262533],[120.297982,23.264584],[120.297135,23.264873],[120.295451,23.264288],[120.294442,23.261866],[120.293014,23.26163],[120.289258,23.26224],[120.288518,23.261753],[120.288301,23.260416],[120.287362,23.2601],[120.28384,23.26017],[120.280417,23.261863],[120.279949,23.261206],[120.277209,23.260899],[120.272106,23.261248],[120.272163,23.258227],[120.271717,23.257391],[120.267795,23.257267],[120.267143,23.255445],[120.263149,23.254226],[120.263189,23.253385],[120.254684,23.248636],[120.253184,23.249988],[120.243049,23.244338],[120.242417,23.245194],[120.239821,23.243569],[120.236906,23.243258],[120.233188,23.248865],[120.231688,23.249043],[120.228654,23.247255],[120.228744,23.246132],[120.231407,23.242495],[120.232453,23.242235],[120.228082,23.238101],[120.225579,23.236564],[120.221788,23.236102],[120.220165,23.232959],[120.221025,23.231801],[120.220823,23.231384],[120.224097,23.230532],[120.226635,23.227707],[120.233388,23.223418],[120.236858,23.21562],[120.240557,23.21622],[120.240909,23.214232],[120.241961,23.214334],[120.242123,23.212968],[120.246306,23.21332],[120.247472,23.206327],[120.249826,23.205153],[120.250005,23.204576],[120.255054,23.203434],[120.25667,23.201477],[120.265426,23.203238],[120.267404,23.20437],[120.27003,23.202784],[120.269036,23.201653],[120.2903,23.20335],[120.28993,23.202245],[120.291274,23.201583],[120.292384,23.201882],[120.292929,23.202708],[120.292696,23.205227],[120.291439,23.206784],[120.290085,23.206099],[120.289043,23.206424],[120.288783,23.207404],[120.289553,23.208556],[120.289056,23.210146],[120.287902,23.210938],[120.287996,23.21305],[120.288847,23.214613],[120.287108,23.215429],[120.286948,23.216228],[120.29025,23.218499],[120.290421,23.22056],[120.292026,23.221728],[120.292759,23.221706],[120.293651,23.2203],[120.294751,23.22054],[120.294557,23.221904],[120.293214,23.223343]]]},"properties":{"code":"67000080","name":"下營區","countyCode":"67000","countyName":"臺南市","townCode":"67000080","townName":"下營區","level":"town","unassigned":false,"note":"","label":[120.26213376386684,23.227685984652865],"bounds":[120.220165,23.201477,120.30001,23.264873],"focusBounds":[120.220165,23.201477,120.30001,23.264873],"color":"#a8bf62","childCount":12}},{"type":"Feature","id":"67000090","geometry":{"type":"Polygon","coordinates":[[[120.423978,23.245363],[120.42301,23.243164],[120.423509,23.241624],[120.421999,23.239079],[120.421075,23.239303],[120.418583,23.238588],[120.417039,23.237246],[120.414167,23.236451],[120.411995,23.235017],[120.410443,23.235298],[120.409892,23.234448],[120.408309,23.233923],[120.405209,23.234194],[120.402785,23.233241],[120.40228,23.233477],[120.402061,23.231284],[120.401282,23.230468],[120.399468,23.230869],[120.398198,23.230542],[120.39679,23.231069],[120.395657,23.231866],[120.394582,23.234064],[120.393017,23.23447],[120.390744,23.235949],[120.388255,23.23567],[120.387607,23.235151],[120.383274,23.237414],[120.380954,23.236773],[120.375805,23.24006],[120.373418,23.240256],[120.373157,23.241027],[120.37065,23.240239],[120.370365,23.239705],[120.369075,23.240264],[120.368077,23.239801],[120.367496,23.238749],[120.365774,23.238004],[120.365356,23.236974],[120.365786,23.236265],[120.364027,23.235157],[120.361909,23.234981],[120.362365,23.238199],[120.358963,23.241679],[120.357373,23.242294],[120.354847,23.24199],[120.353848,23.242702],[120.352498,23.242705],[120.350358,23.244071],[120.351377,23.245389],[120.351918,23.24817],[120.35169,23.252119],[120.34656,23.256634],[120.344669,23.25646],[120.342476,23.254913],[120.341109,23.255367],[120.338612,23.257389],[120.337544,23.260164],[120.335361,23.263425],[120.334014,23.263716],[120.333012,23.26326],[120.331461,23.258786],[120.330255,23.257829],[120.329756,23.258375],[120.329635,23.261109],[120.327743,23.260266],[120.326049,23.260534],[120.325882,23.262315],[120.324609,23.263591],[120.323769,23.263336],[120.322306,23.261072],[120.321592,23.261307],[120.320788,23.263097],[120.318712,23.26336],[120.317642,23.261335],[120.316302,23.260674],[120.315165,23.259087],[120.313254,23.259898],[120.309802,23.260123],[120.309899,23.262464],[120.30878,23.263385],[120.305283,23.263882],[120.303116,23.262875],[120.29936,23.262533],[120.30001,23.261757],[120.299454,23.261401],[120.299916,23.258064],[120.298454,23.257049],[120.298047,23.255791],[120.29693,23.255349],[120.297725,23.250684],[120.299017,23.249131],[120.299192,23.248065],[120.297467,23.248127],[120.29694,23.246944],[120.29404,23.244907],[120.294393,23.244338],[120.293765,23.243614],[120.291707,23.24231],[120.291129,23.241369],[120.289475,23.240887],[120.289371,23.239987],[120.288429,23.239565],[120.287906,23.237113],[120.286763,23.236821],[120.287605,23.235253],[120.286376,23.233585],[120.287443,23.233088],[120.288425,23.23387],[120.289124,23.231625],[120.286038,23.231623],[120.28444,23.2307],[120.286656,23.228645],[120.287996,23.228299],[120.289339,23.228874],[120.290361,23.228587],[120.290319,23.226423],[120.293214,23.223343],[120.295794,23.224428],[120.29911,23.224042],[120.301539,23.224613],[120.303436,23.225681],[120.309478,23.226088],[120.310958,23.226793],[120.311224,23.22768],[120.312683,23.227495],[120.313114,23.228362],[120.319856,23.228982],[120.322678,23.227848],[120.327641,23.228503],[120.328535,23.227998],[120.327955,23.226557],[120.329172,23.226104],[120.33011,23.22624],[120.330662,23.226988],[120.333104,23.226086],[120.334609,23.226144],[120.333663,23.224959],[120.333596,23.221772],[120.34114,23.222938],[120.341098,23.220676],[120.344312,23.22014],[120.342828,23.214424],[120.343843,23.214038],[120.346284,23.214587],[120.349767,23.213333],[120.350129,23.213913],[120.349492,23.216805],[120.350354,23.217433],[120.350857,23.21671],[120.353301,23.215763],[120.353696,23.216187],[120.356178,23.216033],[120.355815,23.215067],[120.357353,23.214558],[120.359054,23.212749],[120.361845,23.213715],[120.362615,23.215673],[120.365024,23.215013],[120.366212,23.215626],[120.367928,23.214997],[120.37088,23.215446],[120.370363,23.214851],[120.371143,23.214341],[120.370377,23.213109],[120.371137,23.211924],[120.370342,23.210306],[120.371809,23.204605],[120.372719,23.204102],[120.373909,23.204736],[120.376402,23.200874],[120.378151,23.199619],[120.380642,23.195848],[120.38207,23.19646],[120.384907,23.199025],[120.386113,23.198702],[120.386664,23.200426],[120.387619,23.20063],[120.389097,23.202159],[120.388997,23.203438],[120.392133,23.204964],[120.3928,23.206421],[120.395619,23.20626],[120.397566,23.207044],[120.399458,23.2064],[120.400421,23.206792],[120.401667,23.206436],[120.403952,23.206746],[120.411706,23.204931],[120.412563,23.205179],[120.412318,23.206567],[120.413515,23.206625],[120.415778,23.204571],[120.416916,23.204595],[120.417308,23.205276],[120.420754,23.201146],[120.421946,23.200674],[120.422334,23.201172],[120.423334,23.201178],[120.423527,23.199737],[120.424509,23.198855],[120.42683,23.201285],[120.428738,23.200537],[120.430415,23.201361],[120.430003,23.200696],[120.431593,23.200291],[120.433066,23.201318],[120.434092,23.200549],[120.437136,23.200224],[120.44039,23.198725],[120.442304,23.199227],[120.443831,23.197781],[120.446614,23.199476],[120.449608,23.199449],[120.45107,23.198463],[120.451764,23.197178],[120.454281,23.196163],[120.455328,23.194248],[120.458067,23.192329],[120.460224,23.194313],[120.461616,23.198711],[120.463113,23.199566],[120.463699,23.202342],[120.463202,23.203142],[120.464828,23.204863],[120.466661,23.208983],[120.468293,23.211302],[120.468258,23.212997],[120.470467,23.214542],[120.470933,23.21715],[120.474589,23.220578],[120.475245,23.222221],[120.477056,23.223],[120.476035,23.224428],[120.471446,23.224905],[120.469883,23.225881],[120.467893,23.225375],[120.464933,23.227892],[120.464628,23.227377],[120.463058,23.228109],[120.460065,23.22812],[120.45894,23.228619],[120.457991,23.229899],[120.455185,23.23123],[120.453512,23.230312],[120.45175,23.230445],[120.450468,23.231913],[120.447685,23.230686],[120.446086,23.227672],[120.44475,23.227139],[120.444407,23.229265],[120.443729,23.229029],[120.443023,23.227455],[120.442597,23.229368],[120.443291,23.230269],[120.443899,23.234373],[120.445516,23.236622],[120.445435,23.23742],[120.44187,23.235614],[120.440124,23.237235],[120.438271,23.236833],[120.437373,23.237349],[120.436396,23.236649],[120.434581,23.237016],[120.433028,23.235798],[120.432707,23.23916],[120.430142,23.240784],[120.428938,23.242199],[120.426504,23.243153],[120.424926,23.245085],[120.423978,23.245363]]]},"properties":{"code":"67000090","name":"六甲區","countyCode":"67000","countyName":"臺南市","townCode":"67000090","townName":"六甲區","level":"town","unassigned":false,"note":"","label":[120.38659946211284,23.221878636914827],"bounds":[120.28444,23.192329,120.477056,23.263882],"focusBounds":[120.28444,23.192329,120.477056,23.263882],"color":"#68bec9","childCount":11}},{"type":"Feature","id":"67000100","geometry":{"type":"Polygon","coordinates":[[[120.430003,23.200696],[120.430415,23.201361],[120.428738,23.200537],[120.42683,23.201285],[120.424509,23.198855],[120.423527,23.199737],[120.423334,23.201178],[120.422334,23.201172],[120.421946,23.200674],[120.420754,23.201146],[120.417308,23.205276],[120.416916,23.204595],[120.415778,23.204571],[120.413515,23.206625],[120.412318,23.206567],[120.412563,23.205179],[120.411706,23.204931],[120.403952,23.206746],[120.401667,23.206436],[120.400421,23.206792],[120.399458,23.2064],[120.397566,23.207044],[120.395619,23.20626],[120.3928,23.206421],[120.392133,23.204964],[120.388997,23.203438],[120.389097,23.202159],[120.387619,23.20063],[120.386664,23.200426],[120.386113,23.198702],[120.384907,23.199025],[120.38207,23.19646],[120.380642,23.195848],[120.378151,23.199619],[120.376402,23.200874],[120.373909,23.204736],[120.372719,23.204102],[120.371809,23.204605],[120.370342,23.210306],[120.371137,23.211924],[120.370377,23.213109],[120.371143,23.214341],[120.370363,23.214851],[120.37088,23.215446],[120.367928,23.214997],[120.366212,23.215626],[120.365024,23.215013],[120.362615,23.215673],[120.361845,23.213715],[120.359054,23.212749],[120.357353,23.214558],[120.355815,23.215067],[120.356178,23.216033],[120.353696,23.216187],[120.353301,23.215763],[120.350857,23.21671],[120.350354,23.217433],[120.349492,23.216805],[120.350129,23.213913],[120.349767,23.213333],[120.346284,23.214587],[120.343843,23.214038],[120.342828,23.214424],[120.344312,23.22014],[120.341098,23.220676],[120.34114,23.222938],[120.333596,23.221772],[120.333663,23.224959],[120.334609,23.226144],[120.333104,23.226086],[120.330662,23.226988],[120.33011,23.22624],[120.329172,23.226104],[120.327955,23.226557],[120.328535,23.227998],[120.327641,23.228503],[120.322678,23.227848],[120.319856,23.228982],[120.313114,23.228362],[120.312683,23.227495],[120.311224,23.22768],[120.310958,23.226793],[120.309478,23.226088],[120.303436,23.225681],[120.301539,23.224613],[120.29911,23.224042],[120.295794,23.224428],[120.293214,23.223343],[120.294557,23.221904],[120.294751,23.22054],[120.293651,23.2203],[120.292759,23.221706],[120.292026,23.221728],[120.290421,23.22056],[120.29025,23.218499],[120.286948,23.216228],[120.287108,23.215429],[120.288847,23.214613],[120.287996,23.21305],[120.287902,23.210938],[120.289056,23.210146],[120.289553,23.208556],[120.288783,23.207404],[120.289043,23.206424],[120.290085,23.206099],[120.291439,23.206784],[120.292696,23.205227],[120.292929,23.202708],[120.292384,23.201882],[120.291274,23.201583],[120.28993,23.202245],[120.287838,23.199963],[120.288496,23.197941],[120.287652,23.197484],[120.288192,23.1953],[120.287405,23.192644],[120.287491,23.191291],[120.289011,23.191203],[120.289198,23.189216],[120.291293,23.188188],[120.290585,23.185635],[120.289843,23.176078],[120.299115,23.176363],[120.306335,23.175052],[120.308802,23.17254],[120.320196,23.168523],[120.331278,23.159699],[120.3331,23.15914],[120.342741,23.153563],[120.34587,23.151002],[120.347943,23.151134],[120.349721,23.150585],[120.353156,23.151537],[120.355072,23.155223],[120.356069,23.155434],[120.356338,23.154513],[120.357727,23.154321],[120.359656,23.155975],[120.359631,23.156729],[120.361522,23.15665],[120.362188,23.158797],[120.361887,23.160234],[120.362435,23.161119],[120.364751,23.160941],[120.364702,23.161815],[120.365639,23.16208],[120.366376,23.163406],[120.367402,23.163464],[120.368194,23.164144],[120.369335,23.163762],[120.370455,23.164953],[120.371642,23.164657],[120.371989,23.165264],[120.373936,23.1644],[120.374392,23.164756],[120.375954,23.164515],[120.376509,23.165235],[120.376615,23.164291],[120.378139,23.164468],[120.378158,23.163781],[120.379826,23.164563],[120.384462,23.164402],[120.385123,23.165138],[120.385775,23.164505],[120.387419,23.164854],[120.391299,23.163386],[120.393473,23.164326],[120.394364,23.16544],[120.3944,23.166553],[120.398574,23.167905],[120.395744,23.16947],[120.396638,23.170861],[120.397199,23.173403],[120.398202,23.173854],[120.39923,23.172626],[120.400027,23.172772],[120.401387,23.174127],[120.40144,23.175113],[120.402779,23.176023],[120.405117,23.175868],[120.405908,23.173773],[120.406949,23.174657],[120.408412,23.174424],[120.409571,23.177424],[120.410524,23.177608],[120.411162,23.178471],[120.412632,23.179122],[120.414932,23.178439],[120.41834,23.185712],[120.419916,23.187111],[120.420264,23.188866],[120.422327,23.19212],[120.422651,23.193749],[120.425403,23.195714],[120.425728,23.197462],[120.430003,23.200696]]]},"properties":{"code":"67000100","name":"官田區","countyCode":"67000","countyName":"臺南市","townCode":"67000100","townName":"官田區","level":"town","unassigned":false,"note":"","label":[120.34310407436999,23.187049267613162],"bounds":[120.286948,23.150585,120.430415,23.228982],"focusBounds":[120.286948,23.150585,120.430415,23.228982],"color":"#df9f6a","childCount":11}},{"type":"Feature","id":"67000110","geometry":{"type":"Polygon","coordinates":[[[120.458067,23.192329],[120.455328,23.194248],[120.454281,23.196163],[120.451764,23.197178],[120.45107,23.198463],[120.449608,23.199449],[120.446614,23.199476],[120.443831,23.197781],[120.442304,23.199227],[120.44039,23.198725],[120.437136,23.200224],[120.434092,23.200549],[120.433066,23.201318],[120.431593,23.200291],[120.430003,23.200696],[120.425728,23.197462],[120.425403,23.195714],[120.422651,23.193749],[120.422327,23.19212],[120.420264,23.188866],[120.419916,23.187111],[120.41834,23.185712],[120.414932,23.178439],[120.412632,23.179122],[120.411162,23.178471],[120.410524,23.177608],[120.409571,23.177424],[120.408412,23.174424],[120.406949,23.174657],[120.405908,23.173773],[120.405117,23.175868],[120.402779,23.176023],[120.40144,23.175113],[120.401387,23.174127],[120.400027,23.172772],[120.39923,23.172626],[120.398202,23.173854],[120.397199,23.173403],[120.396638,23.170861],[120.395744,23.16947],[120.398574,23.167905],[120.3944,23.166553],[120.394364,23.16544],[120.393473,23.164326],[120.391299,23.163386],[120.387419,23.164854],[120.385775,23.164505],[120.385123,23.165138],[120.384462,23.164402],[120.379826,23.164563],[120.378158,23.163781],[120.378139,23.164468],[120.376615,23.164291],[120.376509,23.165235],[120.375954,23.164515],[120.374392,23.164756],[120.373936,23.1644],[120.371989,23.165264],[120.371642,23.164657],[120.370455,23.164953],[120.369335,23.163762],[120.368194,23.164144],[120.367402,23.163464],[120.366376,23.163406],[120.365639,23.16208],[120.364702,23.161815],[120.364751,23.160941],[120.362435,23.161119],[120.361887,23.160234],[120.362188,23.158797],[120.361522,23.15665],[120.359631,23.156729],[120.359656,23.155975],[120.357727,23.154321],[120.356338,23.154513],[120.356069,23.155434],[120.355072,23.155223],[120.353156,23.151537],[120.349721,23.150585],[120.347943,23.151134],[120.34587,23.151002],[120.346275,23.149045],[120.344564,23.142115],[120.342936,23.140261],[120.339308,23.137653],[120.339408,23.132964],[120.341063,23.127604],[120.343453,23.122972],[120.347112,23.117626],[120.352914,23.111822],[120.368493,23.100066],[120.371873,23.100074],[120.377574,23.101655],[120.383013,23.101741],[120.385092,23.102945],[120.386899,23.105836],[120.391067,23.105712],[120.392512,23.106462],[120.393312,23.106295],[120.395492,23.107423],[120.395583,23.108567],[120.396812,23.107681],[120.397529,23.108248],[120.399035,23.107763],[120.399814,23.108796],[120.400466,23.111975],[120.401395,23.112569],[120.401446,23.113902],[120.402616,23.115651],[120.405659,23.11564],[120.408955,23.11398],[120.409094,23.11296],[120.410089,23.113137],[120.410358,23.112272],[120.411407,23.111964],[120.411839,23.111191],[120.417756,23.111899],[120.419501,23.108908],[120.417667,23.106596],[120.418314,23.104562],[120.419955,23.104857],[120.422605,23.107752],[120.423525,23.108318],[120.423968,23.107983],[120.424258,23.108844],[120.425227,23.108446],[120.425635,23.110007],[120.426473,23.109913],[120.426326,23.11063],[120.427241,23.109995],[120.427334,23.111047],[120.42867,23.110984],[120.427739,23.111471],[120.427933,23.111873],[120.429523,23.11157],[120.428886,23.113672],[120.430242,23.113753],[120.43017,23.114566],[120.430923,23.114695],[120.430798,23.116157],[120.435197,23.119986],[120.436576,23.122067],[120.4368,23.123233],[120.435346,23.125973],[120.436216,23.128964],[120.436315,23.13253],[120.431057,23.137429],[120.432313,23.13912],[120.433066,23.142165],[120.435218,23.147047],[120.43526,23.149762],[120.433823,23.151549],[120.433653,23.153678],[120.436455,23.15617],[120.436668,23.158023],[120.438825,23.159924],[120.438903,23.162859],[120.442981,23.164218],[120.443695,23.165023],[120.443417,23.168534],[120.447632,23.174106],[120.449237,23.178406],[120.451568,23.180966],[120.452076,23.182936],[120.453089,23.183671],[120.452858,23.184829],[120.454304,23.185569],[120.454926,23.187296],[120.456899,23.189976],[120.458067,23.192329]]]},"properties":{"code":"67000110","name":"大內區","countyCode":"67000","countyName":"臺南市","townCode":"67000110","townName":"大內區","level":"town","unassigned":false,"note":"","label":[120.40287611155591,23.140434840059463],"bounds":[120.339308,23.100066,120.458067,23.201318],"focusBounds":[120.339308,23.100066,120.458067,23.201318],"color":"#c38cb8","childCount":10}},{"type":"Feature","id":"67000120","geometry":{"type":"Polygon","coordinates":[[[120.191956,23.209647],[120.189409,23.210045],[120.188371,23.207926],[120.186946,23.207037],[120.185077,23.206807],[120.184365,23.208396],[120.185125,23.20877],[120.184825,23.209548],[120.184473,23.209415],[120.185045,23.210561],[120.177153,23.213305],[120.178286,23.208467],[120.175768,23.202959],[120.174456,23.196968],[120.171307,23.192562],[120.170787,23.187438],[120.169874,23.185189],[120.168419,23.184267],[120.163314,23.183489],[120.1632,23.183994],[120.161635,23.183644],[120.160709,23.185184],[120.15936,23.184963],[120.155962,23.188152],[120.155849,23.18771],[120.152298,23.187897],[120.152336,23.186871],[120.151279,23.186853],[120.15122,23.184909],[120.150323,23.184162],[120.151868,23.18267],[120.153108,23.179459],[120.148913,23.180071],[120.147124,23.179829],[120.147534,23.176855],[120.148249,23.17599],[120.144964,23.17536],[120.144825,23.174613],[120.147273,23.17329],[120.145664,23.170469],[120.144945,23.166849],[120.150016,23.165752],[120.153305,23.16387],[120.153613,23.157897],[120.156616,23.158144],[120.156702,23.156131],[120.158891,23.157172],[120.158143,23.152164],[120.155297,23.148735],[120.153751,23.143556],[120.15422,23.138461],[120.155015,23.135051],[120.15571,23.134821],[120.148879,23.134399],[120.148926,23.127206],[120.152032,23.126564],[120.151801,23.122553],[120.158037,23.124114],[120.162318,23.121408],[120.16127,23.120146],[120.161056,23.116277],[120.168366,23.11724],[120.167537,23.12292],[120.169251,23.123138],[120.171288,23.121529],[120.17456,23.122012],[120.173953,23.136487],[120.180058,23.136752],[120.18038,23.140725],[120.18385,23.141024],[120.189616,23.144753],[120.190745,23.144996],[120.187774,23.14847],[120.195979,23.151405],[120.192503,23.159821],[120.202789,23.16271],[120.202971,23.163525],[120.204307,23.163441],[120.205989,23.16266],[120.206035,23.162204],[120.20915,23.161419],[120.211016,23.159481],[120.214474,23.160209],[120.211291,23.166424],[120.212865,23.166794],[120.213131,23.167449],[120.215881,23.167389],[120.215793,23.170598],[120.21496,23.173605],[120.214063,23.173729],[120.213861,23.174214],[120.214922,23.174289],[120.21569,23.183687],[120.214683,23.183816],[120.214891,23.185357],[120.213051,23.185503],[120.207148,23.187735],[120.207596,23.193736],[120.20516,23.19466],[120.20167,23.195018],[120.197002,23.196621],[120.194437,23.196865],[120.199267,23.200231],[120.198727,23.20278],[120.198024,23.202876],[120.197665,23.204112],[120.194177,23.203357],[120.193827,23.207051],[120.19181,23.207436],[120.191956,23.209647]]]},"properties":{"code":"67000120","name":"佳里區","countyCode":"67000","countyName":"臺南市","townCode":"67000120","townName":"佳里區","level":"town","unassigned":false,"note":"","label":[120.17512740409506,23.16667121960438],"bounds":[120.144825,23.116277,120.215881,23.213305],"focusBounds":[120.144825,23.116277,120.215881,23.213305],"color":"#98b69b","childCount":16}},{"type":"Feature","id":"67000130","geometry":{"type":"Polygon","coordinates":[[[120.212355,23.291694],[120.211826,23.292707],[120.208605,23.291295],[120.204275,23.2919],[120.200094,23.293991],[120.19169,23.30027],[120.18841,23.301233],[120.18624,23.298125],[120.185817,23.29635],[120.186151,23.295379],[120.189355,23.292349],[120.18953,23.290957],[120.188294,23.290075],[120.184067,23.290318],[120.184889,23.287553],[120.1829,23.287903],[120.182772,23.28714],[120.18177,23.287424],[120.180251,23.286801],[120.178913,23.285451],[120.179879,23.284491],[120.181345,23.285513],[120.183622,23.28415],[120.183113,23.281713],[120.180096,23.282636],[120.175306,23.281343],[120.171202,23.281104],[120.168565,23.27962],[120.16708,23.277619],[120.163041,23.28202],[120.159254,23.284821],[120.156573,23.288782],[120.155664,23.288956],[120.153456,23.287383],[120.151678,23.286906],[120.150447,23.2876],[120.148932,23.28948],[120.147892,23.292198],[120.146802,23.293318],[120.145546,23.29377],[120.14414,23.293382],[120.14466,23.288483],[120.145388,23.286475],[120.150164,23.282162],[120.149731,23.279956],[120.15022,23.276347],[120.15081,23.27546],[120.149806,23.275089],[120.152397,23.26756],[120.150347,23.265387],[120.147867,23.26038],[120.143464,23.262354],[120.141512,23.26244],[120.139837,23.26076],[120.139355,23.261125],[120.137939,23.25988],[120.134999,23.256205],[120.134129,23.25609],[120.133426,23.253123],[120.135608,23.253313],[120.136077,23.251645],[120.13976,23.250246],[120.139602,23.246899],[120.142596,23.244652],[120.142551,23.242562],[120.143162,23.241253],[120.141151,23.240863],[120.14107,23.239245],[120.138067,23.23887],[120.13844,23.237337],[120.138123,23.235884],[120.13538,23.229478],[120.135586,23.228971],[120.14443,23.23385],[120.153154,23.235937],[120.158598,23.237914],[120.161446,23.237884],[120.168258,23.233079],[120.169976,23.227646],[120.173795,23.225087],[120.174892,23.223184],[120.176073,23.216448],[120.177153,23.213305],[120.185045,23.210561],[120.184473,23.209415],[120.184825,23.209548],[120.185125,23.20877],[120.184365,23.208396],[120.185077,23.206807],[120.186946,23.207037],[120.188371,23.207926],[120.189409,23.210045],[120.191956,23.209647],[120.192471,23.210788],[120.200328,23.211707],[120.200053,23.214015],[120.201741,23.214171],[120.203267,23.215013],[120.203507,23.214442],[120.204506,23.215047],[120.205252,23.21412],[120.207089,23.214266],[120.209477,23.215381],[120.210677,23.217277],[120.211786,23.21753],[120.212746,23.219824],[120.214246,23.219877],[120.215608,23.221247],[120.216397,23.223248],[120.216331,23.225348],[120.218619,23.229282],[120.220823,23.231384],[120.221025,23.231801],[120.220165,23.232959],[120.221788,23.236102],[120.225579,23.236564],[120.228082,23.238101],[120.232453,23.242235],[120.231407,23.242495],[120.228744,23.246132],[120.228654,23.247255],[120.227581,23.24846],[120.227515,23.249805],[120.228644,23.250005],[120.229259,23.250974],[120.228885,23.251611],[120.229833,23.25186],[120.22273,23.256108],[120.222053,23.259236],[120.222241,23.2612],[120.22575,23.261897],[120.22446,23.262637],[120.221229,23.263222],[120.220502,23.263253],[120.219917,23.262083],[120.218801,23.262741],[120.219147,23.264354],[120.223073,23.266215],[120.223115,23.267282],[120.222108,23.268662],[120.220416,23.266726],[120.216778,23.266167],[120.216082,23.262228],[120.209885,23.260907],[120.211424,23.264143],[120.21051,23.2648],[120.209151,23.264647],[120.207797,23.263916],[120.207956,23.26138],[120.206462,23.259919],[120.204217,23.258971],[120.20422,23.2599],[120.205595,23.261962],[120.204967,23.262495],[120.203735,23.262381],[120.201838,23.261052],[120.200687,23.258618],[120.198576,23.257621],[120.198742,23.260918],[120.197433,23.261705],[120.19556,23.26086],[120.194882,23.261881],[120.194969,23.263623],[120.191803,23.265941],[120.193986,23.271722],[120.193596,23.276207],[120.196195,23.272245],[120.197611,23.271368],[120.198653,23.271811],[120.200095,23.273638],[120.204339,23.274228],[120.20653,23.276158],[120.20933,23.276535],[120.210651,23.277401],[120.211269,23.280157],[120.210643,23.281363],[120.212254,23.281868],[120.211696,23.286696],[120.212355,23.291694]]]},"properties":{"code":"67000130","name":"學甲區","countyCode":"67000","countyName":"臺南市","townCode":"67000130","townName":"學甲區","level":"town","unassigned":false,"note":"","label":[120.17517431454952,23.2537053115071],"bounds":[120.133426,23.206807,120.232453,23.301233],"focusBounds":[120.133426,23.206807,120.232453,23.301233],"color":"#58b99d","childCount":13}},{"type":"Feature","id":"67000140","geometry":{"type":"Polygon","coordinates":[[[120.214474,23.160209],[120.211016,23.159481],[120.20915,23.161419],[120.206035,23.162204],[120.205989,23.16266],[120.204307,23.163441],[120.202971,23.163525],[120.202789,23.16271],[120.192503,23.159821],[120.195979,23.151405],[120.187774,23.14847],[120.190745,23.144996],[120.189616,23.144753],[120.18385,23.141024],[120.18038,23.140725],[120.180058,23.136752],[120.173953,23.136487],[120.17456,23.122012],[120.171288,23.121529],[120.175539,23.117907],[120.178107,23.111089],[120.172076,23.103027],[120.173624,23.099674],[120.17601,23.098962],[120.175783,23.092943],[120.174565,23.087257],[120.174747,23.086026],[120.172705,23.083554],[120.173892,23.082785],[120.175008,23.081097],[120.176235,23.081215],[120.17641,23.078327],[120.179664,23.077864],[120.181208,23.078368],[120.181665,23.077587],[120.1874,23.083126],[120.198078,23.093549],[120.201032,23.098594],[120.203082,23.099927],[120.202777,23.107195],[120.208095,23.110762],[120.209171,23.110902],[120.216971,23.115591],[120.230623,23.126507],[120.234567,23.128462],[120.238128,23.128949],[120.241617,23.130747],[120.241577,23.137193],[120.239725,23.136933],[120.23858,23.137573],[120.237149,23.137627],[120.23627,23.138838],[120.2331,23.140512],[120.228462,23.144769],[120.218168,23.156092],[120.217434,23.156008],[120.214474,23.160209]]]},"properties":{"code":"67000140","name":"西港區","countyCode":"67000","countyName":"臺南市","townCode":"67000140","townName":"西港區","level":"town","unassigned":false,"note":"","label":[120.19779435992476,23.12728960316275],"bounds":[120.171288,23.077587,120.241617,23.163525],"focusBounds":[120.171288,23.077587,120.241617,23.163525],"color":"#efb44f","childCount":12}},{"type":"Feature","id":"67000150","geometry":{"type":"Polygon","coordinates":[[[120.151279,23.186853],[120.150884,23.189167],[120.148835,23.188506],[120.146671,23.18855],[120.143411,23.186837],[120.142141,23.188766],[120.141265,23.191526],[120.140543,23.191571],[120.140718,23.192961],[120.139831,23.19586],[120.136606,23.195507],[120.131225,23.193461],[120.128707,23.194997],[120.126678,23.193881],[120.127383,23.190873],[120.12743,23.185165],[120.129056,23.184683],[120.129586,23.182717],[120.128082,23.18236],[120.125159,23.183679],[120.124227,23.181597],[120.120547,23.182177],[120.117781,23.184525],[120.115634,23.183647],[120.112987,23.186251],[120.111714,23.186238],[120.111232,23.185593],[120.109932,23.185353],[120.10845,23.183481],[120.108103,23.184116],[120.107522,23.183424],[120.106014,23.184516],[120.10436,23.184114],[120.103218,23.183136],[120.101262,23.184759],[120.099204,23.185358],[120.097953,23.18503],[120.095175,23.186357],[120.092807,23.18828],[120.090096,23.188143],[120.09013,23.187689],[120.085986,23.187669],[120.083946,23.188961],[120.072045,23.183892],[120.069475,23.183483],[120.06942,23.182173],[120.063504,23.170945],[120.05908,23.158758],[120.05583,23.137145],[120.053685,23.133427],[120.052843,23.130641],[120.052851,23.128722],[120.05427,23.127432],[120.055038,23.125696],[120.05092,23.122386],[120.054221,23.125721],[120.052572,23.126025],[120.051451,23.125582],[120.043941,23.119194],[120.041723,23.114543],[120.037897,23.108467],[120.034718,23.100809],[120.031831,23.087709],[120.027898,23.075171],[120.027975,23.072946],[120.028522,23.072379],[120.026912,23.067925],[120.028555,23.066528],[120.029416,23.066413],[120.032869,23.067329],[120.038184,23.067285],[120.038979,23.068045],[120.044001,23.061668],[120.049834,23.052207],[120.057045,23.043889],[120.058132,23.043075],[120.061122,23.043496],[120.06189,23.044252],[120.062669,23.044015],[120.064165,23.046543],[120.069884,23.052476],[120.071108,23.055041],[120.075527,23.060349],[120.090579,23.073177],[120.091875,23.076566],[120.098181,23.082923],[120.102253,23.0854],[120.110997,23.087914],[120.12631,23.088626],[120.151985,23.091433],[120.157686,23.089203],[120.162697,23.090423],[120.164046,23.084571],[120.170998,23.082249],[120.172705,23.083554],[120.174747,23.086026],[120.174565,23.087257],[120.175783,23.092943],[120.17601,23.098962],[120.173624,23.099674],[120.172076,23.103027],[120.178107,23.111089],[120.175539,23.117907],[120.171288,23.121529],[120.169251,23.123138],[120.167537,23.12292],[120.168366,23.11724],[120.161056,23.116277],[120.16127,23.120146],[120.162318,23.121408],[120.158037,23.124114],[120.151801,23.122553],[120.152032,23.126564],[120.148926,23.127206],[120.148879,23.134399],[120.15571,23.134821],[120.155015,23.135051],[120.15422,23.138461],[120.153751,23.143556],[120.155297,23.148735],[120.158143,23.152164],[120.158891,23.157172],[120.156702,23.156131],[120.156616,23.158144],[120.153613,23.157897],[120.153305,23.16387],[120.150016,23.165752],[120.144945,23.166849],[120.145664,23.170469],[120.147273,23.17329],[120.144825,23.174613],[120.144964,23.17536],[120.148249,23.17599],[120.147534,23.176855],[120.147124,23.179829],[120.148913,23.180071],[120.153108,23.179459],[120.151868,23.18267],[120.150323,23.184162],[120.15122,23.184909],[120.151279,23.186853]]]},"properties":{"code":"67000150","name":"七股區","countyCode":"67000","countyName":"臺南市","townCode":"67000150","townName":"七股區","level":"town","unassigned":false,"note":"","label":[120.1004004469594,23.13111532972038],"bounds":[120.026912,23.043075,120.178107,23.19586],"focusBounds":[120.026912,23.043075,120.178107,23.19586],"color":"#dd8590","childCount":18}},{"type":"Feature","id":"67000160","geometry":{"type":"Polygon","coordinates":[[[120.135586,23.228971],[120.133272,23.227724],[120.128691,23.226708],[120.123286,23.226585],[120.116104,23.227215],[120.111912,23.226555],[120.107932,23.226666],[120.105885,23.225364],[120.104286,23.225135],[120.095923,23.225497],[120.093892,23.227068],[120.089167,23.228829],[120.087767,23.229813],[120.087342,23.231727],[120.088724,23.234682],[120.089082,23.237643],[120.08836,23.238218],[120.086622,23.237955],[120.083155,23.241129],[120.080618,23.23757],[120.080205,23.235092],[120.081093,23.230969],[120.080663,23.229116],[120.081825,23.225624],[120.081863,23.222285],[120.08005,23.209012],[120.077507,23.200473],[120.072226,23.191135],[120.069594,23.184964],[120.069475,23.183483],[120.072045,23.183892],[120.083946,23.188961],[120.085986,23.187669],[120.09013,23.187689],[120.090096,23.188143],[120.092807,23.18828],[120.095175,23.186357],[120.097953,23.18503],[120.099204,23.185358],[120.101262,23.184759],[120.103218,23.183136],[120.10436,23.184114],[120.106014,23.184516],[120.107522,23.183424],[120.108103,23.184116],[120.10845,23.183481],[120.109932,23.185353],[120.111232,23.185593],[120.111714,23.186238],[120.112987,23.186251],[120.115634,23.183647],[120.117781,23.184525],[120.120547,23.182177],[120.124227,23.181597],[120.125159,23.183679],[120.128082,23.18236],[120.129586,23.182717],[120.129056,23.184683],[120.12743,23.185165],[120.127383,23.190873],[120.126678,23.193881],[120.128707,23.194997],[120.131225,23.193461],[120.136606,23.195507],[120.139831,23.19586],[120.140718,23.192961],[120.140543,23.191571],[120.141265,23.191526],[120.142141,23.188766],[120.143411,23.186837],[120.146671,23.18855],[120.148835,23.188506],[120.150884,23.189167],[120.151279,23.186853],[120.152336,23.186871],[120.152298,23.187897],[120.155849,23.18771],[120.155962,23.188152],[120.15936,23.184963],[120.160709,23.185184],[120.161635,23.183644],[120.1632,23.183994],[120.163314,23.183489],[120.168419,23.184267],[120.169874,23.185189],[120.170787,23.187438],[120.171307,23.192562],[120.174456,23.196968],[120.175768,23.202959],[120.178286,23.208467],[120.177153,23.213305],[120.176073,23.216448],[120.174892,23.223184],[120.173795,23.225087],[120.169976,23.227646],[120.168258,23.233079],[120.161446,23.237884],[120.158598,23.237914],[120.153154,23.235937],[120.14443,23.23385],[120.135586,23.228971]]]},"properties":{"code":"67000160","name":"將軍區","countyCode":"67000","countyName":"臺南市","townCode":"67000160","townName":"將軍區","level":"town","unassigned":false,"note":"","label":[120.11067850685346,23.20615644376907],"bounds":[120.069475,23.181597,120.178286,23.241129],"focusBounds":[120.069475,23.181597,120.178286,23.241129],"color":"#a49ad4","childCount":12}},{"type":"Feature","id":"67000170","geometry":{"type":"Polygon","coordinates":[[[120.16264,23.309984],[120.160582,23.310645],[120.156221,23.310041],[120.155515,23.310482],[120.154303,23.313016],[120.149663,23.313249],[120.14837,23.315273],[120.148582,23.319573],[120.147082,23.321067],[120.13692,23.327991],[120.132289,23.329756],[120.118078,23.340162],[120.117275,23.338687],[120.114011,23.336247],[120.111018,23.33183],[120.112848,23.325365],[120.1128,23.322582],[120.112932,23.323035],[120.113613,23.322264],[120.112549,23.315584],[120.110139,23.309139],[120.106841,23.305279],[120.103115,23.304519],[120.101868,23.302284],[120.0969,23.299611],[120.09458,23.2959],[120.09503,23.281225],[120.094341,23.271713],[120.092177,23.259611],[120.089351,23.249633],[120.088028,23.248725],[120.087732,23.246558],[120.087014,23.245366],[120.083155,23.241129],[120.086622,23.237955],[120.08836,23.238218],[120.089082,23.237643],[120.088724,23.234682],[120.087342,23.231727],[120.087767,23.229813],[120.089167,23.228829],[120.093892,23.227068],[120.095923,23.225497],[120.104286,23.225135],[120.105885,23.225364],[120.107932,23.226666],[120.111912,23.226555],[120.116104,23.227215],[120.123286,23.226585],[120.128691,23.226708],[120.133272,23.227724],[120.135586,23.228971],[120.13538,23.229478],[120.138123,23.235884],[120.13844,23.237337],[120.138067,23.23887],[120.14107,23.239245],[120.141151,23.240863],[120.143162,23.241253],[120.142551,23.242562],[120.142596,23.244652],[120.139602,23.246899],[120.13976,23.250246],[120.136077,23.251645],[120.135608,23.253313],[120.133426,23.253123],[120.134129,23.25609],[120.134999,23.256205],[120.137939,23.25988],[120.139355,23.261125],[120.139837,23.26076],[120.141512,23.26244],[120.143464,23.262354],[120.147867,23.26038],[120.150347,23.265387],[120.152397,23.26756],[120.149806,23.275089],[120.15081,23.27546],[120.15022,23.276347],[120.149731,23.279956],[120.150164,23.282162],[120.145388,23.286475],[120.14466,23.288483],[120.14414,23.293382],[120.145546,23.29377],[120.146802,23.293318],[120.147892,23.292198],[120.148932,23.28948],[120.150447,23.2876],[120.151678,23.286906],[120.153456,23.287383],[120.155664,23.288956],[120.156573,23.288782],[120.159254,23.284821],[120.163041,23.28202],[120.16708,23.277619],[120.168565,23.27962],[120.171202,23.281104],[120.175306,23.281343],[120.180096,23.282636],[120.183113,23.281713],[120.183622,23.28415],[120.181345,23.285513],[120.179879,23.284491],[120.178913,23.285451],[120.180251,23.286801],[120.18177,23.287424],[120.182772,23.28714],[120.1829,23.287903],[120.184889,23.287553],[120.184067,23.290318],[120.17868,23.291727],[120.176005,23.293908],[120.173727,23.299151],[120.173923,23.299902],[120.170949,23.30458],[120.167205,23.307819],[120.16264,23.309984]]]},"properties":{"code":"67000170","name":"北門區","countyCode":"67000","countyName":"臺南市","townCode":"67000170","townName":"北門區","level":"town","unassigned":false,"note":"","label":[120.12068274767454,23.280222108761826],"bounds":[120.083155,23.225135,120.184889,23.340162],"focusBounds":[120.083155,23.225135,120.184889,23.340162],"color":"#a8bf62","childCount":10}},{"type":"Feature","id":"67000180","geometry":{"type":"Polygon","coordinates":[[[120.358407,23.071585],[120.358358,23.072283],[120.356245,23.073526],[120.357268,23.075338],[120.35574,23.077223],[120.354442,23.076655],[120.354029,23.07482],[120.354491,23.073649],[120.35374,23.072694],[120.353202,23.072794],[120.351562,23.07566],[120.34989,23.075733],[120.351144,23.079054],[120.350734,23.081065],[120.350082,23.081121],[120.348533,23.079257],[120.345413,23.080796],[120.343686,23.080472],[120.342219,23.079394],[120.341532,23.080012],[120.34206,23.081829],[120.340541,23.083538],[120.339205,23.082539],[120.336291,23.08193],[120.33495,23.080777],[120.33594,23.078103],[120.337611,23.076275],[120.339677,23.074997],[120.338684,23.073536],[120.336536,23.072235],[120.33515,23.070519],[120.33736,23.067911],[120.335705,23.066847],[120.333148,23.064051],[120.331998,23.06376],[120.330912,23.061694],[120.329275,23.060558],[120.32798,23.061017],[120.32647,23.059951],[120.32525,23.05998],[120.324662,23.059456],[120.323386,23.060098],[120.323435,23.060886],[120.321638,23.061274],[120.320897,23.059601],[120.319679,23.059401],[120.319004,23.059867],[120.31769,23.059017],[120.31681,23.059263],[120.316353,23.058126],[120.31533,23.057742],[120.314366,23.057865],[120.313636,23.058683],[120.312227,23.058121],[120.312092,23.057405],[120.309804,23.057294],[120.308952,23.05654],[120.307536,23.056324],[120.304582,23.053697],[120.302792,23.053299],[120.301879,23.055231],[120.301682,23.059826],[120.297734,23.059331],[120.297241,23.060386],[120.293884,23.058214],[120.295704,23.053111],[120.29412,23.053055],[120.2925,23.054294],[120.28948,23.053762],[120.287211,23.05617],[120.283229,23.056275],[120.280891,23.055209],[120.279692,23.056247],[120.277889,23.056412],[120.278142,23.055378],[120.281387,23.052542],[120.281722,23.051504],[120.283889,23.050284],[120.284589,23.048696],[120.286812,23.047526],[120.286683,23.046147],[120.284524,23.043875],[120.283006,23.043459],[120.281804,23.040902],[120.282429,23.037942],[120.284696,23.037033],[120.285923,23.035235],[120.287658,23.034287],[120.288985,23.032723],[120.287538,23.029802],[120.284132,23.028083],[120.283293,23.026844],[120.283257,23.021881],[120.283956,23.01977],[120.286441,23.018047],[120.289872,23.01728],[120.2925,23.015801],[120.295796,23.013808],[120.299324,23.010476],[120.302705,23.010315],[120.303513,23.011437],[120.309575,23.011697],[120.310084,23.013191],[120.312994,23.012917],[120.313028,23.012423],[120.313925,23.012193],[120.315532,23.010591],[120.318576,23.010931],[120.324959,23.009235],[120.328711,23.00986],[120.332682,23.002102],[120.333309,23.001684],[120.332598,22.999464],[120.333242,22.996612],[120.33475,22.994217],[120.338519,22.993506],[120.339211,22.992905],[120.340285,22.993016],[120.341443,22.992283],[120.340043,22.989725],[120.342636,22.988695],[120.343934,22.988772],[120.345025,22.990499],[120.348636,22.992585],[120.348385,22.993595],[120.35085,22.995666],[120.351797,23.000136],[120.353014,23.000283],[120.353391,23.001302],[120.354613,23.001485],[120.357469,23.004126],[120.360754,23.004794],[120.364991,23.001647],[120.366166,23.002955],[120.36785,23.003619],[120.371546,23.004731],[120.374385,23.004473],[120.375313,23.005555],[120.376537,23.005886],[120.37797,23.004533],[120.379394,23.005186],[120.3826,23.004719],[120.382581,23.006428],[120.384147,23.008305],[120.386356,23.008633],[120.387431,23.007772],[120.389458,23.00775],[120.389836,23.005323],[120.390502,23.004725],[120.391274,23.004946],[120.392717,23.007638],[120.392595,23.008979],[120.391933,23.009709],[120.390636,23.009592],[120.389476,23.010661],[120.387743,23.010522],[120.3866,23.012],[120.386778,23.013305],[120.388491,23.013402],[120.388325,23.013975],[120.387137,23.014384],[120.388606,23.015556],[120.388934,23.01995],[120.385758,23.021246],[120.384197,23.019722],[120.382107,23.020027],[120.381253,23.019082],[120.38034,23.019462],[120.379652,23.021314],[120.377885,23.021498],[120.377205,23.020804],[120.375332,23.020691],[120.374685,23.023361],[120.375734,23.025179],[120.373841,23.025938],[120.373904,23.028507],[120.37502,23.029438],[120.375271,23.031665],[120.376437,23.03158],[120.376546,23.032542],[120.375763,23.033235],[120.376565,23.033754],[120.376631,23.033083],[120.378915,23.033456],[120.37786,23.033858],[120.378638,23.03472],[120.377769,23.036145],[120.377557,23.038233],[120.376835,23.038594],[120.376869,23.039342],[120.375388,23.039995],[120.375808,23.040422],[120.376717,23.040299],[120.376901,23.041286],[120.378093,23.041503],[120.377071,23.042839],[120.375268,23.042729],[120.376523,23.04396],[120.3761,23.044943],[120.37665,23.045994],[120.375763,23.046885],[120.374909,23.046826],[120.37468,23.047432],[120.373471,23.047302],[120.374634,23.049457],[120.374041,23.049689],[120.374042,23.051108],[120.372759,23.050776],[120.373581,23.052969],[120.370479,23.052822],[120.369683,23.056501],[120.368614,23.056802],[120.366644,23.054177],[120.365847,23.054246],[120.365734,23.055274],[120.367722,23.056572],[120.366758,23.057321],[120.367548,23.058143],[120.365997,23.05843],[120.365676,23.059371],[120.364514,23.059264],[120.36368,23.058479],[120.361413,23.061237],[120.361599,23.061858],[120.363297,23.061474],[120.364323,23.062065],[120.362929,23.064245],[120.35984,23.064073],[120.359095,23.066068],[120.361379,23.070533],[120.358304,23.070214],[120.358407,23.071585]]]},"properties":{"code":"67000180","name":"新化區","countyCode":"67000","countyName":"臺南市","townCode":"67000180","townName":"新化區","level":"town","unassigned":false,"note":"","label":[120.33491911373818,23.03529689327815],"bounds":[120.277889,22.988695,120.392717,23.083538],"focusBounds":[120.277889,22.988695,120.392717,23.083538],"color":"#a8bf62","childCount":16}},{"type":"Feature","id":"67000190","geometry":{"type":"Polygon","coordinates":[[[120.34587,23.151002],[120.342741,23.153563],[120.3331,23.15914],[120.331278,23.159699],[120.320196,23.168523],[120.308802,23.17254],[120.306335,23.175052],[120.299115,23.176363],[120.289843,23.176078],[120.279432,23.17464],[120.273888,23.173086],[120.269876,23.17113],[120.270105,23.173736],[120.26873,23.172003],[120.266713,23.170638],[120.265262,23.167776],[120.265003,23.165119],[120.263588,23.160925],[120.264266,23.158515],[120.263569,23.154177],[120.260513,23.1535],[120.261199,23.144807],[120.262845,23.141944],[120.259695,23.137719],[120.254896,23.135039],[120.255174,23.132451],[120.256064,23.132666],[120.255931,23.131202],[120.259455,23.13166],[120.259652,23.130648],[120.260545,23.13141],[120.261044,23.130015],[120.262122,23.130134],[120.26224,23.129304],[120.262862,23.129304],[120.262992,23.127986],[120.261654,23.12812],[120.262858,23.124525],[120.264663,23.125398],[120.266112,23.121395],[120.269061,23.122645],[120.269244,23.122333],[120.267277,23.116525],[120.265392,23.11608],[120.264576,23.113328],[120.263475,23.112691],[120.26174,23.110129],[120.259439,23.108561],[120.255815,23.107961],[120.256635,23.105148],[120.258713,23.106071],[120.261819,23.105124],[120.265041,23.107253],[120.268239,23.108551],[120.267474,23.106248],[120.269754,23.107203],[120.270483,23.104882],[120.27147,23.105783],[120.272147,23.108742],[120.273155,23.108956],[120.274973,23.111111],[120.275995,23.110594],[120.277811,23.111414],[120.279093,23.110761],[120.279481,23.109967],[120.281788,23.109904],[120.280995,23.107701],[120.281187,23.106116],[120.286845,23.109442],[120.286573,23.110141],[120.288138,23.111026],[120.28959,23.107352],[120.291861,23.108342],[120.2936,23.110035],[120.294601,23.109276],[120.295548,23.109361],[120.295951,23.106634],[120.296529,23.106228],[120.297479,23.106669],[120.298485,23.105629],[120.301686,23.107492],[120.304501,23.107876],[120.306369,23.109394],[120.309465,23.110638],[120.313558,23.109953],[120.314648,23.109204],[120.3192,23.108178],[120.320849,23.107159],[120.321419,23.107993],[120.323128,23.107234],[120.325166,23.107789],[120.325189,23.106274],[120.332877,23.10656],[120.332087,23.112169],[120.332818,23.113739],[120.331122,23.118533],[120.331438,23.121182],[120.33254,23.122702],[120.333209,23.125648],[120.334582,23.12821],[120.336175,23.134681],[120.339308,23.137653],[120.342936,23.140261],[120.344564,23.142115],[120.346275,23.149045],[120.34587,23.151002]]]},"properties":{"code":"67000190","name":"善化區","countyCode":"67000","countyName":"臺南市","townCode":"67000190","townName":"善化區","level":"town","unassigned":false,"note":"","label":[120.29969345526607,23.141294702192404],"bounds":[120.254896,23.104882,120.346275,23.176363],"focusBounds":[120.254896,23.104882,120.346275,23.176363],"color":"#68bec9","childCount":20}},{"type":"Feature","id":"67000200","geometry":{"type":"Polygon","coordinates":[[[120.332877,23.10656],[120.325189,23.106274],[120.325166,23.107789],[120.323128,23.107234],[120.321419,23.107993],[120.320849,23.107159],[120.3192,23.108178],[120.314648,23.109204],[120.313558,23.109953],[120.309465,23.110638],[120.306369,23.109394],[120.304501,23.107876],[120.301686,23.107492],[120.298485,23.105629],[120.297479,23.106669],[120.296529,23.106228],[120.295951,23.106634],[120.295548,23.109361],[120.294601,23.109276],[120.2936,23.110035],[120.291861,23.108342],[120.28959,23.107352],[120.288138,23.111026],[120.286573,23.110141],[120.286845,23.109442],[120.281187,23.106116],[120.280995,23.107701],[120.281788,23.109904],[120.279481,23.109967],[120.279093,23.110761],[120.277811,23.111414],[120.275995,23.110594],[120.274973,23.111111],[120.273155,23.108956],[120.272147,23.108742],[120.27147,23.105783],[120.270483,23.104882],[120.269754,23.107203],[120.267474,23.106248],[120.268239,23.108551],[120.265041,23.107253],[120.261819,23.105124],[120.258713,23.106071],[120.256635,23.105148],[120.255815,23.107961],[120.253313,23.107543],[120.25183,23.106624],[120.252174,23.105671],[120.25167,23.104599],[120.24819,23.104107],[120.24394,23.102586],[120.244612,23.100846],[120.246648,23.100397],[120.247542,23.099352],[120.248458,23.099505],[120.248722,23.098748],[120.248873,23.09735],[120.247066,23.092892],[120.248369,23.089086],[120.248528,23.086722],[120.248059,23.085199],[120.246958,23.084518],[120.248154,23.083631],[120.246212,23.083574],[120.246646,23.082594],[120.247824,23.081929],[120.247833,23.078149],[120.242815,23.079551],[120.241844,23.07853],[120.242343,23.067572],[120.241092,23.066551],[120.241519,23.066141],[120.243637,23.066368],[120.246926,23.065601],[120.247382,23.067151],[120.248049,23.067644],[120.249184,23.066763],[120.252157,23.066636],[120.251784,23.065858],[120.252604,23.06145],[120.253253,23.061193],[120.255192,23.061692],[120.257106,23.059709],[120.258641,23.059507],[120.258984,23.05999],[120.259734,23.059578],[120.260638,23.061369],[120.264092,23.061951],[120.265649,23.06101],[120.268207,23.060871],[120.270499,23.059385],[120.277,23.059667],[120.277748,23.058987],[120.277889,23.056412],[120.279692,23.056247],[120.280891,23.055209],[120.283229,23.056275],[120.287211,23.05617],[120.28948,23.053762],[120.2925,23.054294],[120.29412,23.053055],[120.295704,23.053111],[120.293884,23.058214],[120.297241,23.060386],[120.297734,23.059331],[120.301682,23.059826],[120.301879,23.055231],[120.302792,23.053299],[120.304582,23.053697],[120.307536,23.056324],[120.308952,23.05654],[120.309804,23.057294],[120.312092,23.057405],[120.312227,23.058121],[120.313636,23.058683],[120.314366,23.057865],[120.31533,23.057742],[120.316353,23.058126],[120.31681,23.059263],[120.31769,23.059017],[120.319004,23.059867],[120.319679,23.059401],[120.320897,23.059601],[120.321638,23.061274],[120.323435,23.060886],[120.323386,23.060098],[120.324662,23.059456],[120.32525,23.05998],[120.32647,23.059951],[120.32798,23.061017],[120.329275,23.060558],[120.330912,23.061694],[120.331998,23.06376],[120.333148,23.064051],[120.335705,23.066847],[120.33736,23.067911],[120.33515,23.070519],[120.336536,23.072235],[120.338684,23.073536],[120.339677,23.074997],[120.337611,23.076275],[120.33594,23.078103],[120.33495,23.080777],[120.336291,23.08193],[120.339205,23.082539],[120.340541,23.083538],[120.341367,23.08398],[120.342473,23.083526],[120.344105,23.084025],[120.343427,23.088401],[120.344092,23.08909],[120.335887,23.099013],[120.335103,23.102216],[120.333877,23.103729],[120.333935,23.105157],[120.332877,23.10656]]]},"properties":{"code":"67000200","name":"新市區","countyCode":"67000","countyName":"臺南市","townCode":"67000200","townName":"新市區","level":"town","unassigned":false,"note":"","label":[120.28826135631166,23.082883836912544],"bounds":[120.241092,23.053055,120.344105,23.111414],"focusBounds":[120.241092,23.053055,120.344105,23.111414],"color":"#df9f6a","childCount":11}},{"type":"Feature","id":"67000210","geometry":{"type":"Polygon","coordinates":[[[120.255815,23.107961],[120.259439,23.108561],[120.26174,23.110129],[120.263475,23.112691],[120.264576,23.113328],[120.265392,23.11608],[120.267277,23.116525],[120.269244,23.122333],[120.269061,23.122645],[120.266112,23.121395],[120.264663,23.125398],[120.262858,23.124525],[120.261654,23.12812],[120.262992,23.127986],[120.262862,23.129304],[120.26224,23.129304],[120.262122,23.130134],[120.261044,23.130015],[120.260545,23.13141],[120.259652,23.130648],[120.259455,23.13166],[120.255931,23.131202],[120.256064,23.132666],[120.255174,23.132451],[120.254896,23.135039],[120.251201,23.134098],[120.246296,23.131743],[120.241617,23.130747],[120.238128,23.128949],[120.234567,23.128462],[120.230623,23.126507],[120.216971,23.115591],[120.209171,23.110902],[120.208095,23.110762],[120.202777,23.107195],[120.203082,23.099927],[120.201032,23.098594],[120.198078,23.093549],[120.1874,23.083126],[120.202473,23.077884],[120.202685,23.078345],[120.207167,23.078546],[120.207351,23.07818],[120.19963,23.071887],[120.202101,23.067733],[120.205606,23.070062],[120.206717,23.068557],[120.207614,23.068915],[120.20912,23.068517],[120.211706,23.069892],[120.213235,23.069688],[120.213842,23.070258],[120.2137,23.073163],[120.214159,23.073532],[120.216725,23.074292],[120.220521,23.073893],[120.221063,23.075413],[120.223074,23.075831],[120.224465,23.072717],[120.227599,23.072196],[120.22966,23.070852],[120.23154,23.070831],[120.234177,23.070022],[120.237839,23.066963],[120.240644,23.066981],[120.241092,23.066551],[120.242343,23.067572],[120.241844,23.07853],[120.242815,23.079551],[120.247833,23.078149],[120.247824,23.081929],[120.246646,23.082594],[120.246212,23.083574],[120.248154,23.083631],[120.246958,23.084518],[120.248059,23.085199],[120.248528,23.086722],[120.248369,23.089086],[120.247066,23.092892],[120.248873,23.09735],[120.248722,23.098748],[120.248458,23.099505],[120.247542,23.099352],[120.246648,23.100397],[120.244612,23.100846],[120.24394,23.102586],[120.24819,23.104107],[120.25167,23.104599],[120.252174,23.105671],[120.25183,23.106624],[120.253313,23.107543],[120.255815,23.107961]]]},"properties":{"code":"67000210","name":"安定區","countyCode":"67000","countyName":"臺南市","townCode":"67000210","townName":"安定區","level":"town","unassigned":false,"note":"","label":[120.22561196617718,23.095657232315816],"bounds":[120.1874,23.066551,120.269244,23.135039],"focusBounds":[120.1874,23.066551,120.269244,23.135039],"color":"#c38cb8","childCount":13}},{"type":"Feature","id":"67000220","geometry":{"type":"Polygon","coordinates":[[[120.418314,23.104562],[120.417667,23.106596],[120.419501,23.108908],[120.417756,23.111899],[120.411839,23.111191],[120.411407,23.111964],[120.410358,23.112272],[120.410089,23.113137],[120.409094,23.11296],[120.408955,23.11398],[120.405659,23.11564],[120.402616,23.115651],[120.401446,23.113902],[120.401395,23.112569],[120.400466,23.111975],[120.399814,23.108796],[120.399035,23.107763],[120.397529,23.108248],[120.396812,23.107681],[120.395583,23.108567],[120.395492,23.107423],[120.393312,23.106295],[120.392512,23.106462],[120.391067,23.105712],[120.386899,23.105836],[120.385092,23.102945],[120.383013,23.101741],[120.377574,23.101655],[120.371873,23.100074],[120.368493,23.100066],[120.352914,23.111822],[120.347112,23.117626],[120.343453,23.122972],[120.341063,23.127604],[120.339408,23.132964],[120.339308,23.137653],[120.336175,23.134681],[120.334582,23.12821],[120.333209,23.125648],[120.33254,23.122702],[120.331438,23.121182],[120.331122,23.118533],[120.332818,23.113739],[120.332087,23.112169],[120.332877,23.10656],[120.333935,23.105157],[120.333877,23.103729],[120.335103,23.102216],[120.335887,23.099013],[120.344092,23.08909],[120.343427,23.088401],[120.344105,23.084025],[120.342473,23.083526],[120.341367,23.08398],[120.340541,23.083538],[120.34206,23.081829],[120.341532,23.080012],[120.342219,23.079394],[120.343686,23.080472],[120.345413,23.080796],[120.348533,23.079257],[120.350082,23.081121],[120.350734,23.081065],[120.351144,23.079054],[120.34989,23.075733],[120.351562,23.07566],[120.353202,23.072794],[120.35374,23.072694],[120.354491,23.073649],[120.354029,23.07482],[120.354442,23.076655],[120.35574,23.077223],[120.357268,23.075338],[120.356245,23.073526],[120.358358,23.072283],[120.358407,23.071585],[120.359425,23.071644],[120.359519,23.072654],[120.36381,23.072531],[120.364624,23.072736],[120.364886,23.07336],[120.36893,23.07457],[120.370476,23.07447],[120.370953,23.07591],[120.369386,23.077503],[120.370084,23.078873],[120.373917,23.07952],[120.375281,23.078811],[120.376417,23.079546],[120.376727,23.080764],[120.377635,23.081174],[120.378772,23.080679],[120.379653,23.078723],[120.380778,23.078535],[120.381238,23.077284],[120.382483,23.077175],[120.383063,23.075647],[120.384693,23.075527],[120.385052,23.077093],[120.386468,23.077571],[120.388183,23.075761],[120.388739,23.075772],[120.388952,23.076746],[120.387989,23.078137],[120.388395,23.079102],[120.389917,23.079369],[120.39132,23.07869],[120.392641,23.079297],[120.395163,23.079335],[120.396007,23.078823],[120.397123,23.079624],[120.398386,23.079734],[120.400228,23.08118],[120.401428,23.081402],[120.401992,23.082908],[120.403314,23.083662],[120.403579,23.084873],[120.405536,23.085899],[120.406332,23.086882],[120.40799,23.088638],[120.408716,23.088778],[120.409377,23.09042],[120.410081,23.090658],[120.410758,23.094044],[120.412379,23.094236],[120.412942,23.096148],[120.414125,23.097599],[120.414137,23.09942],[120.416232,23.100342],[120.417181,23.101684],[120.418356,23.102194],[120.418314,23.104562]]]},"properties":{"code":"67000220","name":"山上區","countyCode":"67000","countyName":"臺南市","townCode":"67000220","townName":"山上區","level":"town","unassigned":false,"note":"","label":[120.36067662958199,23.08929276747738],"bounds":[120.331122,23.071585,120.419501,23.137653],"focusBounds":[120.331122,23.071585,120.419501,23.137653],"color":"#98b69b","childCount":7}},{"type":"Feature","id":"67000230","geometry":{"type":"Polygon","coordinates":[[[120.527272,23.116249],[120.519666,23.119646],[120.518763,23.121167],[120.517655,23.121429],[120.517438,23.122381],[120.516135,23.121932],[120.514819,23.122666],[120.512337,23.122689],[120.510073,23.124665],[120.508268,23.125248],[120.506374,23.12264],[120.50464,23.117903],[120.500284,23.118603],[120.499003,23.119637],[120.49928,23.121612],[120.497569,23.121841],[120.497199,23.122848],[120.495401,23.123928],[120.490631,23.123114],[120.488016,23.123679],[120.485411,23.128728],[120.485831,23.130071],[120.487426,23.13046],[120.48498,23.133975],[120.487019,23.13818],[120.486756,23.139105],[120.485564,23.13969],[120.48567,23.140893],[120.483295,23.14164],[120.483251,23.142204],[120.481842,23.142782],[120.480999,23.141619],[120.47992,23.141441],[120.480263,23.140507],[120.479605,23.139721],[120.477443,23.139986],[120.478081,23.14098],[120.477523,23.141353],[120.472781,23.139234],[120.47069,23.141279],[120.475139,23.148309],[120.474509,23.151686],[120.47631,23.155088],[120.47599,23.155833],[120.47426,23.156068],[120.473927,23.156706],[120.474852,23.162419],[120.474044,23.164521],[120.472897,23.165199],[120.473315,23.16613],[120.471262,23.166007],[120.470363,23.165482],[120.469454,23.166253],[120.469719,23.167293],[120.466931,23.168003],[120.468632,23.169404],[120.467837,23.169317],[120.466613,23.170853],[120.466805,23.171956],[120.465474,23.17174],[120.465808,23.172652],[120.463671,23.17415],[120.464074,23.174829],[120.464846,23.174953],[120.463842,23.175774],[120.464912,23.175789],[120.464763,23.176177],[120.46263,23.176526],[120.461285,23.174427],[120.460429,23.175427],[120.460704,23.178276],[120.461386,23.178297],[120.459875,23.179065],[120.460305,23.179626],[120.459322,23.180176],[120.460437,23.18107],[120.461471,23.184287],[120.46097,23.187159],[120.456899,23.189976],[120.454926,23.187296],[120.454304,23.185569],[120.452858,23.184829],[120.453089,23.183671],[120.452076,23.182936],[120.451568,23.180966],[120.449237,23.178406],[120.447632,23.174106],[120.443417,23.168534],[120.443695,23.165023],[120.442981,23.164218],[120.438903,23.162859],[120.438825,23.159924],[120.436668,23.158023],[120.436455,23.15617],[120.433653,23.153678],[120.433823,23.151549],[120.43526,23.149762],[120.435218,23.147047],[120.433066,23.142165],[120.432313,23.13912],[120.431057,23.137429],[120.436315,23.13253],[120.436216,23.128964],[120.435346,23.125973],[120.4368,23.123233],[120.436576,23.122067],[120.435197,23.119986],[120.430798,23.116157],[120.430923,23.114695],[120.43017,23.114566],[120.430242,23.113753],[120.428886,23.113672],[120.429523,23.11157],[120.427933,23.111873],[120.427739,23.111471],[120.42867,23.110984],[120.427334,23.111047],[120.427241,23.109995],[120.426326,23.11063],[120.426473,23.109913],[120.425635,23.110007],[120.425227,23.108446],[120.424258,23.108844],[120.423968,23.107983],[120.423525,23.108318],[120.422605,23.107752],[120.419955,23.104857],[120.418314,23.104562],[120.418356,23.102194],[120.417181,23.101684],[120.416232,23.100342],[120.414137,23.09942],[120.414125,23.097599],[120.412942,23.096148],[120.412379,23.094236],[120.410758,23.094044],[120.410081,23.090658],[120.409377,23.09042],[120.408716,23.088778],[120.40799,23.088638],[120.406332,23.086882],[120.407328,23.085901],[120.40728,23.084902],[120.407901,23.084087],[120.408765,23.084011],[120.4095,23.082013],[120.41036,23.081178],[120.409768,23.079217],[120.4111,23.078935],[120.412431,23.076577],[120.413465,23.076076],[120.413721,23.073909],[120.415016,23.071932],[120.414911,23.070013],[120.418779,23.070273],[120.420744,23.069557],[120.42339,23.070241],[120.423971,23.068072],[120.424675,23.067562],[120.424888,23.065507],[120.426458,23.062813],[120.428648,23.064529],[120.428389,23.065894],[120.431265,23.066232],[120.433918,23.065384],[120.435528,23.063397],[120.437399,23.064422],[120.43997,23.064162],[120.440632,23.06472],[120.44129,23.067051],[120.443246,23.067158],[120.444007,23.072283],[120.44239,23.074234],[120.441841,23.076155],[120.44267,23.076716],[120.445611,23.076616],[120.446188,23.078529],[120.44867,23.079789],[120.451168,23.079382],[120.452765,23.07849],[120.454984,23.080338],[120.455048,23.081793],[120.456635,23.084466],[120.459635,23.084668],[120.459761,23.083779],[120.462301,23.081138],[120.461402,23.079875],[120.462173,23.077498],[120.462041,23.076036],[120.462839,23.075156],[120.464884,23.075254],[120.465284,23.073833],[120.466809,23.072],[120.467741,23.071849],[120.468909,23.073455],[120.471162,23.074046],[120.472398,23.073377],[120.473381,23.073758],[120.474398,23.072818],[120.47571,23.07383],[120.476872,23.072663],[120.479301,23.073071],[120.479258,23.076557],[120.480427,23.078149],[120.480275,23.079337],[120.481504,23.080516],[120.480284,23.081368],[120.479885,23.082313],[120.477619,23.083283],[120.480283,23.087252],[120.481632,23.090409],[120.485005,23.091086],[120.486303,23.088386],[120.487534,23.088671],[120.48951,23.087202],[120.492536,23.088188],[120.493214,23.087692],[120.494454,23.088297],[120.496149,23.0881],[120.49756,23.08895],[120.499891,23.087355],[120.501677,23.088716],[120.505626,23.089842],[120.50779,23.091559],[120.511649,23.091775],[120.513666,23.094697],[120.51583,23.095783],[120.517854,23.101522],[120.520003,23.104304],[120.520595,23.106717],[120.521998,23.107825],[120.522928,23.109782],[120.524598,23.110438],[120.525053,23.112946],[120.527272,23.116249]]]},"properties":{"code":"67000230","name":"玉井區","countyCode":"67000","countyName":"臺南市","townCode":"67000230","townName":"玉井區","level":"town","unassigned":false,"note":"","label":[120.46186577697812,23.11197029519147],"bounds":[120.406332,23.062813,120.527272,23.189976],"focusBounds":[120.406332,23.062813,120.527272,23.189976],"color":"#58b99d","childCount":10}},{"type":"Feature","id":"67000240","geometry":{"type":"Polygon","coordinates":[[[120.57824,23.214798],[120.574874,23.217698],[120.571025,23.218215],[120.565288,23.22098],[120.563784,23.220216],[120.561372,23.217414],[120.558077,23.216823],[120.554981,23.217473],[120.55431,23.218746],[120.553502,23.218901],[120.552506,23.220266],[120.549785,23.221338],[120.548534,23.223988],[120.541508,23.227829],[120.53976,23.227668],[120.53599,23.229236],[120.534051,23.228988],[120.531958,23.229665],[120.531327,23.231726],[120.529679,23.232548],[120.527545,23.231789],[120.527022,23.230994],[120.526295,23.231132],[120.520605,23.237641],[120.519656,23.237895],[120.519047,23.239055],[120.519439,23.239486],[120.517618,23.238958],[120.512314,23.23528],[120.510607,23.233087],[120.503358,23.229973],[120.501419,23.22813],[120.499172,23.224829],[120.493331,23.220775],[120.49079,23.222317],[120.489896,23.221969],[120.487806,23.222309],[120.486124,23.220657],[120.48152,23.220125],[120.477056,23.223],[120.475245,23.222221],[120.474589,23.220578],[120.470933,23.21715],[120.470467,23.214542],[120.468258,23.212997],[120.468293,23.211302],[120.466661,23.208983],[120.464828,23.204863],[120.463202,23.203142],[120.463699,23.202342],[120.463113,23.199566],[120.461616,23.198711],[120.460224,23.194313],[120.458067,23.192329],[120.456899,23.189976],[120.46097,23.187159],[120.461471,23.184287],[120.460437,23.18107],[120.459322,23.180176],[120.460305,23.179626],[120.459875,23.179065],[120.461386,23.178297],[120.460704,23.178276],[120.460429,23.175427],[120.461285,23.174427],[120.46263,23.176526],[120.464763,23.176177],[120.464912,23.175789],[120.463842,23.175774],[120.464846,23.174953],[120.464074,23.174829],[120.463671,23.17415],[120.465808,23.172652],[120.465474,23.17174],[120.466805,23.171956],[120.466613,23.170853],[120.467837,23.169317],[120.468632,23.169404],[120.466931,23.168003],[120.469719,23.167293],[120.469454,23.166253],[120.470363,23.165482],[120.471262,23.166007],[120.473315,23.16613],[120.472897,23.165199],[120.474044,23.164521],[120.474852,23.162419],[120.473927,23.156706],[120.47426,23.156068],[120.47599,23.155833],[120.47631,23.155088],[120.474509,23.151686],[120.475139,23.148309],[120.47069,23.141279],[120.472781,23.139234],[120.477523,23.141353],[120.478081,23.14098],[120.477443,23.139986],[120.479605,23.139721],[120.480263,23.140507],[120.47992,23.141441],[120.480999,23.141619],[120.481842,23.142782],[120.483251,23.142204],[120.483295,23.14164],[120.48567,23.140893],[120.485564,23.13969],[120.486756,23.139105],[120.487019,23.13818],[120.48498,23.133975],[120.487426,23.13046],[120.485831,23.130071],[120.485411,23.128728],[120.488016,23.123679],[120.490631,23.123114],[120.495401,23.123928],[120.497199,23.122848],[120.497569,23.121841],[120.49928,23.121612],[120.499003,23.119637],[120.500284,23.118603],[120.50464,23.117903],[120.506374,23.12264],[120.508268,23.125248],[120.510073,23.124665],[120.512337,23.122689],[120.514819,23.122666],[120.516135,23.121932],[120.517438,23.122381],[120.517655,23.121429],[120.518763,23.121167],[120.519666,23.119646],[120.527272,23.116249],[120.52773,23.117732],[120.529587,23.119089],[120.533036,23.118566],[120.533919,23.115865],[120.536699,23.11515],[120.539672,23.119747],[120.541289,23.119414],[120.5449,23.117423],[120.546734,23.117376],[120.548814,23.118908],[120.549385,23.120255],[120.548592,23.121691],[120.549315,23.123446],[120.548891,23.124924],[120.549389,23.126266],[120.548689,23.126841],[120.54877,23.128199],[120.55037,23.131736],[120.550131,23.133656],[120.547875,23.13622],[120.547142,23.139358],[120.543796,23.140804],[120.543847,23.1427],[120.54315,23.143534],[120.546112,23.14563],[120.546742,23.147359],[120.549314,23.15101],[120.552084,23.152495],[120.552613,23.154208],[120.554639,23.155589],[120.5566,23.158572],[120.558796,23.166317],[120.559944,23.167499],[120.56099,23.170146],[120.564306,23.173395],[120.564845,23.175229],[120.566197,23.176472],[120.566341,23.177773],[120.567462,23.178875],[120.568034,23.180562],[120.567447,23.182793],[120.568696,23.185772],[120.571224,23.189253],[120.573345,23.191212],[120.574219,23.19466],[120.573844,23.197065],[120.574483,23.199335],[120.57615,23.201369],[120.577867,23.202523],[120.580021,23.203082],[120.578309,23.204631],[120.577847,23.207436],[120.577094,23.208272],[120.57824,23.214798]]]},"properties":{"code":"67000240","name":"楠西區","countyCode":"67000","countyName":"臺南市","townCode":"67000240","townName":"楠西區","level":"town","unassigned":false,"note":"","label":[120.51581339052088,23.179909097285698],"bounds":[120.456899,23.11515,120.580021,23.239486],"focusBounds":[120.456899,23.11515,120.580021,23.239486],"color":"#efb44f","childCount":7}},{"type":"Feature","id":"67000250","geometry":{"type":"Polygon","coordinates":[[[120.653445,23.224538],[120.651383,23.224086],[120.648233,23.225544],[120.647934,23.226738],[120.646908,23.227133],[120.644174,23.225317],[120.642423,23.225724],[120.638906,23.227949],[120.635823,23.2283],[120.634109,23.229225],[120.633298,23.228624],[120.631206,23.229511],[120.629567,23.229056],[120.62838,23.229447],[120.626186,23.228557],[120.624764,23.227175],[120.618389,23.225645],[120.616762,23.223545],[120.613078,23.223995],[120.611649,23.222815],[120.609825,23.222636],[120.608172,23.224678],[120.606518,23.225777],[120.602722,23.22608],[120.59724,23.229042],[120.596386,23.231719],[120.596549,23.234366],[120.595793,23.236727],[120.593796,23.239419],[120.592489,23.239854],[120.591966,23.236716],[120.590248,23.234332],[120.590034,23.231664],[120.588875,23.230057],[120.586613,23.224164],[120.584898,23.223246],[120.581779,23.219925],[120.579681,23.218991],[120.57824,23.214798],[120.577094,23.208272],[120.577847,23.207436],[120.578309,23.204631],[120.580021,23.203082],[120.577867,23.202523],[120.57615,23.201369],[120.574483,23.199335],[120.573844,23.197065],[120.574219,23.19466],[120.573345,23.191212],[120.571224,23.189253],[120.568696,23.185772],[120.567447,23.182793],[120.568034,23.180562],[120.567462,23.178875],[120.566341,23.177773],[120.566197,23.176472],[120.564845,23.175229],[120.564306,23.173395],[120.56099,23.170146],[120.559944,23.167499],[120.558796,23.166317],[120.5566,23.158572],[120.554639,23.155589],[120.552613,23.154208],[120.552084,23.152495],[120.549314,23.15101],[120.546742,23.147359],[120.546112,23.14563],[120.54315,23.143534],[120.543847,23.1427],[120.543796,23.140804],[120.547142,23.139358],[120.547875,23.13622],[120.550131,23.133656],[120.55037,23.131736],[120.54877,23.128199],[120.548689,23.126841],[120.549389,23.126266],[120.548891,23.124924],[120.549315,23.123446],[120.548592,23.121691],[120.549385,23.120255],[120.548814,23.118908],[120.546734,23.117376],[120.5449,23.117423],[120.541289,23.119414],[120.539672,23.119747],[120.536699,23.11515],[120.533919,23.115865],[120.533036,23.118566],[120.529587,23.119089],[120.52773,23.117732],[120.527272,23.116249],[120.525053,23.112946],[120.524598,23.110438],[120.522928,23.109782],[120.521998,23.107825],[120.520595,23.106717],[120.520003,23.104304],[120.517854,23.101522],[120.51583,23.095783],[120.513666,23.094697],[120.511649,23.091775],[120.50779,23.091559],[120.505626,23.089842],[120.501677,23.088716],[120.499891,23.087355],[120.49756,23.08895],[120.496149,23.0881],[120.494454,23.088297],[120.493214,23.087692],[120.492536,23.088188],[120.48951,23.087202],[120.487534,23.088671],[120.486303,23.088386],[120.485005,23.091086],[120.481632,23.090409],[120.480283,23.087252],[120.477619,23.083283],[120.479885,23.082313],[120.480284,23.081368],[120.481504,23.080516],[120.480275,23.079337],[120.480427,23.078149],[120.479258,23.076557],[120.479301,23.073071],[120.476872,23.072663],[120.47571,23.07383],[120.474398,23.072818],[120.473381,23.073758],[120.472398,23.073377],[120.471162,23.074046],[120.468909,23.073455],[120.467741,23.071849],[120.466809,23.072],[120.465284,23.073833],[120.464884,23.075254],[120.462839,23.075156],[120.462041,23.076036],[120.462173,23.077498],[120.461402,23.079875],[120.462301,23.081138],[120.459761,23.083779],[120.459635,23.084668],[120.456635,23.084466],[120.455048,23.081793],[120.454984,23.080338],[120.452765,23.07849],[120.451168,23.079382],[120.44867,23.079789],[120.446188,23.078529],[120.445611,23.076616],[120.44267,23.076716],[120.441841,23.076155],[120.44239,23.074234],[120.444007,23.072283],[120.443246,23.067158],[120.44129,23.067051],[120.440632,23.06472],[120.43997,23.064162],[120.437399,23.064422],[120.435528,23.063397],[120.436064,23.062771],[120.432172,23.059855],[120.432732,23.058408],[120.432339,23.057348],[120.433103,23.057001],[120.432962,23.056198],[120.433848,23.056288],[120.433526,23.05521],[120.432278,23.054887],[120.432218,23.054057],[120.433713,23.052082],[120.431357,23.051426],[120.431034,23.050105],[120.433262,23.049047],[120.433255,23.046762],[120.434332,23.045215],[120.437084,23.04629],[120.438524,23.045166],[120.4368,23.041562],[120.438025,23.039938],[120.436977,23.038212],[120.436922,23.037093],[120.438511,23.036651],[120.439211,23.035253],[120.43912,23.03409],[120.43781,23.032563],[120.438407,23.031929],[120.43926,23.032575],[120.43964,23.03219],[120.438057,23.029636],[120.437128,23.029192],[120.437033,23.027284],[120.438372,23.026824],[120.438883,23.023322],[120.440271,23.022173],[120.444658,23.022074],[120.446255,23.021174],[120.446384,23.018581],[120.447062,23.01744],[120.446348,23.014706],[120.446251,23.010983],[120.449306,23.010632],[120.451735,23.008568],[120.453104,23.011196],[120.454055,23.011525],[120.455514,23.01121],[120.456125,23.010653],[120.456187,23.009256],[120.457819,23.007113],[120.457949,23.004947],[120.460365,23.003394],[120.461396,23.004097],[120.462656,23.003205],[120.467214,23.003556],[120.468096,23.002643],[120.470549,23.002379],[120.478392,23.003524],[120.479891,23.002707],[120.47938,23.005007],[120.480357,23.006268],[120.481062,23.009073],[120.480998,23.011571],[120.483457,23.016474],[120.486,23.01849],[120.491526,23.020976],[120.49475,23.023189],[120.497547,23.024116],[120.498695,23.025482],[120.50025,23.025926],[120.502142,23.027605],[120.503717,23.028645],[120.508669,23.034824],[120.511288,23.036163],[120.519666,23.044975],[120.522308,23.045672],[120.523654,23.047442],[120.523031,23.049567],[120.526255,23.052195],[120.526983,23.053399],[120.531481,23.05663],[120.535126,23.057409],[120.537406,23.058658],[120.538084,23.059485],[120.53801,23.060746],[120.539736,23.061932],[120.541417,23.06223],[120.54237,23.063373],[120.543807,23.063314],[120.545427,23.063946],[120.546812,23.065686],[120.553063,23.067894],[120.554497,23.06883],[120.559053,23.07344],[120.558897,23.075649],[120.560365,23.077192],[120.562776,23.078488],[120.563723,23.080343],[120.565392,23.080695],[120.566892,23.081827],[120.568148,23.083869],[120.570343,23.085643],[120.573096,23.089793],[120.574402,23.09073],[120.574827,23.091749],[120.574126,23.094858],[120.575793,23.095766],[120.577223,23.099464],[120.581169,23.105215],[120.582533,23.106014],[120.583189,23.108041],[120.58808,23.114097],[120.588918,23.119966],[120.588448,23.123359],[120.590502,23.127196],[120.594652,23.131593],[120.59548,23.135271],[120.596283,23.136862],[120.597548,23.1374],[120.597879,23.138444],[120.598475,23.138577],[120.598999,23.141056],[120.601108,23.144166],[120.603788,23.144925],[120.605607,23.146474],[120.60557,23.148526],[120.607854,23.14844],[120.611846,23.151702],[120.612345,23.153608],[120.61111,23.155899],[120.612508,23.157312],[120.613432,23.159246],[120.61504,23.159534],[120.616376,23.161734],[120.616538,23.163096],[120.621237,23.162958],[120.623219,23.164155],[120.625225,23.167761],[120.627017,23.167972],[120.630658,23.170064],[120.631019,23.170826],[120.629436,23.17325],[120.629319,23.174363],[120.636168,23.175105],[120.637445,23.178526],[120.637298,23.180396],[120.638591,23.181741],[120.641111,23.182995],[120.639793,23.183689],[120.6384,23.185685],[120.636568,23.190129],[120.636951,23.191326],[120.638955,23.192666],[120.640968,23.198774],[120.64266,23.200162],[120.643311,23.203323],[120.646127,23.206983],[120.647381,23.207336],[120.648527,23.208634],[120.651444,23.208497],[120.651758,23.21019],[120.653086,23.211846],[120.653838,23.215306],[120.65625,23.217638],[120.655515,23.222792],[120.654351,23.22431],[120.653445,23.224538]]]},"properties":{"code":"67000250","name":"南化區","countyCode":"67000","countyName":"臺南市","townCode":"67000250","townName":"南化區","level":"town","unassigned":false,"note":"","label":[120.59289094033477,23.17436316867743],"bounds":[120.431034,23.002379,120.65625,23.239854],"focusBounds":[120.431034,23.002379,120.65625,23.239854],"color":"#78a7e3","childCount":9}},{"type":"Feature","id":"67000260","geometry":{"type":"Polygon","coordinates":[[[120.435528,23.063397],[120.433918,23.065384],[120.431265,23.066232],[120.428389,23.065894],[120.428648,23.064529],[120.426458,23.062813],[120.424888,23.065507],[120.424675,23.067562],[120.423971,23.068072],[120.42339,23.070241],[120.420744,23.069557],[120.418779,23.070273],[120.414911,23.070013],[120.415016,23.071932],[120.413721,23.073909],[120.413465,23.076076],[120.412431,23.076577],[120.4111,23.078935],[120.409768,23.079217],[120.41036,23.081178],[120.4095,23.082013],[120.408765,23.084011],[120.407901,23.084087],[120.40728,23.084902],[120.407328,23.085901],[120.406332,23.086882],[120.405536,23.085899],[120.403579,23.084873],[120.403314,23.083662],[120.401992,23.082908],[120.401428,23.081402],[120.400228,23.08118],[120.398386,23.079734],[120.397123,23.079624],[120.396007,23.078823],[120.395163,23.079335],[120.392641,23.079297],[120.39132,23.07869],[120.389917,23.079369],[120.388395,23.079102],[120.387989,23.078137],[120.388952,23.076746],[120.388739,23.075772],[120.388183,23.075761],[120.386468,23.077571],[120.385052,23.077093],[120.384693,23.075527],[120.383063,23.075647],[120.382483,23.077175],[120.381238,23.077284],[120.380778,23.078535],[120.379653,23.078723],[120.378772,23.080679],[120.377635,23.081174],[120.376727,23.080764],[120.376417,23.079546],[120.375281,23.078811],[120.373917,23.07952],[120.370084,23.078873],[120.369386,23.077503],[120.370953,23.07591],[120.370476,23.07447],[120.36893,23.07457],[120.364886,23.07336],[120.364624,23.072736],[120.36381,23.072531],[120.359519,23.072654],[120.359425,23.071644],[120.358407,23.071585],[120.358304,23.070214],[120.361379,23.070533],[120.359095,23.066068],[120.35984,23.064073],[120.362929,23.064245],[120.364323,23.062065],[120.363297,23.061474],[120.361599,23.061858],[120.361413,23.061237],[120.36368,23.058479],[120.364514,23.059264],[120.365676,23.059371],[120.365997,23.05843],[120.367548,23.058143],[120.366758,23.057321],[120.367722,23.056572],[120.365734,23.055274],[120.365847,23.054246],[120.366644,23.054177],[120.368614,23.056802],[120.369683,23.056501],[120.370479,23.052822],[120.373581,23.052969],[120.372759,23.050776],[120.374042,23.051108],[120.374041,23.049689],[120.374634,23.049457],[120.373471,23.047302],[120.37468,23.047432],[120.374909,23.046826],[120.375763,23.046885],[120.37665,23.045994],[120.3761,23.044943],[120.376523,23.04396],[120.375268,23.042729],[120.377071,23.042839],[120.378093,23.041503],[120.376901,23.041286],[120.376717,23.040299],[120.375808,23.040422],[120.375388,23.039995],[120.376869,23.039342],[120.376835,23.038594],[120.377557,23.038233],[120.377769,23.036145],[120.378638,23.03472],[120.37786,23.033858],[120.378915,23.033456],[120.376631,23.033083],[120.376565,23.033754],[120.375763,23.033235],[120.376546,23.032542],[120.376437,23.03158],[120.375271,23.031665],[120.37502,23.029438],[120.373904,23.028507],[120.373841,23.025938],[120.375734,23.025179],[120.374685,23.023361],[120.375332,23.020691],[120.377205,23.020804],[120.377885,23.021498],[120.379652,23.021314],[120.38034,23.019462],[120.381253,23.019082],[120.382107,23.020027],[120.384197,23.019722],[120.385758,23.021246],[120.388934,23.01995],[120.388606,23.015556],[120.387137,23.014384],[120.388325,23.013975],[120.388491,23.013402],[120.386778,23.013305],[120.3866,23.012],[120.387743,23.010522],[120.389476,23.010661],[120.390636,23.009592],[120.391933,23.009709],[120.392595,23.008979],[120.392717,23.007638],[120.394077,23.007584],[120.394862,23.004647],[120.397965,22.99923],[120.398274,22.998234],[120.397786,22.997286],[120.400019,22.996126],[120.402629,22.996105],[120.403418,22.99267],[120.405844,22.990435],[120.407969,22.989525],[120.406164,22.983216],[120.406073,22.977518],[120.405148,22.973692],[120.405407,22.972017],[120.406872,22.972508],[120.408001,22.971802],[120.408996,22.972075],[120.411005,22.971438],[120.411141,22.969139],[120.41585,22.96876],[120.417772,22.967961],[120.420881,22.968617],[120.422531,22.967542],[120.425473,22.967492],[120.426508,22.966216],[120.4293,22.965222],[120.431308,22.962898],[120.433079,22.959521],[120.435288,22.959448],[120.437248,22.96218],[120.438405,22.966138],[120.442152,22.973777],[120.442644,22.977324],[120.443755,22.978011],[120.444296,22.9794],[120.445482,22.979375],[120.44963,22.977242],[120.451718,22.978627],[120.45217,22.977742],[120.452954,22.97771],[120.454693,22.980757],[120.454758,22.982729],[120.45319,22.984806],[120.454714,22.990622],[120.455428,22.991126],[120.459633,22.989903],[120.46111,22.99077],[120.461074,22.992245],[120.460277,22.992846],[120.460431,22.993685],[120.459101,22.995739],[120.460257,22.997394],[120.461478,22.998119],[120.460533,23.000303],[120.459545,23.000789],[120.460365,23.003394],[120.457949,23.004947],[120.457819,23.007113],[120.456187,23.009256],[120.456125,23.010653],[120.455514,23.01121],[120.454055,23.011525],[120.453104,23.011196],[120.451735,23.008568],[120.449306,23.010632],[120.446251,23.010983],[120.446348,23.014706],[120.447062,23.01744],[120.446384,23.018581],[120.446255,23.021174],[120.444658,23.022074],[120.440271,23.022173],[120.438883,23.023322],[120.438372,23.026824],[120.437033,23.027284],[120.437128,23.029192],[120.438057,23.029636],[120.43964,23.03219],[120.43926,23.032575],[120.438407,23.031929],[120.43781,23.032563],[120.43912,23.03409],[120.439211,23.035253],[120.438511,23.036651],[120.436922,23.037093],[120.436977,23.038212],[120.438025,23.039938],[120.4368,23.041562],[120.438524,23.045166],[120.437084,23.04629],[120.434332,23.045215],[120.433255,23.046762],[120.433262,23.049047],[120.431034,23.050105],[120.431357,23.051426],[120.433713,23.052082],[120.432218,23.054057],[120.432278,23.054887],[120.433526,23.05521],[120.433848,23.056288],[120.432962,23.056198],[120.433103,23.057001],[120.432339,23.057348],[120.432732,23.058408],[120.432172,23.059855],[120.436064,23.062771],[120.435528,23.063397]]]},"properties":{"code":"67000260","name":"左鎮區","countyCode":"67000","countyName":"臺南市","townCode":"67000260","townName":"左鎮區","level":"town","unassigned":false,"note":"","label":[120.41240138964355,23.02752296263447],"bounds":[120.358304,22.959448,120.461478,23.086882],"focusBounds":[120.358304,22.959448,120.461478,23.086882],"color":"#dd8590","childCount":10}},{"type":"Feature","id":"67000270","geometry":{"type":"Polygon","coordinates":[[[120.273445,22.993722],[120.273058,22.993463],[120.272035,22.994319],[120.271138,22.993616],[120.26831,22.993446],[120.267203,22.996544],[120.260434,22.99466],[120.260335,22.994116],[120.258218,22.994093],[120.250841,22.991898],[120.250355,22.991168],[120.24784,22.990682],[120.247582,22.989733],[120.249451,22.987621],[120.249066,22.977164],[120.247788,22.975864],[120.246495,22.975896],[120.243295,22.977419],[120.243228,22.978526],[120.242219,22.979484],[120.240855,22.97928],[120.238949,22.980109],[120.237872,22.974294],[120.238182,22.967531],[120.237557,22.963778],[120.237161,22.963649],[120.237812,22.9611],[120.227418,22.959445],[120.226669,22.961204],[120.22158,22.962033],[120.220191,22.960698],[120.217009,22.960583],[120.216566,22.960516],[120.21662,22.945172],[120.201218,22.944852],[120.198487,22.938569],[120.198901,22.937758],[120.2023,22.938281],[120.20237,22.937289],[120.198062,22.92955],[120.195242,22.929125],[120.194103,22.928099],[120.194119,22.924414],[120.19354,22.922834],[120.192056,22.921194],[120.195861,22.919615],[120.202353,22.915441],[120.204738,22.914668],[120.208071,22.915239],[120.213291,22.911029],[120.218111,22.909623],[120.221026,22.909993],[120.226657,22.916278],[120.228473,22.916975],[120.230422,22.916691],[120.231694,22.915397],[120.231571,22.908664],[120.23291,22.905547],[120.242863,22.903512],[120.247609,22.898188],[120.2531,22.89463],[120.256471,22.894014],[120.258771,22.895338],[120.258781,22.896862],[120.256829,22.899541],[120.257513,22.901198],[120.258775,22.901865],[120.260535,22.901755],[120.269842,22.896695],[120.270167,22.897687],[120.268631,22.900389],[120.270068,22.901431],[120.269617,22.903955],[120.268503,22.906272],[120.263257,22.912474],[120.261488,22.916032],[120.263507,22.918695],[120.264464,22.924176],[120.265333,22.925659],[120.266585,22.925855],[120.267607,22.929776],[120.26805,22.933133],[120.266453,22.934218],[120.267213,22.938601],[120.269006,22.939126],[120.272105,22.938578],[120.273275,22.93787],[120.274998,22.938752],[120.274913,22.939363],[120.273881,22.938905],[120.274915,22.939743],[120.274998,22.941217],[120.272776,22.94141],[120.269469,22.944018],[120.272741,22.986625],[120.271236,22.987152],[120.272267,22.988566],[120.27309,22.988589],[120.273445,22.993722]]]},"properties":{"code":"67000270","name":"仁德區","countyCode":"67000","countyName":"臺南市","townCode":"67000270","townName":"仁德區","level":"town","unassigned":false,"note":"","label":[120.24251515324879,22.937622898091142],"bounds":[120.192056,22.894014,120.274998,22.996544],"focusBounds":[120.192056,22.894014,120.274998,22.996544],"color":"#a49ad4","childCount":16}},{"type":"Feature","id":"67000280","geometry":{"type":"Polygon","coordinates":[[[120.295796,23.013808],[120.2925,23.015801],[120.291482,23.012759],[120.289939,23.013159],[120.287941,23.012411],[120.287335,23.013492],[120.285483,23.012661],[120.282513,23.013961],[120.281949,23.010521],[120.274995,23.011039],[120.273445,22.993722],[120.27309,22.988589],[120.272267,22.988566],[120.271236,22.987152],[120.272741,22.986625],[120.269469,22.944018],[120.272776,22.94141],[120.274998,22.941217],[120.274915,22.939743],[120.273881,22.938905],[120.274913,22.939363],[120.274998,22.938752],[120.273275,22.93787],[120.272105,22.938578],[120.269006,22.939126],[120.267213,22.938601],[120.266453,22.934218],[120.26805,22.933133],[120.267607,22.929776],[120.266585,22.925855],[120.265333,22.925659],[120.264464,22.924176],[120.263507,22.918695],[120.261488,22.916032],[120.263257,22.912474],[120.268503,22.906272],[120.269617,22.903955],[120.270068,22.901431],[120.268631,22.900389],[120.270167,22.897687],[120.269842,22.896695],[120.274054,22.895249],[120.276553,22.895489],[120.276412,22.896081],[120.278186,22.896182],[120.279496,22.896294],[120.279607,22.896838],[120.277833,22.901908],[120.277755,22.903917],[120.278109,22.904511],[120.279871,22.904882],[120.285332,22.904578],[120.301709,22.900586],[120.309111,22.90057],[120.313521,22.899916],[120.316485,22.898444],[120.319061,22.902473],[120.320294,22.901879],[120.321643,22.8995],[120.322903,22.901454],[120.322318,22.902766],[120.322265,22.905025],[120.323925,22.906099],[120.325765,22.905241],[120.326754,22.905662],[120.327038,22.907666],[120.324654,22.909946],[120.323192,22.910099],[120.321403,22.911762],[120.322179,22.913457],[120.321134,22.915196],[120.32164,22.919321],[120.320903,22.921049],[120.3212,22.92257],[120.322977,22.925413],[120.323328,22.927996],[120.323952,22.928325],[120.323713,22.928831],[120.323064,22.928736],[120.322935,22.930519],[120.3234,22.931258],[120.324685,22.931771],[120.324788,22.933095],[120.325736,22.933747],[120.325454,22.934512],[120.326658,22.935225],[120.326771,22.937778],[120.326107,22.938535],[120.326644,22.943095],[120.325549,22.945734],[120.323127,22.948236],[120.317322,22.956447],[120.315415,22.958482],[120.311455,22.960831],[120.313801,22.962474],[120.314954,22.965856],[120.314745,22.966922],[120.315908,22.967816],[120.310924,22.96856],[120.31024,22.969529],[120.310129,22.971364],[120.311053,22.973744],[120.309947,22.97542],[120.305973,22.978837],[120.303903,22.979893],[120.297731,22.97975],[120.296671,22.980944],[120.296274,22.982419],[120.297526,22.984696],[120.297198,22.98635],[120.298122,22.987669],[120.298668,22.991313],[120.29998,22.992906],[120.300422,22.995749],[120.299558,23.000251],[120.296046,23.004483],[120.295239,23.007863],[120.296021,23.00981],[120.295393,23.011212],[120.295796,23.013808]]]},"properties":{"code":"67000280","name":"歸仁區","countyCode":"67000","countyName":"臺南市","townCode":"67000280","townName":"歸仁區","level":"town","unassigned":false,"note":"","label":[120.29898196672822,22.94051511909469],"bounds":[120.261488,22.895249,120.327038,23.015801],"focusBounds":[120.261488,22.895249,120.327038,23.015801],"color":"#68bec9","childCount":21}},{"type":"Feature","id":"67000290","geometry":{"type":"Polygon","coordinates":[[[120.353014,23.000283],[120.351797,23.000136],[120.35085,22.995666],[120.348385,22.993595],[120.348636,22.992585],[120.345025,22.990499],[120.343934,22.988772],[120.342636,22.988695],[120.340043,22.989725],[120.341443,22.992283],[120.340285,22.993016],[120.339211,22.992905],[120.338519,22.993506],[120.33475,22.994217],[120.333242,22.996612],[120.332598,22.999464],[120.333309,23.001684],[120.332682,23.002102],[120.328711,23.00986],[120.324959,23.009235],[120.318576,23.010931],[120.315532,23.010591],[120.313925,23.012193],[120.313028,23.012423],[120.312994,23.012917],[120.310084,23.013191],[120.309575,23.011697],[120.303513,23.011437],[120.302705,23.010315],[120.299324,23.010476],[120.295796,23.013808],[120.295393,23.011212],[120.296021,23.00981],[120.295239,23.007863],[120.296046,23.004483],[120.299558,23.000251],[120.300422,22.995749],[120.29998,22.992906],[120.298668,22.991313],[120.298122,22.987669],[120.297198,22.98635],[120.297526,22.984696],[120.296274,22.982419],[120.296671,22.980944],[120.297731,22.97975],[120.303903,22.979893],[120.305973,22.978837],[120.309947,22.97542],[120.311053,22.973744],[120.310129,22.971364],[120.31024,22.969529],[120.310924,22.96856],[120.315908,22.967816],[120.314745,22.966922],[120.314954,22.965856],[120.313801,22.962474],[120.311455,22.960831],[120.315415,22.958482],[120.317322,22.956447],[120.323127,22.948236],[120.325549,22.945734],[120.326644,22.943095],[120.326107,22.938535],[120.326771,22.937778],[120.326658,22.935225],[120.325454,22.934512],[120.325736,22.933747],[120.324788,22.933095],[120.324685,22.931771],[120.3234,22.931258],[120.322935,22.930519],[120.323064,22.928736],[120.323713,22.928831],[120.323952,22.928325],[120.323328,22.927996],[120.322977,22.925413],[120.3212,22.92257],[120.320903,22.921049],[120.32164,22.919321],[120.321134,22.915196],[120.322179,22.913457],[120.321403,22.911762],[120.323192,22.910099],[120.324654,22.909946],[120.327038,22.907666],[120.326754,22.905662],[120.325765,22.905241],[120.323925,22.906099],[120.322265,22.905025],[120.322318,22.902766],[120.322903,22.901454],[120.321643,22.8995],[120.320294,22.901879],[120.319061,22.902473],[120.316485,22.898444],[120.318778,22.8955],[120.320076,22.894995],[120.32412,22.900326],[120.32488,22.90046],[120.32704,22.898459],[120.330461,22.891193],[120.332265,22.889324],[120.345137,22.889437],[120.349089,22.890573],[120.350519,22.889706],[120.351097,22.888224],[120.351978,22.887502],[120.351731,22.889097],[120.355167,22.890429],[120.354855,22.890924],[120.353279,22.891147],[120.353287,22.892381],[120.355434,22.891948],[120.354497,22.892685],[120.3554,22.893935],[120.356196,22.892821],[120.356895,22.892921],[120.357975,22.895856],[120.361083,22.897805],[120.361614,22.90051],[120.360481,22.899657],[120.359672,22.899784],[120.359227,22.900227],[120.359468,22.90142],[120.360794,22.901483],[120.361504,22.902051],[120.361374,22.901354],[120.361903,22.90091],[120.362465,22.901996],[120.363359,22.902304],[120.364152,22.901774],[120.365986,22.902233],[120.365511,22.903918],[120.366292,22.905067],[120.367322,22.905178],[120.368148,22.903902],[120.36899,22.90572],[120.370718,22.907097],[120.371423,22.90702],[120.371615,22.906462],[120.372488,22.906636],[120.372357,22.907912],[120.373138,22.909326],[120.371711,22.910822],[120.371203,22.910217],[120.370234,22.910176],[120.369278,22.90862],[120.368964,22.907878],[120.369496,22.907077],[120.369009,22.906099],[120.367643,22.905741],[120.367376,22.906845],[120.365804,22.9077],[120.364445,22.906284],[120.363039,22.906228],[120.362018,22.90545],[120.359259,22.90568],[120.357781,22.909387],[120.355409,22.912362],[120.355668,22.913987],[120.355098,22.915107],[120.352308,22.916931],[120.352881,22.918721],[120.352465,22.919934],[120.352711,22.921785],[120.355168,22.923846],[120.354649,22.926144],[120.352666,22.926872],[120.350297,22.929403],[120.350199,22.931448],[120.34929,22.932715],[120.349081,22.936178],[120.347863,22.936753],[120.348272,22.937822],[120.349665,22.937577],[120.350799,22.938143],[120.350149,22.93878],[120.350161,22.941994],[120.349346,22.942185],[120.349019,22.943088],[120.349405,22.944322],[120.348683,22.946155],[120.348799,22.948176],[120.347175,22.953241],[120.347384,22.954454],[120.348577,22.955004],[120.349815,22.956794],[120.351452,22.957483],[120.351705,22.958911],[120.35313,22.959928],[120.351484,22.963378],[120.354826,22.96465],[120.357852,22.967345],[120.359655,22.966633],[120.35996,22.964894],[120.361327,22.965413],[120.363543,22.965263],[120.3658,22.962583],[120.368521,22.961393],[120.369678,22.960253],[120.372066,22.962737],[120.370091,22.962387],[120.370587,22.963518],[120.369447,22.964268],[120.370385,22.965607],[120.369353,22.966657],[120.370942,22.967008],[120.368831,22.967734],[120.370469,22.96845],[120.370417,22.970839],[120.36987,22.971196],[120.368228,22.970896],[120.368498,22.969776],[120.36748,22.969365],[120.366232,22.970882],[120.36929,22.973316],[120.370081,22.976137],[120.370976,22.977257],[120.369505,22.978753],[120.368231,22.978977],[120.369402,22.979226],[120.369741,22.980591],[120.373289,22.983167],[120.372499,22.983945],[120.369448,22.98403],[120.367551,22.984911],[120.366283,22.983736],[120.365857,22.982421],[120.364218,22.981075],[120.362196,22.980673],[120.362127,22.981631],[120.361209,22.98246],[120.362305,22.983351],[120.362757,22.984672],[120.362579,22.986975],[120.361376,22.988223],[120.357237,22.989155],[120.356245,22.991293],[120.357112,22.993655],[120.355516,22.994806],[120.355484,22.995468],[120.353011,22.996979],[120.353615,22.999767],[120.353014,23.000283]]]},"properties":{"code":"67000290","name":"關廟區","countyCode":"67000","countyName":"臺南市","townCode":"67000290","townName":"關廟區","level":"town","unassigned":false,"note":"","label":[120.33365211293486,22.96570906245315],"bounds":[120.295239,22.887502,120.373289,23.013808],"focusBounds":[120.295239,22.887502,120.373289,23.013808],"color":"#df9f6a","childCount":15}},{"type":"Feature","id":"67000300","geometry":{"type":"Polygon","coordinates":[[[120.392717,23.007638],[120.391274,23.004946],[120.390502,23.004725],[120.389836,23.005323],[120.389458,23.00775],[120.387431,23.007772],[120.386356,23.008633],[120.384147,23.008305],[120.382581,23.006428],[120.3826,23.004719],[120.379394,23.005186],[120.37797,23.004533],[120.376537,23.005886],[120.375313,23.005555],[120.374385,23.004473],[120.371546,23.004731],[120.36785,23.003619],[120.366166,23.002955],[120.364991,23.001647],[120.360754,23.004794],[120.357469,23.004126],[120.354613,23.001485],[120.353391,23.001302],[120.353014,23.000283],[120.353615,22.999767],[120.353011,22.996979],[120.355484,22.995468],[120.355516,22.994806],[120.357112,22.993655],[120.356245,22.991293],[120.357237,22.989155],[120.361376,22.988223],[120.362579,22.986975],[120.362757,22.984672],[120.362305,22.983351],[120.361209,22.98246],[120.362127,22.981631],[120.362196,22.980673],[120.364218,22.981075],[120.365857,22.982421],[120.366283,22.983736],[120.367551,22.984911],[120.369448,22.98403],[120.372499,22.983945],[120.373289,22.983167],[120.369741,22.980591],[120.369402,22.979226],[120.368231,22.978977],[120.369505,22.978753],[120.370976,22.977257],[120.370081,22.976137],[120.36929,22.973316],[120.366232,22.970882],[120.36748,22.969365],[120.368498,22.969776],[120.368228,22.970896],[120.36987,22.971196],[120.370417,22.970839],[120.370469,22.96845],[120.368831,22.967734],[120.370942,22.967008],[120.369353,22.966657],[120.370385,22.965607],[120.369447,22.964268],[120.370587,22.963518],[120.370091,22.962387],[120.372066,22.962737],[120.369678,22.960253],[120.368521,22.961393],[120.3658,22.962583],[120.363543,22.965263],[120.361327,22.965413],[120.35996,22.964894],[120.359655,22.966633],[120.357852,22.967345],[120.354826,22.96465],[120.351484,22.963378],[120.35313,22.959928],[120.351705,22.958911],[120.351452,22.957483],[120.349815,22.956794],[120.348577,22.955004],[120.347384,22.954454],[120.347175,22.953241],[120.348799,22.948176],[120.348683,22.946155],[120.349405,22.944322],[120.349019,22.943088],[120.349346,22.942185],[120.350161,22.941994],[120.350149,22.93878],[120.350799,22.938143],[120.349665,22.937577],[120.348272,22.937822],[120.347863,22.936753],[120.349081,22.936178],[120.34929,22.932715],[120.350199,22.931448],[120.350297,22.929403],[120.352666,22.926872],[120.354649,22.926144],[120.355168,22.923846],[120.352711,22.921785],[120.352465,22.919934],[120.352881,22.918721],[120.352308,22.916931],[120.355098,22.915107],[120.355668,22.913987],[120.355409,22.912362],[120.357781,22.909387],[120.359259,22.90568],[120.362018,22.90545],[120.363039,22.906228],[120.364445,22.906284],[120.365804,22.9077],[120.367376,22.906845],[120.367643,22.905741],[120.369009,22.906099],[120.369496,22.907077],[120.368964,22.907878],[120.369278,22.90862],[120.370234,22.910176],[120.371203,22.910217],[120.371711,22.910822],[120.371214,22.912343],[120.371739,22.91277],[120.373169,22.912439],[120.374011,22.914254],[120.376513,22.914348],[120.376405,22.915981],[120.37722,22.916835],[120.377289,22.917981],[120.380169,22.918455],[120.38055,22.920189],[120.381815,22.919905],[120.381548,22.92111],[120.383156,22.919956],[120.383952,22.920128],[120.384259,22.919246],[120.386802,22.91826],[120.388641,22.920641],[120.389243,22.920319],[120.390813,22.921732],[120.395906,22.92274],[120.399185,22.922161],[120.399855,22.921449],[120.400439,22.919032],[120.401106,22.91852],[120.405333,22.918158],[120.406317,22.914648],[120.408681,22.912338],[120.410154,22.914088],[120.415421,22.915693],[120.417188,22.917287],[120.418062,22.92071],[120.419952,22.922994],[120.419934,22.924142],[120.422015,22.92741],[120.421921,22.929169],[120.422761,22.930956],[120.424886,22.933168],[120.424526,22.933657],[120.425746,22.93596],[120.425448,22.937624],[120.425908,22.939042],[120.428521,22.940616],[120.428524,22.942541],[120.432524,22.951971],[120.432994,22.956085],[120.435288,22.959448],[120.433079,22.959521],[120.431308,22.962898],[120.4293,22.965222],[120.426508,22.966216],[120.425473,22.967492],[120.422531,22.967542],[120.420881,22.968617],[120.417772,22.967961],[120.41585,22.96876],[120.411141,22.969139],[120.411005,22.971438],[120.408996,22.972075],[120.408001,22.971802],[120.406872,22.972508],[120.405407,22.972017],[120.405148,22.973692],[120.406073,22.977518],[120.406164,22.983216],[120.407969,22.989525],[120.405844,22.990435],[120.403418,22.99267],[120.402629,22.996105],[120.400019,22.996126],[120.397786,22.997286],[120.398274,22.998234],[120.397965,22.99923],[120.394862,23.004647],[120.394077,23.007584],[120.392717,23.007638]]]},"properties":{"code":"67000300","name":"龍崎區","countyCode":"67000","countyName":"臺南市","townCode":"67000300","townName":"龍崎區","level":"town","unassigned":false,"note":"","label":[120.39216523750969,22.949198567728004],"bounds":[120.347175,22.90545,120.435288,23.008633],"focusBounds":[120.347175,22.90545,120.435288,23.008633],"color":"#c38cb8","childCount":8}},{"type":"Feature","id":"67000310","geometry":{"type":"Polygon","coordinates":[[[120.277889,23.056412],[120.277748,23.058987],[120.277,23.059667],[120.270499,23.059385],[120.268207,23.060871],[120.265649,23.06101],[120.264092,23.061951],[120.260638,23.061369],[120.259734,23.059578],[120.258984,23.05999],[120.258641,23.059507],[120.257106,23.059709],[120.255192,23.061692],[120.253253,23.061193],[120.252604,23.06145],[120.251784,23.065858],[120.252157,23.066636],[120.249184,23.066763],[120.248049,23.067644],[120.247382,23.067151],[120.246926,23.065601],[120.244927,23.057646],[120.243312,23.056112],[120.24125,23.052135],[120.237715,23.049565],[120.236148,23.049048],[120.234622,23.049176],[120.228856,23.045585],[120.225322,23.042069],[120.219756,23.028961],[120.214945,23.024757],[120.209454,23.022946],[120.212703,23.020894],[120.214732,23.018694],[120.215452,23.019565],[120.216541,23.018849],[120.217592,23.020322],[120.217488,23.018338],[120.219142,23.018144],[120.221957,23.019361],[120.222529,23.019069],[120.222871,23.016535],[120.224081,23.016348],[120.224478,23.015768],[120.224346,23.014686],[120.225175,23.013736],[120.224902,23.012653],[120.226262,23.012503],[120.225599,23.011567],[120.22774,23.011387],[120.229043,23.010707],[120.230022,23.008373],[120.229981,23.004575],[120.228459,23.001889],[120.230626,23.000827],[120.232745,23.000884],[120.233084,22.998499],[120.239982,22.99851],[120.239954,22.993232],[120.242646,22.993332],[120.243686,22.991467],[120.244419,22.991449],[120.245274,22.992387],[120.249202,22.992473],[120.24784,22.990682],[120.250355,22.991168],[120.250841,22.991898],[120.258218,22.994093],[120.260335,22.994116],[120.260434,22.99466],[120.267203,22.996544],[120.26831,22.993446],[120.271138,22.993616],[120.272035,22.994319],[120.273058,22.993463],[120.273445,22.993722],[120.274995,23.011039],[120.281949,23.010521],[120.282513,23.013961],[120.285483,23.012661],[120.287335,23.013492],[120.287941,23.012411],[120.289939,23.013159],[120.291482,23.012759],[120.2925,23.015801],[120.289872,23.01728],[120.286441,23.018047],[120.283956,23.01977],[120.283257,23.021881],[120.283293,23.026844],[120.284132,23.028083],[120.287538,23.029802],[120.288985,23.032723],[120.287658,23.034287],[120.285923,23.035235],[120.284696,23.037033],[120.282429,23.037942],[120.281804,23.040902],[120.283006,23.043459],[120.284524,23.043875],[120.286683,23.046147],[120.286812,23.047526],[120.284589,23.048696],[120.283889,23.050284],[120.281722,23.051504],[120.281387,23.052542],[120.278142,23.055378],[120.277889,23.056412]]]},"properties":{"code":"67000310","name":"永康區","countyCode":"67000","countyName":"臺南市","townCode":"67000310","townName":"永康區","level":"town","unassigned":false,"note":"","label":[120.25364832496888,23.027140220580947],"bounds":[120.209454,22.990682,120.2925,23.067644],"focusBounds":[120.209454,22.990682,120.2925,23.067644],"color":"#c38cb8","childCount":43}},{"type":"Feature","id":"67000320","geometry":{"type":"Polygon","coordinates":[[[120.233084,22.998499],[120.225852,23.000377],[120.213098,23.001626],[120.212282,22.997473],[120.211142,22.983349],[120.21201,22.981255],[120.213619,22.97786],[120.217009,22.960583],[120.220191,22.960698],[120.22158,22.962033],[120.226669,22.961204],[120.227418,22.959445],[120.237812,22.9611],[120.237161,22.963649],[120.237557,22.963778],[120.238182,22.967531],[120.237872,22.974294],[120.238949,22.980109],[120.240855,22.97928],[120.242219,22.979484],[120.243228,22.978526],[120.243295,22.977419],[120.246495,22.975896],[120.247788,22.975864],[120.249066,22.977164],[120.249451,22.987621],[120.247582,22.989733],[120.24784,22.990682],[120.249202,22.992473],[120.245274,22.992387],[120.244419,22.991449],[120.243686,22.991467],[120.242646,22.993332],[120.239954,22.993232],[120.239982,22.99851],[120.233084,22.998499]]]},"properties":{"code":"67000320","name":"東區","countyCode":"67000","countyName":"臺南市","townCode":"67000320","townName":"東區","level":"town","unassigned":false,"note":"","label":[120.2259138188158,22.98412740392274],"bounds":[120.211142,22.959445,120.249451,23.001626],"focusBounds":[120.211142,22.959445,120.249451,23.001626],"color":"#98b69b","childCount":45}},{"type":"Feature","id":"67000330","geometry":{"type":"Polygon","coordinates":[[[120.21201,22.981255],[120.197642,22.981487],[120.197573,22.987468],[120.189503,22.988708],[120.186554,22.98631],[120.183341,22.983503],[120.167862,22.974073],[120.155398,22.965477],[120.155362,22.964738],[120.159672,22.96355],[120.162815,22.964985],[120.164572,22.961709],[120.169433,22.955695],[120.172009,22.949695],[120.173711,22.943264],[120.175176,22.932981],[120.174915,22.926795],[120.172998,22.919285],[120.174049,22.914416],[120.17685,22.912639],[120.175078,22.912245],[120.174749,22.911704],[120.17675,22.912338],[120.181451,22.916361],[120.187745,22.920235],[120.189179,22.92069],[120.191011,22.920455],[120.192056,22.921194],[120.19354,22.922834],[120.194119,22.924414],[120.194103,22.928099],[120.195242,22.929125],[120.198062,22.92955],[120.20237,22.937289],[120.2023,22.938281],[120.198901,22.937758],[120.198487,22.938569],[120.201218,22.944852],[120.21662,22.945172],[120.216566,22.960516],[120.217009,22.960583],[120.213619,22.97786],[120.21201,22.981255]]]},"properties":{"code":"67000330","name":"南區","countyCode":"67000","countyName":"臺南市","townCode":"67000330","townName":"南區","level":"town","unassigned":false,"note":"","label":[120.18942282458202,22.961656054226182],"bounds":[120.155362,22.911704,120.217009,22.988708],"focusBounds":[120.155362,22.911704,120.217009,22.988708],"color":"#58b99d","childCount":37}},{"type":"Feature","id":"67000340","geometry":{"type":"Polygon","coordinates":[[[120.233084,22.998499],[120.232745,23.000884],[120.230626,23.000827],[120.228459,23.001889],[120.229981,23.004575],[120.230022,23.008373],[120.229043,23.010707],[120.22774,23.011387],[120.225599,23.011567],[120.226262,23.012503],[120.224902,23.012653],[120.225175,23.013736],[120.224346,23.014686],[120.224478,23.015768],[120.224081,23.016348],[120.222871,23.016535],[120.222529,23.019069],[120.221957,23.019361],[120.219142,23.018144],[120.217488,23.018338],[120.217592,23.020322],[120.216541,23.018849],[120.215452,23.019565],[120.214732,23.018694],[120.212703,23.020894],[120.209454,23.022946],[120.202944,23.022824],[120.192806,23.019772],[120.187005,23.016546],[120.18257,23.012718],[120.17729,23.009303],[120.173176,23.007539],[120.174124,23.006056],[120.182375,23.005252],[120.187863,23.007499],[120.192322,23.005327],[120.193548,23.005203],[120.193656,23.003592],[120.195548,23.001662],[120.205187,22.99831],[120.210935,22.997296],[120.212282,22.997473],[120.213098,23.001626],[120.225852,23.000377],[120.233084,22.998499]]]},"properties":{"code":"67000340","name":"北區","countyCode":"67000","countyName":"臺南市","townCode":"67000340","townName":"北區","level":"town","unassigned":false,"note":"","label":[120.20550249469498,23.010563293707953],"bounds":[120.173176,22.997296,120.233084,23.022946],"focusBounds":[120.173176,22.997296,120.233084,23.022946],"color":"#efb44f","childCount":33}},{"type":"Feature","id":"67000350","geometry":{"type":"Polygon","coordinates":[[[120.172705,23.083554],[120.170998,23.082249],[120.164046,23.084571],[120.162697,23.090423],[120.157686,23.089203],[120.151985,23.091433],[120.12631,23.088626],[120.110997,23.087914],[120.102253,23.0854],[120.098181,23.082923],[120.091875,23.076566],[120.090579,23.073177],[120.075527,23.060349],[120.071108,23.055041],[120.069884,23.052476],[120.064165,23.046543],[120.062669,23.044015],[120.065175,23.043253],[120.065094,23.042785],[120.067706,23.040969],[120.073019,23.039446],[120.078394,23.037062],[120.094141,23.028821],[120.111123,23.01818],[120.134745,22.999432],[120.137286,22.997954],[120.137571,22.99692],[120.138195,22.996831],[120.139097,22.997712],[120.139442,22.997412],[120.141727,22.999479],[120.155135,23.005068],[120.157343,23.005789],[120.159459,23.005652],[120.16167,23.0057],[120.163233,23.00474],[120.166355,23.004757],[120.173176,23.007539],[120.17729,23.009303],[120.18257,23.012718],[120.187005,23.016546],[120.192806,23.019772],[120.202944,23.022824],[120.209454,23.022946],[120.214945,23.024757],[120.219756,23.028961],[120.225322,23.042069],[120.228856,23.045585],[120.234622,23.049176],[120.236148,23.049048],[120.237715,23.049565],[120.24125,23.052135],[120.243312,23.056112],[120.244927,23.057646],[120.246926,23.065601],[120.243637,23.066368],[120.241519,23.066141],[120.241092,23.066551],[120.240644,23.066981],[120.237839,23.066963],[120.234177,23.070022],[120.23154,23.070831],[120.22966,23.070852],[120.227599,23.072196],[120.224465,23.072717],[120.223074,23.075831],[120.221063,23.075413],[120.220521,23.073893],[120.216725,23.074292],[120.214159,23.073532],[120.2137,23.073163],[120.213842,23.070258],[120.213235,23.069688],[120.211706,23.069892],[120.20912,23.068517],[120.207614,23.068915],[120.206717,23.068557],[120.205606,23.070062],[120.202101,23.067733],[120.19963,23.071887],[120.207351,23.07818],[120.207167,23.078546],[120.202685,23.078345],[120.202473,23.077884],[120.1874,23.083126],[120.181665,23.077587],[120.181208,23.078368],[120.179664,23.077864],[120.17641,23.078327],[120.176235,23.081215],[120.175008,23.081097],[120.173892,23.082785],[120.172705,23.083554]]]},"properties":{"code":"67000350","name":"安南區","countyCode":"67000","countyName":"臺南市","townCode":"67000350","townName":"安南區","level":"town","unassigned":false,"note":"","label":[120.14517729197998,23.045802872790983],"bounds":[120.062669,22.996831,120.246926,23.091433],"focusBounds":[120.062669,22.996831,120.246926,23.091433],"color":"#78a7e3","childCount":51}},{"type":"Feature","id":"67000360","geometry":{"type":"Polygon","coordinates":[[[120.159459,23.005652],[120.157343,23.005789],[120.155135,23.005068],[120.141727,22.999479],[120.139442,22.997412],[120.141093,22.995966],[120.140346,22.993341],[120.147491,22.987783],[120.150013,22.984202],[120.153241,22.981367],[120.158678,22.974883],[120.159787,22.971223],[120.155445,22.967506],[120.155398,22.965477],[120.167862,22.974073],[120.183341,22.983503],[120.186554,22.98631],[120.187042,22.990309],[120.186313,22.995006],[120.186747,22.998923],[120.174886,22.999312],[120.163057,23.003456],[120.159459,23.005652]]]},"properties":{"code":"67000360","name":"安平區","countyCode":"67000","countyName":"臺南市","townCode":"67000360","townName":"安平區","level":"town","unassigned":false,"note":"","label":[120.16384249459091,22.98940432553443],"bounds":[120.139442,22.965477,120.187042,23.005789],"focusBounds":[120.139442,22.965477,120.187042,23.005789],"color":"#dd8590","childCount":13}},{"type":"Feature","id":"67000370","geometry":{"type":"Polygon","coordinates":[[[120.212282,22.997473],[120.210935,22.997296],[120.205187,22.99831],[120.195548,23.001662],[120.193656,23.003592],[120.193548,23.005203],[120.192322,23.005327],[120.187863,23.007499],[120.182375,23.005252],[120.174124,23.006056],[120.173176,23.007539],[120.166355,23.004757],[120.163233,23.00474],[120.16167,23.0057],[120.159459,23.005652],[120.163057,23.003456],[120.174886,22.999312],[120.186747,22.998923],[120.186313,22.995006],[120.187042,22.990309],[120.186554,22.98631],[120.189503,22.988708],[120.197573,22.987468],[120.197642,22.981487],[120.21201,22.981255],[120.211142,22.983349],[120.212282,22.997473]]]},"properties":{"code":"67000370","name":"中西區","countyCode":"67000","countyName":"臺南市","townCode":"67000370","townName":"中西區","level":"town","unassigned":false,"note":"","label":[120.19538036598695,22.994818724978764],"bounds":[120.159459,22.981255,120.212282,23.007539],"focusBounds":[120.159459,22.981255,120.212282,23.007539],"color":"#a49ad4","childCount":20}}]}
